<?xml version="1.0" encoding="UTF-8"?>
<gpx creator="Wikiloc - https://www.wikiloc.com" version="1.1" schemaLocation="http://www.topografix.com/GPX/1/1 http://www.topografix.com/GPX/1/1/gpx.xsd" xmlns="http://www.topografix.com/GPX/1/1" xmlns:xsi="http://www.w3.org/2001/XMLSchema-instance" xsi:schemaLocation="http://www.topografix.com/GPX/1/1 http://www.topografix.com/GPX/1/1/gpx.xsd http://www.garmin.com/xmlschemas/GpxExtensions/v3 http://www.garmin.com/xmlschemas/GpxExtensionsv3.xsd http://www.garmin.com/xmlschemas/TrackPointExtension/v1 http://www.garmin.com/xmlschemas/TrackPointExtensionv1.xsd http://www.garmin.com/xmlschemas/PowerExtension/v1 http://www.garmin.com/xmlschemas/PowerExtensionv1.xsd http://www.topografix.com/GPX/gpx_style/0/2 http://www.topografix.com/GPX/gpx_style/0/2/gpx_style.xsd" xmlns:gpxtpx="http://www.garmin.com/xmlschemas/TrackPointExtension/v1" xmlns:gpxx="http://www.garmin.com/xmlschemas/GpxExtensions/v3" xmlns:gpxpx="http://www.garmin.com/xmlschemas/PowerExtension/v1" xmlns:gpx_style="http://www.topografix.com/GPX/gpx_style/0/2">
  <metadata>
    <name>Wikiloc - R2 - Camino Fisterra - Muxía</name>
    <author>
      <name>gpx.studio</name>
      <link href="https://gpx.studio"/>
    </author>
    <link href="https://www.wikiloc.com/hiking-trails/ruta-2-carballeira-de-san-lourenzo-ponte-sarela-monte-vidan-puente-rio-roxos-alto-do-vento-215562703">
      <text>R2 - Camino Fisterra - Muxía on Wikiloc</text>
    </link>
    <time>2025-05-28T09:20:02.081Z</time>
  </metadata>
  <wpt lat="42.87844344058422" lon="-8.556105789284175">
    <ele>232.75513862047504</ele>
    <time>2025-05-28T06:33:25.041Z</time>
    <name>Fuente de la Carballeira de San Lourenzo</name>
    <cmt>Fuente y bancos en la Carballeira de San Lourenzo.</cmt>
    <desc>Fuente y bancos en la Carballeira de San Lourenzo.</desc>
    <sym>Water Source</sym>
  </wpt>
  <wpt lat="42.879054" lon="-8.560459">
    <ele>193.3131504870051</ele>
    <time>2025-05-28T06:39:06.041Z</time>
    <name>Ponte Sarela</name>
    <cmt>Puente sobre el río Sarela</cmt>
    <desc>Puente sobre el río Sarela</desc>
    <sym>Bridge</sym>
  </wpt>
  <wpt lat="42.879038" lon="-8.561045">
    <ele>190.67553557531255</ele>
    <time>2025-05-28T06:40:34.043Z</time>
    <name>Antigua curtidoría de Ponte Sarela</name>
    <cmt>Ruinas de antigua fábrica.</cmt>
    <desc>Ruinas de antigua fábrica.</desc>
    <sym>Building</sym>
  </wpt>
  <wpt lat="42.87916878445799" lon="-8.563097696959119">
    <ele>193.68324783892444</ele>
    <time>2025-05-28T06:44:24.044Z</time>
    <name>Puente</name>
  </wpt>
  <wpt lat="42.877816" lon="-8.567422">
    <ele>225.16475603089253</ele>
    <time>2025-05-28T06:54:56.047Z</time>
    <name>Panorámica</name>
    <cmt>Excelente vista panorámica.</cmt>
    <desc>Excelente vista panorámica.</desc>
    <sym>Scenic Area</sym>
  </wpt>
  <wpt lat="42.87741115068246" lon="-8.567735953530018">
    <ele>226.83588433594952</ele>
    <time>2025-05-28T06:56:19.047Z</time>
    <name>Waypoint</name>
  </wpt>
  <wpt lat="42.877252" lon="-8.568789">
    <ele>230.14460489364933</ele>
    <time>2025-05-28T06:58:08.046Z</time>
    <name>Flora</name>
  </wpt>
  <wpt lat="42.879392" lon="-8.579634">
    <ele>152.04235650901794</ele>
    <time>2025-05-28T07:20:57.054Z</time>
    <name>Rego de Fontecova</name>
    <cmt>Paso por encima del Rego de Fontecova.</cmt>
    <desc>Paso por encima del Rego de Fontecova.</desc>
    <sym>Bridge</sym>
  </wpt>
  <wpt lat="42.880699" lon="-8.594228">
    <ele>180.06151266119082</ele>
    <time>2025-05-28T07:51:33.063Z</time>
    <name>Panorámica</name>
    <cmt>Excelente panorámica.</cmt>
    <desc>Excelente panorámica.</desc>
    <sym>Binoculars</sym>
  </wpt>
  <wpt lat="42.882223" lon="-8.606479">
    <ele>170.99759097192504</ele>
    <time>2025-05-28T08:11:58.068Z</time>
    <name>Panorámica</name>
    <cmt>Excelente panorámica.</cmt>
    <desc>Excelente panorámica.</desc>
    <sym>Binoculars</sym>
  </wpt>
  <wpt lat="42.881639" lon="-8.611765">
    <ele>146.21012716703174</ele>
    <time>2025-05-28T08:59:58.078Z</time>
    <name>A Ponte Brea</name>
    <cmt>Puente medieval sobre el río Roxos. También conocida como Ponte Brea.</cmt>
    <desc>Puente medieval sobre el río Roxos. También conocida como Ponte Brea.</desc>
    <sym>Bridge</sym>
  </wpt>
  <wpt lat="42.881111504170434" lon="-8.624055682639153">
    <ele>172.61837690008042</ele>
    <time>2025-05-28T09:20:21.081Z</time>
    <name>Alto do Vento</name>
    <cmt>Fin de la ruta. Límite del ayuntamiento de Santiago de Compostela.</cmt>
    <desc>Fin de la ruta. Límite del ayuntamiento de Santiago de Compostela.</desc>
    <sym>Information</sym>
  </wpt>
  <wpt lat="42.87784" lon="-8.557667">
    <ele>228.64052782282252</ele>
    <name>Pazo de San Lourenzo de Trasouto</name>
    <cmt>Antiguo monasterio franciscano, ahora reconvertido en pazo.</cmt>
    <desc>Antiguo monasterio franciscano, ahora reconvertido en pazo.</desc>
    <sym>Building</sym>
  </wpt>
  <wpt lat="42.877975" lon="-8.5569">
    <ele>230.94522392735834</ele>
    <name>Cruceiro de la Carballeira de San Lourenzo</name>
    <cmt>O cruceiro vai sobre plataforma cuadrangular de dous chanzos e unha base circular. O fuste é cadrado, no comezo e no remate, e octogonal no resto, por rebaixe de arestas. Cruz con brazos cuadrangulares coas imaxes de Cristo crucificado e no reverso a Virxe da Piedade. Cristo inclina a cabeza á dereita e ten pano de pureza anoado á dereita. Está ao lado leste do muro do pazo de San Lourenzo de Trasouto.</cmt>
    <desc>O cruceiro vai sobre plataforma cuadrangular de dous chanzos e unha base circular. O fuste é cadrado, no comezo e no remate, e octogonal no resto, por rebaixe de arestas. Cruz con brazos cuadrangulares coas imaxes de Cristo crucificado e no reverso a Virxe da Piedade. Cristo inclina a cabeza á dereita e ten pano de pureza anoado á dereita. Está ao lado leste do muro do pazo de San Lourenzo de Trasouto.</desc>
    <sym>Scenic Area</sym>
  </wpt>
  <wpt lat="42.878574" lon="-8.556524">
    <ele>230.16539323050634</ele>
    <name>Carballeira de San Lourenzo</name>
    <cmt>Siendo el roble el árbol más típico de Galicia -vinculado en muchos casos a la tradición mítica y legendaria-, las &apos;carballeiras&apos;, nombre con el que se conoce en Galicia a las áreas de robledal, han sido siempre espacios de reunión, romería, fiesta y celebración; espacios cuasi-sagrados, umbríos, mágicos... Escondidos entre los árboles hay una fuente y dos &apos;cruceiros&apos;, cruces de piedra de gran tamaño que marcaban los caminos y que son seña de identidad de Galicia.</cmt>
    <desc>Siendo el roble el árbol más típico de Galicia -vinculado en muchos casos a la tradición mítica y legendaria-, las &apos;carballeiras&apos;, nombre con el que se conoce en Galicia a las áreas de robledal, han sido siempre espacios de reunión, romería, fiesta y celebración; espacios cuasi-sagrados, umbríos, mágicos... Escondidos entre los árboles hay una fuente y dos &apos;cruceiros&apos;, cruces de piedra de gran tamaño que marcaban los caminos y que son seña de identidad de Galicia.</desc>
    <sym>Picnic Area</sym>
  </wpt>
  <trk>
    <name>R2 - Camino Fisterra - Muxía</name>
    <cmt>Ruta de Carballeira de San Lourenzo a Alto do Vento pasando por: 
- Ponte Sarela (0.4 km) 
- Monte Vidán (1.2 km) 
- Puente Rio Roxos (6.7 km) 
- Petróglifo do Rexío (7.0 km)</cmt>
    <desc>Ruta de Carballeira de San Lourenzo a Alto do Vento pasando por: 
- Ponte Sarela (0.4 km) 
- Monte Vidán (1.2 km) 
- Puente Rio Roxos (6.7 km) 
- Petróglifo do Rexío (7.0 km)</desc>
    <trkseg>
      <trkpt lat="42.87835" lon="-8.556007">
        <ele>233.4681901878681</ele>
        <time>2025-05-28T06:32:13.820Z</time>
        <extensions>
          <gpxtpx:TrackPointExtension>
            <gpxtpx:Extensions>
              <highway>footway</highway>
              <surface>paving_stones</surface>
            </gpxtpx:Extensions>
          </gpxtpx:TrackPointExtension>
        </extensions>
      </trkpt>
      <trkpt lat="42.878352" lon="-8.556002">
        <ele>233.44382008179133</ele>
        <time>2025-05-28T06:32:14.236Z</time>
        <extensions>
          <gpxtpx:TrackPointExtension>
            <gpxtpx:Extensions>
              <highway>footway</highway>
              <surface>paving_stones</surface>
            </gpxtpx:Extensions>
          </gpxtpx:TrackPointExtension>
        </extensions>
      </trkpt>
      <trkpt lat="42.878506" lon="-8.555662">
        <ele>232.21738101663146</ele>
        <time>2025-05-28T06:32:43.377Z</time>
        <extensions>
          <gpxtpx:TrackPointExtension>
            <gpxtpx:Extensions>
              <highway>footway</highway>
              <surface>paving_stones</surface>
            </gpxtpx:Extensions>
          </gpxtpx:TrackPointExtension>
        </extensions>
      </trkpt>
      <trkpt lat="42.878532" lon="-8.555671">
        <ele>232.1347055914817</ele>
        <time>2025-05-28T06:32:46.046Z</time>
        <extensions>
          <gpxtpx:TrackPointExtension>
            <gpxtpx:Extensions>
              <highway>footway</highway>
              <surface>paving_stones</surface>
            </gpxtpx:Extensions>
          </gpxtpx:TrackPointExtension>
        </extensions>
      </trkpt>
      <trkpt lat="42.878539" lon="-8.555682">
        <ele>232.1124468171973</ele>
        <time>2025-05-28T06:32:47.106Z</time>
        <extensions>
          <gpxtpx:TrackPointExtension>
            <gpxtpx:Extensions>
              <highway>footway</highway>
              <surface>sett</surface>
            </gpxtpx:Extensions>
          </gpxtpx:TrackPointExtension>
        </extensions>
      </trkpt>
      <trkpt lat="42.878614" lon="-8.555881">
        <ele>231.8609396873521</ele>
        <time>2025-05-28T06:33:03.420Z</time>
        <extensions>
          <gpxtpx:TrackPointExtension>
            <gpxtpx:Extensions>
              <highway>path</highway>
              <surface>compacted</surface>
            </gpxtpx:Extensions>
          </gpxtpx:TrackPointExtension>
        </extensions>
      </trkpt>
      <trkpt lat="42.878621" lon="-8.555977">
        <ele>231.82755148150147</ele>
        <time>2025-05-28T06:33:10.453Z</time>
        <extensions>
          <gpxtpx:TrackPointExtension>
            <gpxtpx:Extensions>
              <highway>path</highway>
              <surface>compacted</surface>
            </gpxtpx:Extensions>
          </gpxtpx:TrackPointExtension>
        </extensions>
      </trkpt>
      <trkpt lat="42.87865" lon="-8.556678">
        <ele>228.48654519082083</ele>
        <time>2025-05-28T06:34:01.641Z</time>
        <extensions>
          <gpxtpx:TrackPointExtension>
            <gpxtpx:Extensions>
              <highway>path</highway>
              <surface>compacted</surface>
            </gpxtpx:Extensions>
          </gpxtpx:TrackPointExtension>
        </extensions>
      </trkpt>
      <trkpt lat="42.878666" lon="-8.556769">
        <ele>227.88769512469938</ele>
        <time>2025-05-28T06:34:08.463Z</time>
        <extensions>
          <gpxtpx:TrackPointExtension>
            <gpxtpx:Extensions>
              <highway>path</highway>
              <surface>compacted</surface>
            </gpxtpx:Extensions>
          </gpxtpx:TrackPointExtension>
        </extensions>
      </trkpt>
      <trkpt lat="42.878686" lon="-8.556814">
        <ele>227.55736773519396</ele>
        <time>2025-05-28T06:34:12.299Z</time>
      </trkpt>
      <trkpt lat="42.878679" lon="-8.55682">
        <ele>227.5809138698512</ele>
        <time>2025-05-28T06:34:13.164Z</time>
      </trkpt>
      <trkpt lat="42.878686" lon="-8.556814">
        <ele>227.55736773519396</ele>
        <time>2025-05-28T06:34:14.029Z</time>
        <extensions>
          <gpxtpx:TrackPointExtension>
            <gpxtpx:Extensions>
              <highway>path</highway>
              <surface>compacted</surface>
            </gpxtpx:Extensions>
          </gpxtpx:TrackPointExtension>
        </extensions>
      </trkpt>
      <trkpt lat="42.878803" lon="-8.55707">
        <ele>225.81372169086376</ele>
        <time>2025-05-28T06:34:37.268Z</time>
        <extensions>
          <gpxtpx:TrackPointExtension>
            <gpxtpx:Extensions>
              <highway>path</highway>
              <surface>compacted</surface>
            </gpxtpx:Extensions>
          </gpxtpx:TrackPointExtension>
        </extensions>
      </trkpt>
      <trkpt lat="42.878805" lon="-8.557075">
        <ele>225.7750550636336</ele>
        <time>2025-05-28T06:34:37.707Z</time>
        <extensions>
          <gpxtpx:TrackPointExtension>
            <gpxtpx:Extensions>
              <highway>path</highway>
              <surface>concrete</surface>
            </gpxtpx:Extensions>
          </gpxtpx:TrackPointExtension>
        </extensions>
      </trkpt>
      <trkpt lat="42.879103" lon="-8.557727">
        <ele>218.54996423894116</ele>
        <time>2025-05-28T06:35:36.896Z</time>
        <extensions>
          <gpxtpx:TrackPointExtension>
            <gpxtpx:Extensions>
              <highway>residential</highway>
              <surface>concrete</surface>
            </gpxtpx:Extensions>
          </gpxtpx:TrackPointExtension>
        </extensions>
      </trkpt>
      <trkpt lat="42.87907" lon="-8.55775">
        <ele>218.4113124365457</ele>
        <time>2025-05-28T06:35:40.792Z</time>
        <extensions>
          <gpxtpx:TrackPointExtension>
            <gpxtpx:Extensions>
              <highway>residential</highway>
              <surface>concrete</surface>
            </gpxtpx:Extensions>
          </gpxtpx:TrackPointExtension>
        </extensions>
      </trkpt>
      <trkpt lat="42.879051" lon="-8.557791">
        <ele>218.04181346367142</ele>
        <time>2025-05-28T06:35:44.529Z</time>
        <extensions>
          <gpxtpx:TrackPointExtension>
            <gpxtpx:Extensions>
              <highway>residential</highway>
              <surface>concrete</surface>
            </gpxtpx:Extensions>
          </gpxtpx:TrackPointExtension>
        </extensions>
      </trkpt>
      <trkpt lat="42.879026" lon="-8.557899">
        <ele>216.99683024369892</ele>
        <time>2025-05-28T06:35:53.253Z</time>
        <extensions>
          <gpxtpx:TrackPointExtension>
            <gpxtpx:Extensions>
              <highway>residential</highway>
              <surface>concrete</surface>
            </gpxtpx:Extensions>
          </gpxtpx:TrackPointExtension>
        </extensions>
      </trkpt>
      <trkpt lat="42.87899" lon="-8.557981">
        <ele>216.30638965440855</ele>
        <time>2025-05-28T06:36:00.615Z</time>
        <extensions>
          <gpxtpx:TrackPointExtension>
            <gpxtpx:Extensions>
              <highway>residential</highway>
              <surface>concrete</surface>
            </gpxtpx:Extensions>
          </gpxtpx:TrackPointExtension>
        </extensions>
      </trkpt>
      <trkpt lat="42.878866" lon="-8.558194">
        <ele>215.4168332216381</ele>
        <time>2025-05-28T06:36:21.568Z</time>
        <extensions>
          <gpxtpx:TrackPointExtension>
            <gpxtpx:Extensions>
              <highway>residential</highway>
              <surface>concrete</surface>
            </gpxtpx:Extensions>
          </gpxtpx:TrackPointExtension>
        </extensions>
      </trkpt>
      <trkpt lat="42.878854" lon="-8.558248">
        <ele>215.1417064475908</ele>
        <time>2025-05-28T06:36:25.913Z</time>
      </trkpt>
      <trkpt lat="42.878854" lon="-8.558247">
        <ele>215.14863404343595</ele>
        <time>2025-05-28T06:36:26.002Z</time>
        <extensions>
          <gpxtpx:TrackPointExtension>
            <gpxtpx:Extensions>
              <highway>residential</highway>
              <surface>concrete</surface>
            </gpxtpx:Extensions>
          </gpxtpx:TrackPointExtension>
        </extensions>
      </trkpt>
      <trkpt lat="42.878852" lon="-8.558257">
        <ele>215.09818599712997</ele>
        <time>2025-05-28T06:36:26.098Z</time>
        <extensions>
          <gpxtpx:TrackPointExtension>
            <gpxtpx:Extensions>
              <highway>residential</highway>
              <surface>concrete</surface>
            </gpxtpx:Extensions>
          </gpxtpx:TrackPointExtension>
        </extensions>
      </trkpt>
      <trkpt lat="42.878851" lon="-8.558315">
        <ele>214.76869971226475</ele>
        <time>2025-05-28T06:36:30.556Z</time>
        <extensions>
          <gpxtpx:TrackPointExtension>
            <gpxtpx:Extensions>
              <highway>residential</highway>
              <surface>concrete</surface>
            </gpxtpx:Extensions>
          </gpxtpx:TrackPointExtension>
        </extensions>
      </trkpt>
      <trkpt lat="42.879037" lon="-8.558828">
        <ele>208.2518618884298</ele>
        <time>2025-05-28T06:37:14.538Z</time>
      </trkpt>
      <trkpt lat="42.879037" lon="-8.558828">
        <ele>208.2518618884298</ele>
        <time>2025-05-28T06:37:14.538Z</time>
        <extensions>
          <gpxtpx:TrackPointExtension>
            <gpxtpx:Extensions>
              <highway>residential</highway>
              <surface>concrete</surface>
            </gpxtpx:Extensions>
          </gpxtpx:TrackPointExtension>
        </extensions>
      </trkpt>
      <trkpt lat="42.879059" lon="-8.558885">
        <ele>207.3617410858941</ele>
        <time>2025-05-28T06:37:23.628Z</time>
        <extensions>
          <gpxtpx:TrackPointExtension>
            <gpxtpx:Extensions>
              <highway>residential</highway>
              <surface>concrete</surface>
            </gpxtpx:Extensions>
          </gpxtpx:TrackPointExtension>
        </extensions>
      </trkpt>
      <trkpt lat="42.879045" lon="-8.559094">
        <ele>205.45424622653948</ele>
        <time>2025-05-28T06:37:41.321Z</time>
        <extensions>
          <gpxtpx:TrackPointExtension>
            <gpxtpx:Extensions>
              <highway>residential</highway>
              <surface>concrete</surface>
            </gpxtpx:Extensions>
          </gpxtpx:TrackPointExtension>
        </extensions>
      </trkpt>
      <trkpt lat="42.878913" lon="-8.559922">
        <ele>202.61003507594924</ele>
        <time>2025-05-28T06:38:52.760Z</time>
        <extensions>
          <gpxtpx:TrackPointExtension>
            <gpxtpx:Extensions>
              <highway>residential</highway>
              <surface>concrete</surface>
            </gpxtpx:Extensions>
          </gpxtpx:TrackPointExtension>
        </extensions>
      </trkpt>
      <trkpt lat="42.878903" lon="-8.560058">
        <ele>201.54870488889128</ele>
        <time>2025-05-28T06:39:04.283Z</time>
        <extensions>
          <gpxtpx:TrackPointExtension>
            <gpxtpx:Extensions>
              <highway>residential</highway>
              <surface>concrete</surface>
            </gpxtpx:Extensions>
          </gpxtpx:TrackPointExtension>
        </extensions>
      </trkpt>
      <trkpt lat="42.878907" lon="-8.560173">
        <ele>200.11247644513685</ele>
        <time>2025-05-28T06:39:13.990Z</time>
        <extensions>
          <gpxtpx:TrackPointExtension>
            <gpxtpx:Extensions>
              <highway>residential</highway>
              <surface>concrete</surface>
            </gpxtpx:Extensions>
          </gpxtpx:TrackPointExtension>
        </extensions>
      </trkpt>
      <trkpt lat="42.878914" lon="-8.560201">
        <ele>199.49710534470276</ele>
        <time>2025-05-28T06:39:16.486Z</time>
      </trkpt>
      <trkpt lat="42.878914" lon="-8.560201">
        <ele>199.49710534470276</ele>
        <time>2025-05-28T06:39:16.486Z</time>
        <extensions>
          <gpxtpx:TrackPointExtension>
            <gpxtpx:Extensions>
              <highway>residential</highway>
              <surface>concrete</surface>
            </gpxtpx:Extensions>
          </gpxtpx:TrackPointExtension>
        </extensions>
      </trkpt>
      <trkpt lat="42.878969" lon="-8.560401">
        <ele>194.82231734156738</ele>
        <time>2025-05-28T06:39:36.651Z</time>
        <extensions>
          <gpxtpx:TrackPointExtension>
            <gpxtpx:Extensions>
              <highway>residential</highway>
              <surface>concrete</surface>
            </gpxtpx:Extensions>
          </gpxtpx:TrackPointExtension>
        </extensions>
      </trkpt>
      <trkpt lat="42.879017" lon="-8.560436">
        <ele>193.74825156129367</ele>
        <time>2025-05-28T06:39:43.247Z</time>
        <extensions>
          <gpxtpx:TrackPointExtension>
            <gpxtpx:Extensions>
              <highway>residential</highway>
              <surface>concrete</surface>
            </gpxtpx:Extensions>
          </gpxtpx:TrackPointExtension>
        </extensions>
      </trkpt>
      <trkpt lat="42.879109" lon="-8.560478">
        <ele>193.06197993152188</ele>
        <time>2025-05-28T06:39:55.005Z</time>
        <extensions>
          <gpxtpx:TrackPointExtension>
            <gpxtpx:Extensions>
              <highway>residential</highway>
              <surface>concrete</surface>
            </gpxtpx:Extensions>
          </gpxtpx:TrackPointExtension>
        </extensions>
      </trkpt>
      <trkpt lat="42.87915" lon="-8.560512">
        <ele>192.90711492174358</ele>
        <time>2025-05-28T06:40:00.820Z</time>
        <extensions>
          <gpxtpx:TrackPointExtension>
            <gpxtpx:Extensions>
              <highway>residential</highway>
              <surface>sett</surface>
            </gpxtpx:Extensions>
          </gpxtpx:TrackPointExtension>
        </extensions>
      </trkpt>
      <trkpt lat="42.879147" lon="-8.560522">
        <ele>192.86739260365778</ele>
        <time>2025-05-28T06:40:01.779Z</time>
      </trkpt>
      <trkpt lat="42.879144" lon="-8.560519">
        <ele>192.87310857919576</ele>
        <time>2025-05-28T06:40:02.218Z</time>
      </trkpt>
      <trkpt lat="42.879147" lon="-8.560522">
        <ele>192.86739260365778</ele>
        <time>2025-05-28T06:40:02.657Z</time>
        <extensions>
          <gpxtpx:TrackPointExtension>
            <gpxtpx:Extensions>
              <highway>residential</highway>
              <surface>sett</surface>
            </gpxtpx:Extensions>
          </gpxtpx:TrackPointExtension>
        </extensions>
      </trkpt>
      <trkpt lat="42.879091" lon="-8.5607">
        <ele>192.08804733028643</ele>
        <time>2025-05-28T06:40:18.062Z</time>
        <extensions>
          <gpxtpx:TrackPointExtension>
            <gpxtpx:Extensions>
              <highway>residential</highway>
              <surface>sett</surface>
            </gpxtpx:Extensions>
          </gpxtpx:TrackPointExtension>
        </extensions>
      </trkpt>
      <trkpt lat="42.879068" lon="-8.560849">
        <ele>191.38506130022074</ele>
        <time>2025-05-28T06:40:30.171Z</time>
        <extensions>
          <gpxtpx:TrackPointExtension>
            <gpxtpx:Extensions>
              <highway>residential</highway>
              <surface>sett</surface>
            </gpxtpx:Extensions>
          </gpxtpx:TrackPointExtension>
        </extensions>
      </trkpt>
      <trkpt lat="42.879074" lon="-8.560989">
        <ele>191.1160750006801</ele>
        <time>2025-05-28T06:40:41.323Z</time>
        <extensions>
          <gpxtpx:TrackPointExtension>
            <gpxtpx:Extensions>
              <highway>residential</highway>
              <surface>sett</surface>
            </gpxtpx:Extensions>
          </gpxtpx:TrackPointExtension>
        </extensions>
      </trkpt>
      <trkpt lat="42.879032" lon="-8.561114">
        <ele>190.46892938455625</ele>
        <time>2025-05-28T06:40:52.259Z</time>
        <extensions>
          <gpxtpx:TrackPointExtension>
            <gpxtpx:Extensions>
              <highway>residential</highway>
              <surface>sett</surface>
            </gpxtpx:Extensions>
          </gpxtpx:TrackPointExtension>
        </extensions>
      </trkpt>
      <trkpt lat="42.879011" lon="-8.561176">
        <ele>190.19090521591778</ele>
        <time>2025-05-28T06:40:57.690Z</time>
        <extensions>
          <gpxtpx:TrackPointExtension>
            <gpxtpx:Extensions>
              <highway>path</highway>
            </gpxtpx:Extensions>
          </gpxtpx:TrackPointExtension>
        </extensions>
      </trkpt>
      <trkpt lat="42.878965" lon="-8.561314">
        <ele>189.82558403569908</ele>
        <time>2025-05-28T06:41:09.746Z</time>
        <extensions>
          <gpxtpx:TrackPointExtension>
            <gpxtpx:Extensions>
              <highway>path</highway>
            </gpxtpx:Extensions>
          </gpxtpx:TrackPointExtension>
        </extensions>
      </trkpt>
      <trkpt lat="42.878983" lon="-8.561512">
        <ele>189.21674668346608</ele>
        <time>2025-05-28T06:41:25.613Z</time>
        <extensions>
          <gpxtpx:TrackPointExtension>
            <gpxtpx:Extensions>
              <highway>path</highway>
            </gpxtpx:Extensions>
          </gpxtpx:TrackPointExtension>
        </extensions>
      </trkpt>
      <trkpt lat="42.879042" lon="-8.561747">
        <ele>189.77131192912915</ele>
        <time>2025-05-28T06:41:45.368Z</time>
        <extensions>
          <gpxtpx:TrackPointExtension>
            <gpxtpx:Extensions>
              <highway>path</highway>
            </gpxtpx:Extensions>
          </gpxtpx:TrackPointExtension>
        </extensions>
      </trkpt>
      <trkpt lat="42.879031" lon="-8.562106">
        <ele>189.72241690168565</ele>
        <time>2025-05-28T06:42:13.943Z</time>
        <extensions>
          <gpxtpx:TrackPointExtension>
            <gpxtpx:Extensions>
              <highway>path</highway>
            </gpxtpx:Extensions>
          </gpxtpx:TrackPointExtension>
        </extensions>
      </trkpt>
      <trkpt lat="42.87904" lon="-8.562244">
        <ele>189.72761790201776</ele>
        <time>2025-05-28T06:42:24.961Z</time>
      </trkpt>
      <trkpt lat="42.87904" lon="-8.562244">
        <ele>189.72761790201776</ele>
        <time>2025-05-28T06:42:24.961Z</time>
        <extensions>
          <gpxtpx:TrackPointExtension>
            <gpxtpx:Extensions>
              <highway>path</highway>
            </gpxtpx:Extensions>
          </gpxtpx:TrackPointExtension>
        </extensions>
      </trkpt>
      <trkpt lat="42.879043" lon="-8.562281">
        <ele>189.70392416184396</ele>
        <time>2025-05-28T06:43:09.406Z</time>
        <extensions>
          <gpxtpx:TrackPointExtension>
            <gpxtpx:Extensions>
              <highway>path</highway>
            </gpxtpx:Extensions>
          </gpxtpx:TrackPointExtension>
        </extensions>
      </trkpt>
      <trkpt lat="42.879082" lon="-8.562517">
        <ele>189.9284115927299</ele>
        <time>2025-05-28T06:43:29.621Z</time>
        <extensions>
          <gpxtpx:TrackPointExtension>
            <gpxtpx:Extensions>
              <highway>path</highway>
            </gpxtpx:Extensions>
          </gpxtpx:TrackPointExtension>
        </extensions>
      </trkpt>
      <trkpt lat="42.879129" lon="-8.562653">
        <ele>190.37296084314661</ele>
        <time>2025-05-28T06:43:42.185Z</time>
      </trkpt>
      <trkpt lat="42.879129" lon="-8.562653">
        <ele>190.37296084314661</ele>
        <time>2025-05-28T06:43:42.185Z</time>
        <extensions>
          <gpxtpx:TrackPointExtension>
            <gpxtpx:Extensions>
              <highway>path</highway>
            </gpxtpx:Extensions>
          </gpxtpx:TrackPointExtension>
        </extensions>
      </trkpt>
      <trkpt lat="42.879161" lon="-8.562741">
        <ele>190.80875550749116</ele>
        <time>2025-05-28T06:43:52.211Z</time>
        <extensions>
          <gpxtpx:TrackPointExtension>
            <gpxtpx:Extensions>
              <highway>path</highway>
            </gpxtpx:Extensions>
          </gpxtpx:TrackPointExtension>
        </extensions>
      </trkpt>
      <trkpt lat="42.879158" lon="-8.563066">
        <ele>193.21051517971915</ele>
        <time>2025-05-28T06:44:16.597Z</time>
        <extensions>
          <gpxtpx:TrackPointExtension>
            <gpxtpx:Extensions>
              <highway>path</highway>
            </gpxtpx:Extensions>
          </gpxtpx:TrackPointExtension>
        </extensions>
      </trkpt>
      <trkpt lat="42.879159" lon="-8.56315">
        <ele>194.16628464173579</ele>
        <time>2025-05-28T06:44:22.899Z</time>
        <extensions>
          <gpxtpx:TrackPointExtension>
            <gpxtpx:Extensions>
              <highway>path</highway>
              <surface>compacted</surface>
            </gpxtpx:Extensions>
          </gpxtpx:TrackPointExtension>
        </extensions>
      </trkpt>
      <trkpt lat="42.879165" lon="-8.5632">
        <ele>194.82368177794982</ele>
        <time>2025-05-28T06:44:26.701Z</time>
        <extensions>
          <gpxtpx:TrackPointExtension>
            <gpxtpx:Extensions>
              <highway>path</highway>
              <surface>compacted</surface>
            </gpxtpx:Extensions>
          </gpxtpx:TrackPointExtension>
        </extensions>
      </trkpt>
      <trkpt lat="42.87916" lon="-8.563378">
        <ele>196.88138828835827</ele>
        <time>2025-05-28T06:44:40.065Z</time>
      </trkpt>
      <trkpt lat="42.87916" lon="-8.563376">
        <ele>196.85619643057225</ele>
        <time>2025-05-28T06:44:40.239Z</time>
        <extensions>
          <gpxtpx:TrackPointExtension>
            <gpxtpx:Extensions>
              <highway>path</highway>
              <surface>compacted</surface>
            </gpxtpx:Extensions>
          </gpxtpx:TrackPointExtension>
        </extensions>
      </trkpt>
      <trkpt lat="42.879159" lon="-8.563457">
        <ele>197.91189510870618</ele>
        <time>2025-05-28T06:44:52.043Z</time>
        <extensions>
          <gpxtpx:TrackPointExtension>
            <gpxtpx:Extensions>
              <highway>path</highway>
              <surface>compacted</surface>
            </gpxtpx:Extensions>
          </gpxtpx:TrackPointExtension>
        </extensions>
      </trkpt>
      <trkpt lat="42.878851" lon="-8.563984">
        <ele>199.71481860265493</ele>
        <time>2025-05-28T06:45:48.645Z</time>
      </trkpt>
      <trkpt lat="42.878852" lon="-8.563983">
        <ele>199.71677577249076</ele>
        <time>2025-05-28T06:45:48.783Z</time>
        <extensions>
          <gpxtpx:TrackPointExtension>
            <gpxtpx:Extensions>
              <highway>path</highway>
              <surface>compacted</surface>
            </gpxtpx:Extensions>
          </gpxtpx:TrackPointExtension>
        </extensions>
      </trkpt>
      <trkpt lat="42.878813" lon="-8.56405">
        <ele>199.9376503463377</ele>
        <time>2025-05-28T06:45:52.413Z</time>
        <extensions>
          <gpxtpx:TrackPointExtension>
            <gpxtpx:Extensions>
              <highway>path</highway>
              <surface>compacted</surface>
            </gpxtpx:Extensions>
          </gpxtpx:TrackPointExtension>
        </extensions>
      </trkpt>
      <trkpt lat="42.878785" lon="-8.564158">
        <ele>200.6274512466217</ele>
        <time>2025-05-28T06:45:59.223Z</time>
        <extensions>
          <gpxtpx:TrackPointExtension>
            <gpxtpx:Extensions>
              <highway>path</highway>
              <surface>compacted</surface>
            </gpxtpx:Extensions>
          </gpxtpx:TrackPointExtension>
        </extensions>
      </trkpt>
      <trkpt lat="42.878781" lon="-8.56429">
        <ele>201.93926366060163</ele>
        <time>2025-05-28T06:46:07.076Z</time>
      </trkpt>
      <trkpt lat="42.878781" lon="-8.564288">
        <ele>201.91829214054283</ele>
        <time>2025-05-28T06:46:07.214Z</time>
        <extensions>
          <gpxtpx:TrackPointExtension>
            <gpxtpx:Extensions>
              <highway>path</highway>
              <surface>compacted</surface>
            </gpxtpx:Extensions>
          </gpxtpx:TrackPointExtension>
        </extensions>
      </trkpt>
      <trkpt lat="42.878781" lon="-8.56429">
        <ele>201.93926366060163</ele>
        <time>2025-05-28T06:46:07.352Z</time>
        <extensions>
          <gpxtpx:TrackPointExtension>
            <gpxtpx:Extensions>
              <highway>path</highway>
              <surface>compacted</surface>
            </gpxtpx:Extensions>
          </gpxtpx:TrackPointExtension>
        </extensions>
      </trkpt>
      <trkpt lat="42.878779" lon="-8.564374">
        <ele>202.8120689250781</ele>
        <time>2025-05-28T06:46:12.985Z</time>
        <extensions>
          <gpxtpx:TrackPointExtension>
            <gpxtpx:Extensions>
              <highway>path</highway>
              <surface>compacted</surface>
            </gpxtpx:Extensions>
          </gpxtpx:TrackPointExtension>
        </extensions>
      </trkpt>
      <trkpt lat="42.878792" lon="-8.564581">
        <ele>205.26677649551954</ele>
        <time>2025-05-28T06:46:26.911Z</time>
        <extensions>
          <gpxtpx:TrackPointExtension>
            <gpxtpx:Extensions>
              <highway>path</highway>
              <surface>compacted</surface>
            </gpxtpx:Extensions>
          </gpxtpx:TrackPointExtension>
        </extensions>
      </trkpt>
      <trkpt lat="42.878795" lon="-8.564611">
        <ele>205.6568485412288</ele>
        <time>2025-05-28T06:46:28.941Z</time>
        <extensions>
          <gpxtpx:TrackPointExtension>
            <gpxtpx:Extensions>
              <highway>path</highway>
              <surface>compacted</surface>
            </gpxtpx:Extensions>
          </gpxtpx:TrackPointExtension>
        </extensions>
      </trkpt>
      <trkpt lat="42.878824" lon="-8.564794">
        <ele>207.25903530710366</ele>
        <time>2025-05-28T06:46:41.491Z</time>
        <extensions>
          <gpxtpx:TrackPointExtension>
            <gpxtpx:Extensions>
              <highway>path</highway>
              <surface>compacted</surface>
            </gpxtpx:Extensions>
          </gpxtpx:TrackPointExtension>
        </extensions>
      </trkpt>
      <trkpt lat="42.878856" lon="-8.564918">
        <ele>208.38755005889493</ele>
        <time>2025-05-28T06:46:50.303Z</time>
        <extensions>
          <gpxtpx:TrackPointExtension>
            <gpxtpx:Extensions>
              <highway>path</highway>
              <surface>compacted</surface>
            </gpxtpx:Extensions>
          </gpxtpx:TrackPointExtension>
        </extensions>
      </trkpt>
      <trkpt lat="42.878909" lon="-8.564991">
        <ele>209.60906546984518</ele>
        <time>2025-05-28T06:46:57.191Z</time>
        <extensions>
          <gpxtpx:TrackPointExtension>
            <gpxtpx:Extensions>
              <highway>path</highway>
              <surface>compacted</surface>
            </gpxtpx:Extensions>
          </gpxtpx:TrackPointExtension>
        </extensions>
      </trkpt>
      <trkpt lat="42.878957" lon="-8.565105">
        <ele>210.88275254959387</ele>
        <time>2025-05-28T06:47:06.004Z</time>
        <extensions>
          <gpxtpx:TrackPointExtension>
            <gpxtpx:Extensions>
              <highway>path</highway>
              <surface>compacted</surface>
            </gpxtpx:Extensions>
          </gpxtpx:TrackPointExtension>
        </extensions>
      </trkpt>
      <trkpt lat="42.87896" lon="-8.565131">
        <ele>211.02306574921283</ele>
        <time>2025-05-28T06:47:07.767Z</time>
      </trkpt>
      <trkpt lat="42.87896" lon="-8.565131">
        <ele>211.02306574921283</ele>
        <time>2025-05-28T06:47:07.767Z</time>
        <extensions>
          <gpxtpx:TrackPointExtension>
            <gpxtpx:Extensions>
              <highway>path</highway>
              <surface>compacted</surface>
            </gpxtpx:Extensions>
          </gpxtpx:TrackPointExtension>
        </extensions>
      </trkpt>
      <trkpt lat="42.878973" lon="-8.565208">
        <ele>211.5465495419195</ele>
        <time>2025-05-28T06:47:16.217Z</time>
        <extensions>
          <gpxtpx:TrackPointExtension>
            <gpxtpx:Extensions>
              <highway>path</highway>
              <surface>compacted</surface>
            </gpxtpx:Extensions>
          </gpxtpx:TrackPointExtension>
        </extensions>
      </trkpt>
      <trkpt lat="42.87896" lon="-8.565516">
        <ele>211.8332989866856</ele>
        <time>2025-05-28T06:47:37.498Z</time>
        <extensions>
          <gpxtpx:TrackPointExtension>
            <gpxtpx:Extensions>
              <highway>path</highway>
              <surface>compacted</surface>
            </gpxtpx:Extensions>
          </gpxtpx:TrackPointExtension>
        </extensions>
      </trkpt>
      <trkpt lat="42.878931" lon="-8.565864">
        <ele>211.30429143197884</ele>
        <time>2025-05-28T06:48:01.658Z</time>
        <extensions>
          <gpxtpx:TrackPointExtension>
            <gpxtpx:Extensions>
              <highway>path</highway>
              <surface>compacted</surface>
            </gpxtpx:Extensions>
          </gpxtpx:TrackPointExtension>
        </extensions>
      </trkpt>
      <trkpt lat="42.87893" lon="-8.565961">
        <ele>211.42103799567636</ele>
        <time>2025-05-28T06:48:08.349Z</time>
        <extensions>
          <gpxtpx:TrackPointExtension>
            <gpxtpx:Extensions>
              <highway>path</highway>
              <surface>compacted</surface>
            </gpxtpx:Extensions>
          </gpxtpx:TrackPointExtension>
        </extensions>
      </trkpt>
      <trkpt lat="42.87895" lon="-8.566036">
        <ele>212.09103063047294</ele>
        <time>2025-05-28T06:48:13.854Z</time>
        <extensions>
          <gpxtpx:TrackPointExtension>
            <gpxtpx:Extensions>
              <highway>path</highway>
              <surface>compacted</surface>
            </gpxtpx:Extensions>
          </gpxtpx:TrackPointExtension>
        </extensions>
      </trkpt>
      <trkpt lat="42.879013" lon="-8.566212">
        <ele>213.902425358864</ele>
        <time>2025-05-28T06:48:27.365Z</time>
        <extensions>
          <gpxtpx:TrackPointExtension>
            <gpxtpx:Extensions>
              <highway>path</highway>
              <surface>compacted</surface>
            </gpxtpx:Extensions>
          </gpxtpx:TrackPointExtension>
        </extensions>
      </trkpt>
      <trkpt lat="42.879009" lon="-8.566463">
        <ele>216.43823539093137</ele>
        <time>2025-05-28T06:48:44.683Z</time>
      </trkpt>
      <trkpt lat="42.879009" lon="-8.566461">
        <ele>216.41493370197713</ele>
        <time>2025-05-28T06:48:44.796Z</time>
        <extensions>
          <gpxtpx:TrackPointExtension>
            <gpxtpx:Extensions>
              <highway>path</highway>
              <surface>compacted</surface>
            </gpxtpx:Extensions>
          </gpxtpx:TrackPointExtension>
        </extensions>
      </trkpt>
      <trkpt lat="42.879009" lon="-8.566464">
        <ele>216.44988623540848</ele>
        <time>2025-05-28T06:48:47.556Z</time>
        <extensions>
          <gpxtpx:TrackPointExtension>
            <gpxtpx:Extensions>
              <highway>path</highway>
              <surface>compacted</surface>
            </gpxtpx:Extensions>
          </gpxtpx:TrackPointExtension>
        </extensions>
      </trkpt>
      <trkpt lat="42.879044" lon="-8.566612">
        <ele>218.55153662464699</ele>
        <time>2025-05-28T06:48:58.169Z</time>
      </trkpt>
      <trkpt lat="42.879053" lon="-8.566608">
        <ele>218.67061421741224</ele>
        <time>2025-05-28T06:48:59.054Z</time>
      </trkpt>
      <trkpt lat="42.879044" lon="-8.566612">
        <ele>218.55153662464699</ele>
        <time>2025-05-28T06:48:59.939Z</time>
        <extensions>
          <gpxtpx:TrackPointExtension>
            <gpxtpx:Extensions>
              <highway>path</highway>
              <surface>compacted</surface>
            </gpxtpx:Extensions>
          </gpxtpx:TrackPointExtension>
        </extensions>
      </trkpt>
      <trkpt lat="42.879064" lon="-8.566693">
        <ele>219.5301246659137</ele>
        <time>2025-05-28T06:49:07.418Z</time>
        <extensions>
          <gpxtpx:TrackPointExtension>
            <gpxtpx:Extensions>
              <highway>path</highway>
              <surface>compacted</surface>
            </gpxtpx:Extensions>
          </gpxtpx:TrackPointExtension>
        </extensions>
      </trkpt>
      <trkpt lat="42.879142" lon="-8.566923">
        <ele>222.64069749680405</ele>
        <time>2025-05-28T06:49:29.597Z</time>
        <extensions>
          <gpxtpx:TrackPointExtension>
            <gpxtpx:Extensions>
              <highway>path</highway>
              <surface>compacted</surface>
            </gpxtpx:Extensions>
          </gpxtpx:TrackPointExtension>
        </extensions>
      </trkpt>
      <trkpt lat="42.879202" lon="-8.567046">
        <ele>224.7872839252237</ele>
        <time>2025-05-28T06:49:42.528Z</time>
        <extensions>
          <gpxtpx:TrackPointExtension>
            <gpxtpx:Extensions>
              <highway>path</highway>
              <surface>compacted</surface>
            </gpxtpx:Extensions>
          </gpxtpx:TrackPointExtension>
        </extensions>
      </trkpt>
      <trkpt lat="42.879275" lon="-8.567142">
        <ele>226.5706710342997</ele>
        <time>2025-05-28T06:49:54.635Z</time>
        <extensions>
          <gpxtpx:TrackPointExtension>
            <gpxtpx:Extensions>
              <highway>path</highway>
              <surface>compacted</surface>
            </gpxtpx:Extensions>
          </gpxtpx:TrackPointExtension>
        </extensions>
      </trkpt>
      <trkpt lat="42.879384" lon="-8.56744">
        <ele>230.21821759079938</ele>
        <time>2025-05-28T06:50:23.783Z</time>
        <extensions>
          <gpxtpx:TrackPointExtension>
            <gpxtpx:Extensions>
              <highway>path</highway>
              <surface>compacted</surface>
            </gpxtpx:Extensions>
          </gpxtpx:TrackPointExtension>
        </extensions>
      </trkpt>
      <trkpt lat="42.879402" lon="-8.567488">
        <ele>230.8053776500755</ele>
        <time>2025-05-28T06:50:28.502Z</time>
        <extensions>
          <gpxtpx:TrackPointExtension>
            <gpxtpx:Extensions>
              <highway>path</highway>
              <surface>compacted</surface>
            </gpxtpx:Extensions>
          </gpxtpx:TrackPointExtension>
        </extensions>
      </trkpt>
      <trkpt lat="42.87945" lon="-8.567699">
        <ele>233.42782373590398</ele>
        <time>2025-05-28T06:50:47.837Z</time>
        <extensions>
          <gpxtpx:TrackPointExtension>
            <gpxtpx:Extensions>
              <highway>path</highway>
              <surface>compacted</surface>
            </gpxtpx:Extensions>
          </gpxtpx:TrackPointExtension>
        </extensions>
      </trkpt>
      <trkpt lat="42.879453" lon="-8.567815">
        <ele>234.76574811003115</ele>
        <time>2025-05-28T06:50:57.995Z</time>
        <extensions>
          <gpxtpx:TrackPointExtension>
            <gpxtpx:Extensions>
              <highway>path</highway>
              <surface>compacted</surface>
            </gpxtpx:Extensions>
          </gpxtpx:TrackPointExtension>
        </extensions>
      </trkpt>
      <trkpt lat="42.879443" lon="-8.567866">
        <ele>235.14381892681595</ele>
        <time>2025-05-28T06:51:02.616Z</time>
      </trkpt>
      <trkpt lat="42.879443" lon="-8.567876">
        <ele>235.24064537313413</ele>
        <time>2025-05-28T06:51:03.493Z</time>
      </trkpt>
      <trkpt lat="42.879439" lon="-8.567875">
        <ele>235.1802193272568</ele>
        <time>2025-05-28T06:51:03.992Z</time>
        <extensions>
          <gpxtpx:TrackPointExtension>
            <gpxtpx:Extensions>
              <highway>path</highway>
              <surface>compacted</surface>
            </gpxtpx:Extensions>
          </gpxtpx:TrackPointExtension>
        </extensions>
      </trkpt>
      <trkpt lat="42.87938" lon="-8.568038">
        <ele>235.24798752530478</ele>
        <time>2025-05-28T06:51:19.697Z</time>
        <extensions>
          <gpxtpx:TrackPointExtension>
            <gpxtpx:Extensions>
              <highway>path</highway>
              <surface>compacted</surface>
            </gpxtpx:Extensions>
          </gpxtpx:TrackPointExtension>
        </extensions>
      </trkpt>
      <trkpt lat="42.879185" lon="-8.568475">
        <ele>234.11599813776567</ele>
        <time>2025-05-28T06:52:03.899Z</time>
        <extensions>
          <gpxtpx:TrackPointExtension>
            <gpxtpx:Extensions>
              <highway>path</highway>
              <surface>compacted</surface>
            </gpxtpx:Extensions>
          </gpxtpx:TrackPointExtension>
        </extensions>
      </trkpt>
      <trkpt lat="42.879131" lon="-8.56862">
        <ele>234.33941775215914</ele>
        <time>2025-05-28T06:52:17.951Z</time>
        <extensions>
          <gpxtpx:TrackPointExtension>
            <gpxtpx:Extensions>
              <highway>residential</highway>
              <surface>asphalt</surface>
              <oneway>no</oneway>
            </gpxtpx:Extensions>
          </gpxtpx:TrackPointExtension>
        </extensions>
      </trkpt>
      <trkpt lat="42.87882" lon="-8.568478">
        <ele>232.40129109332486</ele>
        <time>2025-05-28T06:52:56.614Z</time>
        <extensions>
          <gpxtpx:TrackPointExtension>
            <gpxtpx:Extensions>
              <highway>residential</highway>
              <surface>asphalt</surface>
              <oneway>no</oneway>
            </gpxtpx:Extensions>
          </gpxtpx:TrackPointExtension>
        </extensions>
      </trkpt>
      <trkpt lat="42.878702" lon="-8.568379">
        <ele>232.32159816055727</ele>
        <time>2025-05-28T06:53:12.944Z</time>
        <extensions>
          <gpxtpx:TrackPointExtension>
            <gpxtpx:Extensions>
              <highway>residential</highway>
              <surface>asphalt</surface>
              <oneway>no</oneway>
            </gpxtpx:Extensions>
          </gpxtpx:TrackPointExtension>
        </extensions>
      </trkpt>
      <trkpt lat="42.878593" lon="-8.568224">
        <ele>231.88809777535596</ele>
        <time>2025-05-28T06:53:31.503Z</time>
        <extensions>
          <gpxtpx:TrackPointExtension>
            <gpxtpx:Extensions>
              <highway>residential</highway>
              <surface>asphalt</surface>
              <oneway>no</oneway>
            </gpxtpx:Extensions>
          </gpxtpx:TrackPointExtension>
        </extensions>
      </trkpt>
      <trkpt lat="42.8784" lon="-8.567926">
        <ele>228.97602266649963</ele>
        <time>2025-05-28T06:54:05.862Z</time>
        <extensions>
          <gpxtpx:TrackPointExtension>
            <gpxtpx:Extensions>
              <highway>residential</highway>
              <surface>asphalt</surface>
              <oneway>no</oneway>
            </gpxtpx:Extensions>
          </gpxtpx:TrackPointExtension>
        </extensions>
      </trkpt>
      <trkpt lat="42.878267" lon="-8.567763">
        <ele>226.48821299173548</ele>
        <time>2025-05-28T06:54:26.937Z</time>
        <extensions>
          <gpxtpx:TrackPointExtension>
            <gpxtpx:Extensions>
              <highway>residential</highway>
              <surface>asphalt</surface>
              <oneway>no</oneway>
            </gpxtpx:Extensions>
          </gpxtpx:TrackPointExtension>
        </extensions>
      </trkpt>
      <trkpt lat="42.878138" lon="-8.567633">
        <ele>225.89764195927512</ele>
        <time>2025-05-28T06:54:45.843Z</time>
        <extensions>
          <gpxtpx:TrackPointExtension>
            <gpxtpx:Extensions>
              <highway>residential</highway>
              <surface>asphalt</surface>
              <oneway>no</oneway>
            </gpxtpx:Extensions>
          </gpxtpx:TrackPointExtension>
        </extensions>
      </trkpt>
      <trkpt lat="42.878062" lon="-8.567576">
        <ele>225.94655165169465</ele>
        <time>2025-05-28T06:54:56.067Z</time>
      </trkpt>
      <trkpt lat="42.878062" lon="-8.567576">
        <ele>225.94655165169465</ele>
        <time>2025-05-28T06:54:56.067Z</time>
        <extensions>
          <gpxtpx:TrackPointExtension>
            <gpxtpx:Extensions>
              <highway>residential</highway>
              <surface>asphalt</surface>
              <oneway>no</oneway>
            </gpxtpx:Extensions>
          </gpxtpx:TrackPointExtension>
        </extensions>
      </trkpt>
      <trkpt lat="42.877849" lon="-8.567415">
        <ele>225.06599899623833</ele>
        <time>2025-05-28T06:55:22.783Z</time>
        <extensions>
          <gpxtpx:TrackPointExtension>
            <gpxtpx:Extensions>
              <highway>residential</highway>
              <surface>asphalt</surface>
              <oneway>no</oneway>
            </gpxtpx:Extensions>
          </gpxtpx:TrackPointExtension>
        </extensions>
      </trkpt>
      <trkpt lat="42.8778" lon="-8.567391">
        <ele>224.6221899473293</ele>
        <time>2025-05-28T06:55:29.174Z</time>
        <extensions>
          <gpxtpx:TrackPointExtension>
            <gpxtpx:Extensions>
              <highway>residential</highway>
              <surface>asphalt</surface>
              <oneway>no</oneway>
            </gpxtpx:Extensions>
          </gpxtpx:TrackPointExtension>
        </extensions>
      </trkpt>
      <trkpt lat="42.877735" lon="-8.56739">
        <ele>224.36649623559694</ele>
        <time>2025-05-28T06:55:37.154Z</time>
        <extensions>
          <gpxtpx:TrackPointExtension>
            <gpxtpx:Extensions>
              <highway>residential</highway>
              <surface>asphalt</surface>
              <oneway>no</oneway>
            </gpxtpx:Extensions>
          </gpxtpx:TrackPointExtension>
        </extensions>
      </trkpt>
      <trkpt lat="42.877667" lon="-8.56741">
        <ele>224.42007080805513</ele>
        <time>2025-05-28T06:55:45.694Z</time>
        <extensions>
          <gpxtpx:TrackPointExtension>
            <gpxtpx:Extensions>
              <highway>residential</highway>
              <surface>asphalt</surface>
              <oneway>no</oneway>
            </gpxtpx:Extensions>
          </gpxtpx:TrackPointExtension>
        </extensions>
      </trkpt>
      <trkpt lat="42.877434" lon="-8.567544">
        <ele>224.63016816799114</ele>
        <time>2025-05-28T06:56:16.736Z</time>
        <extensions>
          <gpxtpx:TrackPointExtension>
            <gpxtpx:Extensions>
              <reversedirection>yes</reversedirection>
              <highway>residential</highway>
              <surface>asphalt</surface>
              <oneway>no</oneway>
            </gpxtpx:Extensions>
          </gpxtpx:TrackPointExtension>
        </extensions>
      </trkpt>
      <trkpt lat="42.877397" lon="-8.56773">
        <ele>226.54405027959615</ele>
        <time>2025-05-28T06:56:34.075Z</time>
      </trkpt>
      <trkpt lat="42.877397" lon="-8.567728">
        <ele>226.51659825051257</ele>
        <time>2025-05-28T06:56:34.223Z</time>
        <extensions>
          <gpxtpx:TrackPointExtension>
            <gpxtpx:Extensions>
              <reversedirection>yes</reversedirection>
              <highway>residential</highway>
              <surface>asphalt</surface>
              <oneway>no</oneway>
            </gpxtpx:Extensions>
          </gpxtpx:TrackPointExtension>
        </extensions>
      </trkpt>
      <trkpt lat="42.877378" lon="-8.567827">
        <ele>227.4566985233922</ele>
        <time>2025-05-28T06:56:40.888Z</time>
        <extensions>
          <gpxtpx:TrackPointExtension>
            <gpxtpx:Extensions>
              <reversedirection>yes</reversedirection>
              <highway>residential</highway>
              <surface>asphalt</surface>
              <oneway>no</oneway>
            </gpxtpx:Extensions>
          </gpxtpx:TrackPointExtension>
        </extensions>
      </trkpt>
      <trkpt lat="42.877362" lon="-8.568028">
        <ele>228.72249283452118</ele>
        <time>2025-05-28T06:56:59.210Z</time>
        <extensions>
          <gpxtpx:TrackPointExtension>
            <gpxtpx:Extensions>
              <reversedirection>yes</reversedirection>
              <highway>residential</highway>
              <surface>asphalt</surface>
              <oneway>no</oneway>
            </gpxtpx:Extensions>
          </gpxtpx:TrackPointExtension>
        </extensions>
      </trkpt>
      <trkpt lat="42.87735" lon="-8.568244">
        <ele>229.74753707851144</ele>
        <time>2025-05-28T06:57:18.841Z</time>
        <extensions>
          <gpxtpx:TrackPointExtension>
            <gpxtpx:Extensions>
              <reversedirection>yes</reversedirection>
              <highway>residential</highway>
              <surface>asphalt</surface>
              <oneway>no</oneway>
            </gpxtpx:Extensions>
          </gpxtpx:TrackPointExtension>
        </extensions>
      </trkpt>
      <trkpt lat="42.877323" lon="-8.568499">
        <ele>230.2251324911609</ele>
        <time>2025-05-28T06:57:42.190Z</time>
        <extensions>
          <gpxtpx:TrackPointExtension>
            <gpxtpx:Extensions>
              <reversedirection>yes</reversedirection>
              <highway>path</highway>
            </gpxtpx:Extensions>
          </gpxtpx:TrackPointExtension>
        </extensions>
      </trkpt>
      <trkpt lat="42.877277" lon="-8.569089">
        <ele>231.0393785484829</ele>
        <time>2025-05-28T06:58:35.960Z</time>
        <extensions>
          <gpxtpx:TrackPointExtension>
            <gpxtpx:Extensions>
              <reversedirection>yes</reversedirection>
              <highway>path</highway>
            </gpxtpx:Extensions>
          </gpxtpx:TrackPointExtension>
        </extensions>
      </trkpt>
      <trkpt lat="42.877246" lon="-8.569306">
        <ele>231.22189819095692</ele>
        <time>2025-05-28T06:58:55.995Z</time>
        <extensions>
          <gpxtpx:TrackPointExtension>
            <gpxtpx:Extensions>
              <reversedirection>yes</reversedirection>
              <highway>path</highway>
            </gpxtpx:Extensions>
          </gpxtpx:TrackPointExtension>
        </extensions>
      </trkpt>
      <trkpt lat="42.877172" lon="-8.569673">
        <ele>233.3353835007596</ele>
        <time>2025-05-28T06:59:30.490Z</time>
        <extensions>
          <gpxtpx:TrackPointExtension>
            <gpxtpx:Extensions>
              <reversedirection>yes</reversedirection>
              <highway>path</highway>
            </gpxtpx:Extensions>
          </gpxtpx:TrackPointExtension>
        </extensions>
      </trkpt>
      <trkpt lat="42.877144" lon="-8.569753">
        <ele>234.22921647169161</ele>
        <time>2025-05-28T06:59:38.524Z</time>
        <extensions>
          <gpxtpx:TrackPointExtension>
            <gpxtpx:Extensions>
              <reversedirection>yes</reversedirection>
              <highway>path</highway>
            </gpxtpx:Extensions>
          </gpxtpx:TrackPointExtension>
        </extensions>
      </trkpt>
      <trkpt lat="42.877116" lon="-8.569808">
        <ele>235.53334484548787</ele>
        <time>2025-05-28T06:59:44.592Z</time>
      </trkpt>
      <trkpt lat="42.877118" lon="-8.569808">
        <ele>235.5063167220722</ele>
        <time>2025-05-28T06:59:44.807Z</time>
      </trkpt>
      <trkpt lat="42.877116" lon="-8.569808">
        <ele>235.53334484548787</ele>
        <time>2025-05-28T06:59:45.022Z</time>
        <extensions>
          <gpxtpx:TrackPointExtension>
            <gpxtpx:Extensions>
              <reversedirection>yes</reversedirection>
              <highway>path</highway>
            </gpxtpx:Extensions>
          </gpxtpx:TrackPointExtension>
        </extensions>
      </trkpt>
      <trkpt lat="42.877115" lon="-8.56981">
        <ele>235.58483523611494</ele>
        <time>2025-05-28T06:59:45.218Z</time>
        <extensions>
          <gpxtpx:TrackPointExtension>
            <gpxtpx:Extensions>
              <reversedirection>yes</reversedirection>
              <highway>path</highway>
            </gpxtpx:Extensions>
          </gpxtpx:TrackPointExtension>
        </extensions>
      </trkpt>
      <trkpt lat="42.877071" lon="-8.569858">
        <ele>237.09032142100722</ele>
        <time>2025-05-28T06:59:51.014Z</time>
        <extensions>
          <gpxtpx:TrackPointExtension>
            <gpxtpx:Extensions>
              <reversedirection>yes</reversedirection>
              <highway>path</highway>
            </gpxtpx:Extensions>
          </gpxtpx:TrackPointExtension>
        </extensions>
      </trkpt>
      <trkpt lat="42.876926" lon="-8.569954">
        <ele>240.56215080832646</ele>
        <time>2025-05-28T07:00:07.596Z</time>
        <extensions>
          <gpxtpx:TrackPointExtension>
            <gpxtpx:Extensions>
              <reversedirection>yes</reversedirection>
              <highway>path</highway>
            </gpxtpx:Extensions>
          </gpxtpx:TrackPointExtension>
        </extensions>
      </trkpt>
      <trkpt lat="42.876787" lon="-8.570017">
        <ele>242.4952910910364</ele>
        <time>2025-05-28T07:00:22.666Z</time>
        <extensions>
          <gpxtpx:TrackPointExtension>
            <gpxtpx:Extensions>
              <reversedirection>yes</reversedirection>
              <highway>path</highway>
            </gpxtpx:Extensions>
          </gpxtpx:TrackPointExtension>
        </extensions>
      </trkpt>
      <trkpt lat="42.876196" lon="-8.570155">
        <ele>239.9005862254886</ele>
        <time>2025-05-28T07:01:24.359Z</time>
        <extensions>
          <gpxtpx:TrackPointExtension>
            <gpxtpx:Extensions>
              <reversedirection>yes</reversedirection>
              <highway>path</highway>
            </gpxtpx:Extensions>
          </gpxtpx:TrackPointExtension>
        </extensions>
      </trkpt>
      <trkpt lat="42.876079" lon="-8.570194">
        <ele>239.31107071892038</ele>
        <time>2025-05-28T07:01:36.751Z</time>
        <extensions>
          <gpxtpx:TrackPointExtension>
            <gpxtpx:Extensions>
              <reversedirection>yes</reversedirection>
              <highway>path</highway>
            </gpxtpx:Extensions>
          </gpxtpx:TrackPointExtension>
        </extensions>
      </trkpt>
      <trkpt lat="42.87605" lon="-8.570204">
        <ele>239.16653920305652</ele>
        <time>2025-05-28T07:01:39.828Z</time>
        <extensions>
          <gpxtpx:TrackPointExtension>
            <gpxtpx:Extensions>
              <reversedirection>yes</reversedirection>
              <highway>path</highway>
            </gpxtpx:Extensions>
          </gpxtpx:TrackPointExtension>
        </extensions>
      </trkpt>
      <trkpt lat="42.876007" lon="-8.570229">
        <ele>239.18345258659787</ele>
        <time>2025-05-28T07:01:44.636Z</time>
        <extensions>
          <gpxtpx:TrackPointExtension>
            <gpxtpx:Extensions>
              <reversedirection>yes</reversedirection>
              <highway>path</highway>
            </gpxtpx:Extensions>
          </gpxtpx:TrackPointExtension>
        </extensions>
      </trkpt>
      <trkpt lat="42.875942" lon="-8.570301">
        <ele>239.05125211385322</ele>
        <time>2025-05-28T07:01:53.249Z</time>
        <extensions>
          <gpxtpx:TrackPointExtension>
            <gpxtpx:Extensions>
              <reversedirection>yes</reversedirection>
              <highway>path</highway>
            </gpxtpx:Extensions>
          </gpxtpx:TrackPointExtension>
        </extensions>
      </trkpt>
      <trkpt lat="42.87585" lon="-8.570438">
        <ele>239.29915555132877</ele>
        <time>2025-05-28T07:02:07.260Z</time>
        <extensions>
          <gpxtpx:TrackPointExtension>
            <gpxtpx:Extensions>
              <reversedirection>yes</reversedirection>
              <highway>path</highway>
            </gpxtpx:Extensions>
          </gpxtpx:TrackPointExtension>
        </extensions>
      </trkpt>
      <trkpt lat="42.875543" lon="-8.570839">
        <ele>237.3499898125583</ele>
        <time>2025-05-28T07:02:50.987Z</time>
        <extensions>
          <gpxtpx:TrackPointExtension>
            <gpxtpx:Extensions>
              <reversedirection>yes</reversedirection>
              <highway>path</highway>
            </gpxtpx:Extensions>
          </gpxtpx:TrackPointExtension>
        </extensions>
      </trkpt>
      <trkpt lat="42.875474" lon="-8.571026">
        <ele>236.892755082515</ele>
        <time>2025-05-28T07:03:06.774Z</time>
        <extensions>
          <gpxtpx:TrackPointExtension>
            <gpxtpx:Extensions>
              <reversedirection>yes</reversedirection>
              <highway>path</highway>
            </gpxtpx:Extensions>
          </gpxtpx:TrackPointExtension>
        </extensions>
      </trkpt>
      <trkpt lat="42.875458" lon="-8.571049">
        <ele>236.60574843309035</ele>
        <time>2025-05-28T07:03:09.165Z</time>
        <extensions>
          <gpxtpx:TrackPointExtension>
            <gpxtpx:Extensions>
              <reversedirection>yes</reversedirection>
              <highway>path</highway>
            </gpxtpx:Extensions>
          </gpxtpx:TrackPointExtension>
        </extensions>
      </trkpt>
      <trkpt lat="42.875385" lon="-8.571107">
        <ele>235.05251858249963</ele>
        <time>2025-05-28T07:03:17.856Z</time>
        <extensions>
          <gpxtpx:TrackPointExtension>
            <gpxtpx:Extensions>
              <reversedirection>yes</reversedirection>
              <highway>path</highway>
            </gpxtpx:Extensions>
          </gpxtpx:TrackPointExtension>
        </extensions>
      </trkpt>
      <trkpt lat="42.875328" lon="-8.571165">
        <ele>233.72844917129783</ele>
        <time>2025-05-28T07:03:25.171Z</time>
        <extensions>
          <gpxtpx:TrackPointExtension>
            <gpxtpx:Extensions>
              <reversedirection>yes</reversedirection>
              <highway>path</highway>
            </gpxtpx:Extensions>
          </gpxtpx:TrackPointExtension>
        </extensions>
      </trkpt>
      <trkpt lat="42.875267" lon="-8.571282">
        <ele>232.49148126147915</ele>
        <time>2025-05-28T07:03:35.998Z</time>
        <extensions>
          <gpxtpx:TrackPointExtension>
            <gpxtpx:Extensions>
              <reversedirection>yes</reversedirection>
              <highway>path</highway>
            </gpxtpx:Extensions>
          </gpxtpx:TrackPointExtension>
        </extensions>
      </trkpt>
      <trkpt lat="42.875208" lon="-8.571321">
        <ele>231.28936416741635</ele>
        <time>2025-05-28T07:03:42.743Z</time>
        <extensions>
          <gpxtpx:TrackPointExtension>
            <gpxtpx:Extensions>
              <reversedirection>yes</reversedirection>
              <highway>path</highway>
            </gpxtpx:Extensions>
          </gpxtpx:TrackPointExtension>
        </extensions>
      </trkpt>
      <trkpt lat="42.875167" lon="-8.571372">
        <ele>230.53519686697302</ele>
        <time>2025-05-28T07:03:48.451Z</time>
        <extensions>
          <gpxtpx:TrackPointExtension>
            <gpxtpx:Extensions>
              <reversedirection>yes</reversedirection>
              <highway>path</highway>
            </gpxtpx:Extensions>
          </gpxtpx:TrackPointExtension>
        </extensions>
      </trkpt>
      <trkpt lat="42.875161" lon="-8.571396">
        <ele>230.40155348059136</ele>
        <time>2025-05-28T07:03:50.361Z</time>
      </trkpt>
      <trkpt lat="42.875161" lon="-8.571394">
        <ele>230.40275787250138</ele>
        <time>2025-05-28T07:03:50.485Z</time>
        <extensions>
          <gpxtpx:TrackPointExtension>
            <gpxtpx:Extensions>
              <reversedirection>yes</reversedirection>
              <highway>path</highway>
            </gpxtpx:Extensions>
          </gpxtpx:TrackPointExtension>
        </extensions>
      </trkpt>
      <trkpt lat="42.875148" lon="-8.57145">
        <ele>230.13131076982933</ele>
        <time>2025-05-28T07:03:57.709Z</time>
        <extensions>
          <gpxtpx:TrackPointExtension>
            <gpxtpx:Extensions>
              <reversedirection>yes</reversedirection>
              <highway>path</highway>
            </gpxtpx:Extensions>
          </gpxtpx:TrackPointExtension>
        </extensions>
      </trkpt>
      <trkpt lat="42.875145" lon="-8.571496">
        <ele>230.07090386855452</ele>
        <time>2025-05-28T07:04:00.967Z</time>
        <extensions>
          <gpxtpx:TrackPointExtension>
            <gpxtpx:Extensions>
              <reversedirection>yes</reversedirection>
              <highway>path</highway>
            </gpxtpx:Extensions>
          </gpxtpx:TrackPointExtension>
        </extensions>
      </trkpt>
      <trkpt lat="42.875188" lon="-8.57179">
        <ele>230.7343020216801</ele>
        <time>2025-05-28T07:04:22.118Z</time>
        <extensions>
          <gpxtpx:TrackPointExtension>
            <gpxtpx:Extensions>
              <reversedirection>yes</reversedirection>
              <highway>path</highway>
            </gpxtpx:Extensions>
          </gpxtpx:TrackPointExtension>
        </extensions>
      </trkpt>
      <trkpt lat="42.875196" lon="-8.572397">
        <ele>229.1580488338357</ele>
        <time>2025-05-28T07:05:04.950Z</time>
        <extensions>
          <gpxtpx:TrackPointExtension>
            <gpxtpx:Extensions>
              <reversedirection>yes</reversedirection>
              <highway>path</highway>
            </gpxtpx:Extensions>
          </gpxtpx:TrackPointExtension>
        </extensions>
      </trkpt>
      <trkpt lat="42.875202" lon="-8.572441">
        <ele>229.02080693365144</ele>
        <time>2025-05-28T07:05:08.107Z</time>
        <extensions>
          <gpxtpx:TrackPointExtension>
            <gpxtpx:Extensions>
              <reversedirection>yes</reversedirection>
              <highway>path</highway>
            </gpxtpx:Extensions>
          </gpxtpx:TrackPointExtension>
        </extensions>
      </trkpt>
      <trkpt lat="42.875233" lon="-8.572542">
        <ele>228.8113556925092</ele>
        <time>2025-05-28T07:05:15.832Z</time>
        <extensions>
          <gpxtpx:TrackPointExtension>
            <gpxtpx:Extensions>
              <reversedirection>yes</reversedirection>
              <highway>path</highway>
            </gpxtpx:Extensions>
          </gpxtpx:TrackPointExtension>
        </extensions>
      </trkpt>
      <trkpt lat="42.87524" lon="-8.572605">
        <ele>228.5066318861219</ele>
        <time>2025-05-28T07:05:20.328Z</time>
        <extensions>
          <gpxtpx:TrackPointExtension>
            <gpxtpx:Extensions>
              <reversedirection>yes</reversedirection>
              <highway>path</highway>
            </gpxtpx:Extensions>
          </gpxtpx:TrackPointExtension>
        </extensions>
      </trkpt>
      <trkpt lat="42.875232" lon="-8.572699">
        <ele>227.97952979849728</ele>
        <time>2025-05-28T07:05:27.004Z</time>
        <extensions>
          <gpxtpx:TrackPointExtension>
            <gpxtpx:Extensions>
              <reversedirection>yes</reversedirection>
              <highway>path</highway>
            </gpxtpx:Extensions>
          </gpxtpx:TrackPointExtension>
        </extensions>
      </trkpt>
      <trkpt lat="42.875228" lon="-8.572858">
        <ele>227.12373833526047</ele>
        <time>2025-05-28T07:05:38.228Z</time>
      </trkpt>
      <trkpt lat="42.875228" lon="-8.572856">
        <ele>227.13305901084217</ele>
        <time>2025-05-28T07:05:38.392Z</time>
        <extensions>
          <gpxtpx:TrackPointExtension>
            <gpxtpx:Extensions>
              <reversedirection>yes</reversedirection>
              <highway>path</highway>
            </gpxtpx:Extensions>
          </gpxtpx:TrackPointExtension>
        </extensions>
      </trkpt>
      <trkpt lat="42.875225" lon="-8.57298">
        <ele>226.39148604047557</ele>
        <time>2025-05-28T07:05:46.947Z</time>
        <extensions>
          <gpxtpx:TrackPointExtension>
            <gpxtpx:Extensions>
              <reversedirection>yes</reversedirection>
              <highway>path</highway>
            </gpxtpx:Extensions>
          </gpxtpx:TrackPointExtension>
        </extensions>
      </trkpt>
      <trkpt lat="42.875229" lon="-8.573047">
        <ele>225.9232769625546</ele>
        <time>2025-05-28T07:05:51.899Z</time>
        <extensions>
          <gpxtpx:TrackPointExtension>
            <gpxtpx:Extensions>
              <reversedirection>yes</reversedirection>
              <highway>path</highway>
            </gpxtpx:Extensions>
          </gpxtpx:TrackPointExtension>
        </extensions>
      </trkpt>
      <trkpt lat="42.875244" lon="-8.57311">
        <ele>225.670237235851</ele>
        <time>2025-05-28T07:05:56.779Z</time>
        <extensions>
          <gpxtpx:TrackPointExtension>
            <gpxtpx:Extensions>
              <reversedirection>yes</reversedirection>
              <highway>path</highway>
            </gpxtpx:Extensions>
          </gpxtpx:TrackPointExtension>
        </extensions>
      </trkpt>
      <trkpt lat="42.875324" lon="-8.573336">
        <ele>224.8150321634024</ele>
        <time>2025-05-28T07:06:15.271Z</time>
        <extensions>
          <gpxtpx:TrackPointExtension>
            <gpxtpx:Extensions>
              <reversedirection>yes</reversedirection>
              <highway>path</highway>
            </gpxtpx:Extensions>
          </gpxtpx:TrackPointExtension>
        </extensions>
      </trkpt>
      <trkpt lat="42.875449" lon="-8.5737">
        <ele>223.55276795190036</ele>
        <time>2025-05-28T07:06:44.889Z</time>
        <extensions>
          <gpxtpx:TrackPointExtension>
            <gpxtpx:Extensions>
              <reversedirection>yes</reversedirection>
              <highway>path</highway>
            </gpxtpx:Extensions>
          </gpxtpx:TrackPointExtension>
        </extensions>
      </trkpt>
      <trkpt lat="42.875472" lon="-8.573785">
        <ele>223.30635759606983</ele>
        <time>2025-05-28T07:06:51.564Z</time>
        <extensions>
          <gpxtpx:TrackPointExtension>
            <gpxtpx:Extensions>
              <reversedirection>yes</reversedirection>
              <highway>path</highway>
            </gpxtpx:Extensions>
          </gpxtpx:TrackPointExtension>
        </extensions>
      </trkpt>
      <trkpt lat="42.875557" lon="-8.574229">
        <ele>221.3287160408991</ele>
        <time>2025-05-28T07:07:25.376Z</time>
      </trkpt>
      <trkpt lat="42.875557" lon="-8.574229">
        <ele>221.3287160408991</ele>
        <time>2025-05-28T07:07:25.461Z</time>
        <extensions>
          <gpxtpx:TrackPointExtension>
            <gpxtpx:Extensions>
              <reversedirection>yes</reversedirection>
              <highway>path</highway>
            </gpxtpx:Extensions>
          </gpxtpx:TrackPointExtension>
        </extensions>
      </trkpt>
      <trkpt lat="42.875571" lon="-8.574298">
        <ele>221.173965439088</ele>
        <time>2025-05-28T07:07:40.660Z</time>
        <extensions>
          <gpxtpx:TrackPointExtension>
            <gpxtpx:Extensions>
              <reversedirection>yes</reversedirection>
              <highway>path</highway>
            </gpxtpx:Extensions>
          </gpxtpx:TrackPointExtension>
        </extensions>
      </trkpt>
      <trkpt lat="42.875599" lon="-8.574635">
        <ele>220.14546567148147</ele>
        <time>2025-05-28T07:08:04.568Z</time>
        <extensions>
          <gpxtpx:TrackPointExtension>
            <gpxtpx:Extensions>
              <reversedirection>yes</reversedirection>
              <highway>path</highway>
            </gpxtpx:Extensions>
          </gpxtpx:TrackPointExtension>
        </extensions>
      </trkpt>
      <trkpt lat="42.875614" lon="-8.57492">
        <ele>219.74048687210347</ele>
        <time>2025-05-28T07:08:24.710Z</time>
        <extensions>
          <gpxtpx:TrackPointExtension>
            <gpxtpx:Extensions>
              <reversedirection>yes</reversedirection>
              <highway>path</highway>
            </gpxtpx:Extensions>
          </gpxtpx:TrackPointExtension>
        </extensions>
      </trkpt>
      <trkpt lat="42.8756" lon="-8.575479">
        <ele>216.03500858702947</ele>
        <time>2025-05-28T07:09:04.139Z</time>
        <extensions>
          <gpxtpx:TrackPointExtension>
            <gpxtpx:Extensions>
              <reversedirection>yes</reversedirection>
              <highway>path</highway>
            </gpxtpx:Extensions>
          </gpxtpx:TrackPointExtension>
        </extensions>
      </trkpt>
      <trkpt lat="42.875607" lon="-8.575635">
        <ele>215.0382847021779</ele>
        <time>2025-05-28T07:09:15.156Z</time>
        <extensions>
          <gpxtpx:TrackPointExtension>
            <gpxtpx:Extensions>
              <reversedirection>yes</reversedirection>
              <highway>path</highway>
            </gpxtpx:Extensions>
          </gpxtpx:TrackPointExtension>
        </extensions>
      </trkpt>
      <trkpt lat="42.875589" lon="-8.575844">
        <ele>213.2593348023162</ele>
        <time>2025-05-28T07:09:29.990Z</time>
        <extensions>
          <gpxtpx:TrackPointExtension>
            <gpxtpx:Extensions>
              <reversedirection>yes</reversedirection>
              <highway>path</highway>
            </gpxtpx:Extensions>
          </gpxtpx:TrackPointExtension>
        </extensions>
      </trkpt>
      <trkpt lat="42.875582" lon="-8.576016">
        <ele>211.04390119626302</ele>
        <time>2025-05-28T07:09:42.133Z</time>
        <extensions>
          <gpxtpx:TrackPointExtension>
            <gpxtpx:Extensions>
              <reversedirection>yes</reversedirection>
              <highway>path</highway>
            </gpxtpx:Extensions>
          </gpxtpx:TrackPointExtension>
        </extensions>
      </trkpt>
      <trkpt lat="42.875584" lon="-8.576041">
        <ele>210.7535155328619</ele>
        <time>2025-05-28T07:09:43.905Z</time>
      </trkpt>
      <trkpt lat="42.875584" lon="-8.576041">
        <ele>210.7535155328619</ele>
        <time>2025-05-28T07:09:43.905Z</time>
        <extensions>
          <gpxtpx:TrackPointExtension>
            <gpxtpx:Extensions>
              <reversedirection>yes</reversedirection>
              <highway>path</highway>
            </gpxtpx:Extensions>
          </gpxtpx:TrackPointExtension>
        </extensions>
      </trkpt>
      <trkpt lat="42.875588" lon="-8.576066">
        <ele>210.5034868722796</ele>
        <time>2025-05-28T07:09:45.708Z</time>
        <extensions>
          <gpxtpx:TrackPointExtension>
            <gpxtpx:Extensions>
              <reversedirection>yes</reversedirection>
              <highway>path</highway>
            </gpxtpx:Extensions>
          </gpxtpx:TrackPointExtension>
        </extensions>
      </trkpt>
      <trkpt lat="42.875605" lon="-8.576114">
        <ele>210.1334369090863</ele>
        <time>2025-05-28T07:09:49.277Z</time>
        <extensions>
          <gpxtpx:TrackPointExtension>
            <gpxtpx:Extensions>
              <reversedirection>yes</reversedirection>
              <highway>path</highway>
            </gpxtpx:Extensions>
          </gpxtpx:TrackPointExtension>
        </extensions>
      </trkpt>
      <trkpt lat="42.875665" lon="-8.576233">
        <ele>209.14093955153493</ele>
        <time>2025-05-28T07:09:58.948Z</time>
        <extensions>
          <gpxtpx:TrackPointExtension>
            <gpxtpx:Extensions>
              <reversedirection>yes</reversedirection>
              <highway>path</highway>
            </gpxtpx:Extensions>
          </gpxtpx:TrackPointExtension>
        </extensions>
      </trkpt>
      <trkpt lat="42.87572" lon="-8.576419">
        <ele>207.3431299181198</ele>
        <time>2025-05-28T07:10:12.377Z</time>
        <extensions>
          <gpxtpx:TrackPointExtension>
            <gpxtpx:Extensions>
              <reversedirection>yes</reversedirection>
              <highway>path</highway>
            </gpxtpx:Extensions>
          </gpxtpx:TrackPointExtension>
        </extensions>
      </trkpt>
      <trkpt lat="42.875775" lon="-8.576515">
        <ele>206.92299903873382</ele>
        <time>2025-05-28T07:10:20.536Z</time>
        <extensions>
          <gpxtpx:TrackPointExtension>
            <gpxtpx:Extensions>
              <reversedirection>yes</reversedirection>
              <highway>path</highway>
            </gpxtpx:Extensions>
          </gpxtpx:TrackPointExtension>
        </extensions>
      </trkpt>
      <trkpt lat="42.875817" lon="-8.576564">
        <ele>206.89157514956457</ele>
        <time>2025-05-28T07:10:25.585Z</time>
      </trkpt>
      <trkpt lat="42.875817" lon="-8.576564">
        <ele>206.89157514956457</ele>
        <time>2025-05-28T07:10:25.585Z</time>
        <extensions>
          <gpxtpx:TrackPointExtension>
            <gpxtpx:Extensions>
              <reversedirection>yes</reversedirection>
              <highway>path</highway>
            </gpxtpx:Extensions>
          </gpxtpx:TrackPointExtension>
        </extensions>
      </trkpt>
      <trkpt lat="42.87586" lon="-8.576611">
        <ele>206.847868694325</ele>
        <time>2025-05-28T07:10:35.019Z</time>
        <extensions>
          <gpxtpx:TrackPointExtension>
            <gpxtpx:Extensions>
              <reversedirection>yes</reversedirection>
              <highway>path</highway>
            </gpxtpx:Extensions>
          </gpxtpx:TrackPointExtension>
        </extensions>
      </trkpt>
      <trkpt lat="42.875981" lon="-8.576695">
        <ele>207.4649905778005</ele>
        <time>2025-05-28T07:10:48.822Z</time>
        <extensions>
          <gpxtpx:TrackPointExtension>
            <gpxtpx:Extensions>
              <reversedirection>yes</reversedirection>
              <highway>path</highway>
            </gpxtpx:Extensions>
          </gpxtpx:TrackPointExtension>
        </extensions>
      </trkpt>
      <trkpt lat="42.876189" lon="-8.576704">
        <ele>208.2734361498977</ele>
        <time>2025-05-28T07:11:09.981Z</time>
      </trkpt>
      <trkpt lat="42.876189" lon="-8.576704">
        <ele>208.2734361498977</ele>
        <time>2025-05-28T07:11:09.981Z</time>
        <extensions>
          <gpxtpx:TrackPointExtension>
            <gpxtpx:Extensions>
              <reversedirection>yes</reversedirection>
              <highway>path</highway>
            </gpxtpx:Extensions>
          </gpxtpx:TrackPointExtension>
        </extensions>
      </trkpt>
      <trkpt lat="42.876254" lon="-8.576706">
        <ele>208.2725097016541</ele>
        <time>2025-05-28T07:11:19.919Z</time>
        <extensions>
          <gpxtpx:TrackPointExtension>
            <gpxtpx:Extensions>
              <reversedirection>yes</reversedirection>
              <highway>path</highway>
            </gpxtpx:Extensions>
          </gpxtpx:TrackPointExtension>
        </extensions>
      </trkpt>
      <trkpt lat="42.876334" lon="-8.576695">
        <ele>208.46927360002908</ele>
        <time>2025-05-28T07:11:28.622Z</time>
        <extensions>
          <gpxtpx:TrackPointExtension>
            <gpxtpx:Extensions>
              <reversedirection>yes</reversedirection>
              <highway>path</highway>
            </gpxtpx:Extensions>
          </gpxtpx:TrackPointExtension>
        </extensions>
      </trkpt>
      <trkpt lat="42.876615" lon="-8.57649">
        <ele>212.30598533470422</ele>
        <time>2025-05-28T07:12:03.113Z</time>
        <extensions>
          <gpxtpx:TrackPointExtension>
            <gpxtpx:Extensions>
              <reversedirection>yes</reversedirection>
              <highway>path</highway>
            </gpxtpx:Extensions>
          </gpxtpx:TrackPointExtension>
        </extensions>
      </trkpt>
      <trkpt lat="42.876701" lon="-8.576391">
        <ele>213.72303603996198</ele>
        <time>2025-05-28T07:12:15.291Z</time>
        <extensions>
          <gpxtpx:TrackPointExtension>
            <gpxtpx:Extensions>
              <reversedirection>yes</reversedirection>
              <highway>path</highway>
            </gpxtpx:Extensions>
          </gpxtpx:TrackPointExtension>
        </extensions>
      </trkpt>
      <trkpt lat="42.876793" lon="-8.576312">
        <ele>214.47843868234025</ele>
        <time>2025-05-28T07:12:27.057Z</time>
        <extensions>
          <gpxtpx:TrackPointExtension>
            <gpxtpx:Extensions>
              <reversedirection>yes</reversedirection>
              <highway>path</highway>
            </gpxtpx:Extensions>
          </gpxtpx:TrackPointExtension>
        </extensions>
      </trkpt>
      <trkpt lat="42.87685" lon="-8.576287">
        <ele>214.48317779524993</ele>
        <time>2025-05-28T07:12:33.538Z</time>
        <extensions>
          <gpxtpx:TrackPointExtension>
            <gpxtpx:Extensions>
              <reversedirection>yes</reversedirection>
              <highway>path</highway>
            </gpxtpx:Extensions>
          </gpxtpx:TrackPointExtension>
        </extensions>
      </trkpt>
      <trkpt lat="42.876905" lon="-8.576282">
        <ele>214.19647905383687</ele>
        <time>2025-05-28T07:12:39.503Z</time>
        <extensions>
          <gpxtpx:TrackPointExtension>
            <gpxtpx:Extensions>
              <reversedirection>yes</reversedirection>
              <highway>path</highway>
            </gpxtpx:Extensions>
          </gpxtpx:TrackPointExtension>
        </extensions>
      </trkpt>
      <trkpt lat="42.876952" lon="-8.576291">
        <ele>213.64070653868853</ele>
        <time>2025-05-28T07:12:44.640Z</time>
      </trkpt>
      <trkpt lat="42.876952" lon="-8.576291">
        <ele>213.64070653868853</ele>
        <time>2025-05-28T07:12:44.640Z</time>
        <extensions>
          <gpxtpx:TrackPointExtension>
            <gpxtpx:Extensions>
              <reversedirection>yes</reversedirection>
              <highway>path</highway>
            </gpxtpx:Extensions>
          </gpxtpx:TrackPointExtension>
        </extensions>
      </trkpt>
      <trkpt lat="42.876986" lon="-8.576296">
        <ele>213.254528543061</ele>
        <time>2025-05-28T07:12:53.793Z</time>
        <extensions>
          <gpxtpx:TrackPointExtension>
            <gpxtpx:Extensions>
              <reversedirection>yes</reversedirection>
              <highway>path</highway>
            </gpxtpx:Extensions>
          </gpxtpx:TrackPointExtension>
        </extensions>
      </trkpt>
      <trkpt lat="42.877011" lon="-8.576316">
        <ele>212.7783413403901</ele>
        <time>2025-05-28T07:12:56.677Z</time>
        <extensions>
          <gpxtpx:TrackPointExtension>
            <gpxtpx:Extensions>
              <reversedirection>yes</reversedirection>
              <highway>path</highway>
            </gpxtpx:Extensions>
          </gpxtpx:TrackPointExtension>
        </extensions>
      </trkpt>
      <trkpt lat="42.87709" lon="-8.57643">
        <ele>210.70155418662165</ele>
        <time>2025-05-28T07:13:08.123Z</time>
        <extensions>
          <gpxtpx:TrackPointExtension>
            <gpxtpx:Extensions>
              <reversedirection>yes</reversedirection>
              <highway>path</highway>
            </gpxtpx:Extensions>
          </gpxtpx:TrackPointExtension>
        </extensions>
      </trkpt>
      <trkpt lat="42.877238" lon="-8.576579">
        <ele>206.5374155086094</ele>
        <time>2025-05-28T07:13:26.432Z</time>
        <extensions>
          <gpxtpx:TrackPointExtension>
            <gpxtpx:Extensions>
              <reversedirection>yes</reversedirection>
              <highway>path</highway>
            </gpxtpx:Extensions>
          </gpxtpx:TrackPointExtension>
        </extensions>
      </trkpt>
      <trkpt lat="42.877268" lon="-8.576595">
        <ele>205.9850836399027</ele>
        <time>2025-05-28T07:13:29.638Z</time>
        <extensions>
          <gpxtpx:TrackPointExtension>
            <gpxtpx:Extensions>
              <reversedirection>yes</reversedirection>
              <highway>path</highway>
            </gpxtpx:Extensions>
          </gpxtpx:TrackPointExtension>
        </extensions>
      </trkpt>
      <trkpt lat="42.877318" lon="-8.576595">
        <ele>205.52361246405687</ele>
        <time>2025-05-28T07:13:34.615Z</time>
        <extensions>
          <gpxtpx:TrackPointExtension>
            <gpxtpx:Extensions>
              <reversedirection>yes</reversedirection>
              <highway>path</highway>
            </gpxtpx:Extensions>
          </gpxtpx:TrackPointExtension>
        </extensions>
      </trkpt>
      <trkpt lat="42.877442" lon="-8.576636">
        <ele>203.72940208283273</ele>
        <time>2025-05-28T07:13:47.316Z</time>
        <extensions>
          <gpxtpx:TrackPointExtension>
            <gpxtpx:Extensions>
              <reversedirection>yes</reversedirection>
              <highway>path</highway>
            </gpxtpx:Extensions>
          </gpxtpx:TrackPointExtension>
        </extensions>
      </trkpt>
      <trkpt lat="42.877581" lon="-8.576732">
        <ele>200.93256352029493</ele>
        <time>2025-05-28T07:14:02.824Z</time>
        <extensions>
          <gpxtpx:TrackPointExtension>
            <gpxtpx:Extensions>
              <reversedirection>yes</reversedirection>
              <highway>path</highway>
            </gpxtpx:Extensions>
          </gpxtpx:TrackPointExtension>
        </extensions>
      </trkpt>
      <trkpt lat="42.877664" lon="-8.576776">
        <ele>199.59819269209615</ele>
        <time>2025-05-28T07:14:11.688Z</time>
        <extensions>
          <gpxtpx:TrackPointExtension>
            <gpxtpx:Extensions>
              <reversedirection>yes</reversedirection>
              <highway>path</highway>
            </gpxtpx:Extensions>
          </gpxtpx:TrackPointExtension>
        </extensions>
      </trkpt>
      <trkpt lat="42.877697" lon="-8.576806">
        <ele>198.87287580108102</ele>
        <time>2025-05-28T07:14:15.634Z</time>
        <extensions>
          <gpxtpx:TrackPointExtension>
            <gpxtpx:Extensions>
              <reversedirection>yes</reversedirection>
              <highway>path</highway>
            </gpxtpx:Extensions>
          </gpxtpx:TrackPointExtension>
        </extensions>
      </trkpt>
      <trkpt lat="42.87775" lon="-8.576915">
        <ele>196.64015239748397</ele>
        <time>2025-05-28T07:14:25.176Z</time>
        <extensions>
          <gpxtpx:TrackPointExtension>
            <gpxtpx:Extensions>
              <reversedirection>yes</reversedirection>
              <highway>path</highway>
            </gpxtpx:Extensions>
          </gpxtpx:TrackPointExtension>
        </extensions>
      </trkpt>
      <trkpt lat="42.877832" lon="-8.577026">
        <ele>194.56809020530304</ele>
        <time>2025-05-28T07:14:36.674Z</time>
      </trkpt>
      <trkpt lat="42.877832" lon="-8.577026">
        <ele>194.56809020530304</ele>
        <time>2025-05-28T07:14:36.674Z</time>
        <extensions>
          <gpxtpx:TrackPointExtension>
            <gpxtpx:Extensions>
              <reversedirection>yes</reversedirection>
              <highway>path</highway>
            </gpxtpx:Extensions>
          </gpxtpx:TrackPointExtension>
        </extensions>
      </trkpt>
      <trkpt lat="42.877988" lon="-8.577236">
        <ele>189.68898287015136</ele>
        <time>2025-05-28T07:15:07.905Z</time>
        <extensions>
          <gpxtpx:TrackPointExtension>
            <gpxtpx:Extensions>
              <reversedirection>yes</reversedirection>
              <highway>path</highway>
            </gpxtpx:Extensions>
          </gpxtpx:TrackPointExtension>
        </extensions>
      </trkpt>
      <trkpt lat="42.878006" lon="-8.577254">
        <ele>189.19899125555605</ele>
        <time>2025-05-28T07:15:10.279Z</time>
        <extensions>
          <gpxtpx:TrackPointExtension>
            <gpxtpx:Extensions>
              <reversedirection>yes</reversedirection>
              <highway>path</highway>
            </gpxtpx:Extensions>
          </gpxtpx:TrackPointExtension>
        </extensions>
      </trkpt>
      <trkpt lat="42.878071" lon="-8.577288">
        <ele>188.34104773978328</ele>
        <time>2025-05-28T07:15:17.685Z</time>
      </trkpt>
      <trkpt lat="42.87807" lon="-8.577291">
        <ele>188.2603214260581</ele>
        <time>2025-05-28T07:15:17.941Z</time>
      </trkpt>
      <trkpt lat="42.878071" lon="-8.577288">
        <ele>188.34104773978328</ele>
        <time>2025-05-28T07:15:18.197Z</time>
        <extensions>
          <gpxtpx:TrackPointExtension>
            <gpxtpx:Extensions>
              <reversedirection>yes</reversedirection>
              <highway>path</highway>
            </gpxtpx:Extensions>
          </gpxtpx:TrackPointExtension>
        </extensions>
      </trkpt>
      <trkpt lat="42.878088" lon="-8.577296">
        <ele>188.16537695267084</ele>
        <time>2025-05-28T07:15:20.692Z</time>
        <extensions>
          <gpxtpx:TrackPointExtension>
            <gpxtpx:Extensions>
              <reversedirection>yes</reversedirection>
              <highway>path</highway>
            </gpxtpx:Extensions>
          </gpxtpx:TrackPointExtension>
        </extensions>
      </trkpt>
      <trkpt lat="42.878234" lon="-8.577411">
        <ele>186.07382756542916</ele>
        <time>2025-05-28T07:15:44.106Z</time>
        <extensions>
          <gpxtpx:TrackPointExtension>
            <gpxtpx:Extensions>
              <reversedirection>yes</reversedirection>
              <highway>path</highway>
            </gpxtpx:Extensions>
          </gpxtpx:TrackPointExtension>
        </extensions>
      </trkpt>
      <trkpt lat="42.878298" lon="-8.577436">
        <ele>185.36691398721905</ele>
        <time>2025-05-28T07:15:53.352Z</time>
        <extensions>
          <gpxtpx:TrackPointExtension>
            <gpxtpx:Extensions>
              <reversedirection>yes</reversedirection>
              <highway>path</highway>
            </gpxtpx:Extensions>
          </gpxtpx:TrackPointExtension>
        </extensions>
      </trkpt>
      <trkpt lat="42.878438" lon="-8.57747">
        <ele>182.81786630558886</ele>
        <time>2025-05-28T07:16:13.103Z</time>
        <extensions>
          <gpxtpx:TrackPointExtension>
            <gpxtpx:Extensions>
              <reversedirection>yes</reversedirection>
              <highway>path</highway>
            </gpxtpx:Extensions>
          </gpxtpx:TrackPointExtension>
        </extensions>
      </trkpt>
      <trkpt lat="42.878637" lon="-8.577497">
        <ele>180.51388266040445</ele>
        <time>2025-05-28T07:16:40.879Z</time>
        <extensions>
          <gpxtpx:TrackPointExtension>
            <gpxtpx:Extensions>
              <reversedirection>yes</reversedirection>
              <highway>path</highway>
            </gpxtpx:Extensions>
          </gpxtpx:TrackPointExtension>
        </extensions>
      </trkpt>
      <trkpt lat="42.878755" lon="-8.57746">
        <ele>180.96683914466777</ele>
        <time>2025-05-28T07:16:57.695Z</time>
        <extensions>
          <gpxtpx:TrackPointExtension>
            <gpxtpx:Extensions>
              <reversedirection>yes</reversedirection>
              <highway>path</highway>
            </gpxtpx:Extensions>
          </gpxtpx:TrackPointExtension>
        </extensions>
      </trkpt>
      <trkpt lat="42.878808" lon="-8.577469">
        <ele>180.39201874533632</ele>
        <time>2025-05-28T07:17:05.114Z</time>
        <extensions>
          <gpxtpx:TrackPointExtension>
            <gpxtpx:Extensions>
              <reversedirection>yes</reversedirection>
              <highway>path</highway>
            </gpxtpx:Extensions>
          </gpxtpx:TrackPointExtension>
        </extensions>
      </trkpt>
      <trkpt lat="42.878828" lon="-8.577485">
        <ele>179.81963602394936</ele>
        <time>2025-05-28T07:17:08.331Z</time>
        <extensions>
          <gpxtpx:TrackPointExtension>
            <gpxtpx:Extensions>
              <reversedirection>yes</reversedirection>
              <highway>path</highway>
            </gpxtpx:Extensions>
          </gpxtpx:TrackPointExtension>
        </extensions>
      </trkpt>
      <trkpt lat="42.878832" lon="-8.577487">
        <ele>179.73930296572468</ele>
        <time>2025-05-28T07:17:08.923Z</time>
        <extensions>
          <gpxtpx:TrackPointExtension>
            <gpxtpx:Extensions>
              <reversedirection>yes</reversedirection>
              <highway>path</highway>
            </gpxtpx:Extensions>
          </gpxtpx:TrackPointExtension>
        </extensions>
      </trkpt>
      <trkpt lat="42.878848" lon="-8.577517">
        <ele>178.76904037240914</ele>
        <time>2025-05-28T07:17:12.699Z</time>
        <extensions>
          <gpxtpx:TrackPointExtension>
            <gpxtpx:Extensions>
              <reversedirection>yes</reversedirection>
              <highway>path</highway>
            </gpxtpx:Extensions>
          </gpxtpx:TrackPointExtension>
        </extensions>
      </trkpt>
      <trkpt lat="42.878853" lon="-8.577546">
        <ele>177.8925557388925</ele>
        <time>2025-05-28T07:17:15.731Z</time>
        <extensions>
          <gpxtpx:TrackPointExtension>
            <gpxtpx:Extensions>
              <reversedirection>yes</reversedirection>
              <highway>path</highway>
            </gpxtpx:Extensions>
          </gpxtpx:TrackPointExtension>
        </extensions>
      </trkpt>
      <trkpt lat="42.878849" lon="-8.577575">
        <ele>177.073308245931</ele>
        <time>2025-05-28T07:17:18.738Z</time>
        <extensions>
          <gpxtpx:TrackPointExtension>
            <gpxtpx:Extensions>
              <reversedirection>yes</reversedirection>
              <highway>path</highway>
            </gpxtpx:Extensions>
          </gpxtpx:TrackPointExtension>
        </extensions>
      </trkpt>
      <trkpt lat="42.878839" lon="-8.577595">
        <ele>176.54778039596528</ele>
        <time>2025-05-28T07:17:21.205Z</time>
        <extensions>
          <gpxtpx:TrackPointExtension>
            <gpxtpx:Extensions>
              <reversedirection>yes</reversedirection>
              <highway>path</highway>
            </gpxtpx:Extensions>
          </gpxtpx:TrackPointExtension>
        </extensions>
      </trkpt>
      <trkpt lat="42.878761" lon="-8.577665">
        <ele>174.80283243116713</ele>
        <time>2025-05-28T07:17:34.172Z</time>
        <extensions>
          <gpxtpx:TrackPointExtension>
            <gpxtpx:Extensions>
              <reversedirection>yes</reversedirection>
              <highway>path</highway>
            </gpxtpx:Extensions>
          </gpxtpx:TrackPointExtension>
        </extensions>
      </trkpt>
      <trkpt lat="42.878701" lon="-8.577742">
        <ele>172.51628371133373</ele>
        <time>2025-05-28T07:17:45.613Z</time>
        <extensions>
          <gpxtpx:TrackPointExtension>
            <gpxtpx:Extensions>
              <reversedirection>yes</reversedirection>
              <highway>path</highway>
            </gpxtpx:Extensions>
          </gpxtpx:TrackPointExtension>
        </extensions>
      </trkpt>
      <trkpt lat="42.878632" lon="-8.577882">
        <ele>168.16264208855603</ele>
        <time>2025-05-28T07:18:02.786Z</time>
      </trkpt>
      <trkpt lat="42.878632" lon="-8.577882">
        <ele>168.16264208855603</ele>
        <time>2025-05-28T07:18:02.786Z</time>
        <extensions>
          <gpxtpx:TrackPointExtension>
            <gpxtpx:Extensions>
              <reversedirection>yes</reversedirection>
              <highway>path</highway>
            </gpxtpx:Extensions>
          </gpxtpx:TrackPointExtension>
        </extensions>
      </trkpt>
      <trkpt lat="42.878578" lon="-8.577937">
        <ele>166.4107159642976</ele>
        <time>2025-05-28T07:18:18.546Z</time>
        <extensions>
          <gpxtpx:TrackPointExtension>
            <gpxtpx:Extensions>
              <reversedirection>yes</reversedirection>
              <highway>path</highway>
            </gpxtpx:Extensions>
          </gpxtpx:TrackPointExtension>
        </extensions>
      </trkpt>
      <trkpt lat="42.878567" lon="-8.578">
        <ele>164.48481859697617</ele>
        <time>2025-05-28T07:18:25.383Z</time>
      </trkpt>
      <trkpt lat="42.878566" lon="-8.577998">
        <ele>164.54381307500998</ele>
        <time>2025-05-28T07:18:25.658Z</time>
      </trkpt>
      <trkpt lat="42.878567" lon="-8.578">
        <ele>164.48481859697617</ele>
        <time>2025-05-28T07:18:25.933Z</time>
        <extensions>
          <gpxtpx:TrackPointExtension>
            <gpxtpx:Extensions>
              <reversedirection>yes</reversedirection>
              <highway>path</highway>
            </gpxtpx:Extensions>
          </gpxtpx:TrackPointExtension>
        </extensions>
      </trkpt>
      <trkpt lat="42.878566" lon="-8.578006">
        <ele>164.30910789264655</ele>
        <time>2025-05-28T07:18:26.372Z</time>
        <extensions>
          <gpxtpx:TrackPointExtension>
            <gpxtpx:Extensions>
              <highway>unclassified</highway>
            </gpxtpx:Extensions>
          </gpxtpx:TrackPointExtension>
        </extensions>
      </trkpt>
      <trkpt lat="42.878721" lon="-8.577988">
        <ele>165.09317189091854</ele>
        <time>2025-05-28T07:18:41.514Z</time>
        <extensions>
          <gpxtpx:TrackPointExtension>
            <gpxtpx:Extensions>
              <highway>unclassified</highway>
            </gpxtpx:Extensions>
          </gpxtpx:TrackPointExtension>
        </extensions>
      </trkpt>
      <trkpt lat="42.878872" lon="-8.577983">
        <ele>164.98961198763118</ele>
        <time>2025-05-28T07:18:56.217Z</time>
        <extensions>
          <gpxtpx:TrackPointExtension>
            <gpxtpx:Extensions>
              <highway>unclassified</highway>
            </gpxtpx:Extensions>
          </gpxtpx:TrackPointExtension>
        </extensions>
      </trkpt>
      <trkpt lat="42.878979" lon="-8.578002">
        <ele>164.09595346180726</ele>
        <time>2025-05-28T07:19:06.720Z</time>
        <extensions>
          <gpxtpx:TrackPointExtension>
            <gpxtpx:Extensions>
              <highway>unclassified</highway>
            </gpxtpx:Extensions>
          </gpxtpx:TrackPointExtension>
        </extensions>
      </trkpt>
      <trkpt lat="42.879132" lon="-8.578094">
        <ele>160.28310800933002</ele>
        <time>2025-05-28T07:19:22.995Z</time>
        <extensions>
          <gpxtpx:TrackPointExtension>
            <gpxtpx:Extensions>
              <highway>unclassified</highway>
            </gpxtpx:Extensions>
          </gpxtpx:TrackPointExtension>
        </extensions>
      </trkpt>
      <trkpt lat="42.87915" lon="-8.578112">
        <ele>159.76202104076435</ele>
        <time>2025-05-28T07:19:25.168Z</time>
      </trkpt>
      <trkpt lat="42.879146" lon="-8.578121">
        <ele>159.64335796898615</ele>
        <time>2025-05-28T07:19:25.920Z</time>
      </trkpt>
      <trkpt lat="42.87915" lon="-8.578112">
        <ele>159.76202104076435</ele>
        <time>2025-05-28T07:19:26.824Z</time>
        <extensions>
          <gpxtpx:TrackPointExtension>
            <gpxtpx:Extensions>
              <highway>unclassified</highway>
            </gpxtpx:Extensions>
          </gpxtpx:TrackPointExtension>
        </extensions>
      </trkpt>
      <trkpt lat="42.879191" lon="-8.578149">
        <ele>158.68839818261833</ele>
        <time>2025-05-28T07:19:31.279Z</time>
        <extensions>
          <gpxtpx:TrackPointExtension>
            <gpxtpx:Extensions>
              <highway>unclassified</highway>
            </gpxtpx:Extensions>
          </gpxtpx:TrackPointExtension>
        </extensions>
      </trkpt>
      <trkpt lat="42.879237" lon="-8.57822">
        <ele>157.0638982318451</ele>
        <time>2025-05-28T07:19:37.574Z</time>
        <extensions>
          <gpxtpx:TrackPointExtension>
            <gpxtpx:Extensions>
              <highway>unclassified</highway>
            </gpxtpx:Extensions>
          </gpxtpx:TrackPointExtension>
        </extensions>
      </trkpt>
      <trkpt lat="42.879294" lon="-8.578375">
        <ele>154.3084389528551</ele>
        <time>2025-05-28T07:19:49.093Z</time>
        <extensions>
          <gpxtpx:TrackPointExtension>
            <gpxtpx:Extensions>
              <highway>unclassified</highway>
            </gpxtpx:Extensions>
          </gpxtpx:TrackPointExtension>
        </extensions>
      </trkpt>
      <trkpt lat="42.879349" lon="-8.578564">
        <ele>152.7487278113582</ele>
        <time>2025-05-28T07:20:02.600Z</time>
        <extensions>
          <gpxtpx:TrackPointExtension>
            <gpxtpx:Extensions>
              <highway>unclassified</highway>
            </gpxtpx:Extensions>
          </gpxtpx:TrackPointExtension>
        </extensions>
      </trkpt>
      <trkpt lat="42.879401" lon="-8.578756">
        <ele>151.64390330394994</ele>
        <time>2025-05-28T07:20:16.196Z</time>
        <extensions>
          <gpxtpx:TrackPointExtension>
            <gpxtpx:Extensions>
              <highway>unclassified</highway>
            </gpxtpx:Extensions>
          </gpxtpx:TrackPointExtension>
        </extensions>
      </trkpt>
      <trkpt lat="42.879409" lon="-8.578785">
        <ele>151.48716681567032</ele>
        <time>2025-05-28T07:20:18.255Z</time>
        <extensions>
          <gpxtpx:TrackPointExtension>
            <gpxtpx:Extensions>
              <highway>unclassified</highway>
            </gpxtpx:Extensions>
          </gpxtpx:TrackPointExtension>
        </extensions>
      </trkpt>
      <trkpt lat="42.879479" lon="-8.579087">
        <ele>150.70992823208294</ele>
        <time>2025-05-28T07:20:39.293Z</time>
        <extensions>
          <gpxtpx:TrackPointExtension>
            <gpxtpx:Extensions>
              <highway>unclassified</highway>
            </gpxtpx:Extensions>
          </gpxtpx:TrackPointExtension>
        </extensions>
      </trkpt>
      <trkpt lat="42.87948" lon="-8.579261">
        <ele>151.19033908883227</ele>
        <time>2025-05-28T07:20:50.850Z</time>
        <extensions>
          <gpxtpx:TrackPointExtension>
            <gpxtpx:Extensions>
              <highway>unclassified</highway>
            </gpxtpx:Extensions>
          </gpxtpx:TrackPointExtension>
        </extensions>
      </trkpt>
      <trkpt lat="42.879431" lon="-8.579511">
        <ele>151.7857430119791</ele>
        <time>2025-05-28T07:21:08.038Z</time>
        <extensions>
          <gpxtpx:TrackPointExtension>
            <gpxtpx:Extensions>
              <highway>unclassified</highway>
            </gpxtpx:Extensions>
          </gpxtpx:TrackPointExtension>
        </extensions>
      </trkpt>
      <trkpt lat="42.879404" lon="-8.579662">
        <ele>152.32971162931182</ele>
        <time>2025-05-28T07:21:18.362Z</time>
      </trkpt>
      <trkpt lat="42.879404" lon="-8.57966">
        <ele>152.3157306159393</ele>
        <time>2025-05-28T07:21:18.516Z</time>
        <extensions>
          <gpxtpx:TrackPointExtension>
            <gpxtpx:Extensions>
              <highway>unclassified</highway>
            </gpxtpx:Extensions>
          </gpxtpx:TrackPointExtension>
        </extensions>
      </trkpt>
      <trkpt lat="42.87939" lon="-8.57974">
        <ele>152.77379017121888</ele>
        <time>2025-05-28T07:21:25.255Z</time>
        <extensions>
          <gpxtpx:TrackPointExtension>
            <gpxtpx:Extensions>
              <highway>unclassified</highway>
            </gpxtpx:Extensions>
          </gpxtpx:TrackPointExtension>
        </extensions>
      </trkpt>
      <trkpt lat="42.879316" lon="-8.58005">
        <ele>154.3317969729947</ele>
        <time>2025-05-28T07:21:46.675Z</time>
      </trkpt>
      <trkpt lat="42.879315" lon="-8.580048">
        <ele>154.30043950527164</ele>
        <time>2025-05-28T07:21:46.828Z</time>
      </trkpt>
      <trkpt lat="42.879316" lon="-8.58005">
        <ele>154.3317969729947</ele>
        <time>2025-05-28T07:21:46.981Z</time>
        <extensions>
          <gpxtpx:TrackPointExtension>
            <gpxtpx:Extensions>
              <highway>unclassified</highway>
            </gpxtpx:Extensions>
          </gpxtpx:TrackPointExtension>
        </extensions>
      </trkpt>
      <trkpt lat="42.879309" lon="-8.580079">
        <ele>154.4947519939166</ele>
        <time>2025-05-28T07:21:48.813Z</time>
        <extensions>
          <gpxtpx:TrackPointExtension>
            <gpxtpx:Extensions>
              <highway>unclassified</highway>
            </gpxtpx:Extensions>
          </gpxtpx:TrackPointExtension>
        </extensions>
      </trkpt>
      <trkpt lat="42.879287" lon="-8.580137">
        <ele>154.72323305483255</ele>
        <time>2025-05-28T07:21:52.731Z</time>
        <extensions>
          <gpxtpx:TrackPointExtension>
            <gpxtpx:Extensions>
              <highway>unclassified</highway>
            </gpxtpx:Extensions>
          </gpxtpx:TrackPointExtension>
        </extensions>
      </trkpt>
      <trkpt lat="42.879118" lon="-8.580522">
        <ele>155.6013167009247</ele>
        <time>2025-05-28T07:22:19.660Z</time>
        <extensions>
          <gpxtpx:TrackPointExtension>
            <gpxtpx:Extensions>
              <highway>unclassified</highway>
            </gpxtpx:Extensions>
          </gpxtpx:TrackPointExtension>
        </extensions>
      </trkpt>
      <trkpt lat="42.878951" lon="-8.580879">
        <ele>158.18153639175068</ele>
        <time>2025-05-28T07:22:45.074Z</time>
        <extensions>
          <gpxtpx:TrackPointExtension>
            <gpxtpx:Extensions>
              <reversedirection>yes</reversedirection>
              <highway>unclassified</highway>
            </gpxtpx:Extensions>
          </gpxtpx:TrackPointExtension>
        </extensions>
      </trkpt>
      <trkpt lat="42.878736" lon="-8.581038">
        <ele>159.78620154080238</ele>
        <time>2025-05-28T07:23:05.098Z</time>
        <extensions>
          <gpxtpx:TrackPointExtension>
            <gpxtpx:Extensions>
              <reversedirection>yes</reversedirection>
              <highway>unclassified</highway>
            </gpxtpx:Extensions>
          </gpxtpx:TrackPointExtension>
        </extensions>
      </trkpt>
      <trkpt lat="42.878087" lon="-8.581549">
        <ele>165.38683631753193</ele>
        <time>2025-05-28T07:24:06.453Z</time>
        <extensions>
          <gpxtpx:TrackPointExtension>
            <gpxtpx:Extensions>
              <reversedirection>yes</reversedirection>
              <highway>unclassified</highway>
            </gpxtpx:Extensions>
          </gpxtpx:TrackPointExtension>
        </extensions>
      </trkpt>
      <trkpt lat="42.877626" lon="-8.581911">
        <ele>163.7851292366867</ele>
        <time>2025-05-28T07:24:50.005Z</time>
      </trkpt>
      <trkpt lat="42.877627" lon="-8.58191">
        <ele>163.79487471685346</ele>
        <time>2025-05-28T07:24:50.103Z</time>
        <extensions>
          <gpxtpx:TrackPointExtension>
            <gpxtpx:Extensions>
              <reversedirection>yes</reversedirection>
              <highway>unclassified</highway>
            </gpxtpx:Extensions>
          </gpxtpx:TrackPointExtension>
        </extensions>
      </trkpt>
      <trkpt lat="42.877625" lon="-8.581911">
        <ele>163.78353934767725</ele>
        <time>2025-05-28T07:24:50.259Z</time>
        <extensions>
          <gpxtpx:TrackPointExtension>
            <gpxtpx:Extensions>
              <reversedirection>yes</reversedirection>
              <highway>unclassified</highway>
            </gpxtpx:Extensions>
          </gpxtpx:TrackPointExtension>
        </extensions>
      </trkpt>
      <trkpt lat="42.877636" lon="-8.582006">
        <ele>162.93870256857042</ele>
        <time>2025-05-28T07:24:56.255Z</time>
        <extensions>
          <gpxtpx:TrackPointExtension>
            <gpxtpx:Extensions>
              <reversedirection>yes</reversedirection>
              <highway>unclassified</highway>
            </gpxtpx:Extensions>
          </gpxtpx:TrackPointExtension>
        </extensions>
      </trkpt>
      <trkpt lat="42.877814" lon="-8.582753">
        <ele>160.7414622481454</ele>
        <time>2025-05-28T07:25:45.233Z</time>
        <extensions>
          <gpxtpx:TrackPointExtension>
            <gpxtpx:Extensions>
              <reversedirection>yes</reversedirection>
              <highway>unclassified</highway>
            </gpxtpx:Extensions>
          </gpxtpx:TrackPointExtension>
        </extensions>
      </trkpt>
      <trkpt lat="42.8783" lon="-8.584919">
        <ele>160.6164090304174</ele>
        <time>2025-05-28T07:28:06.479Z</time>
      </trkpt>
      <trkpt lat="42.8783" lon="-8.584919">
        <ele>160.6164090304174</ele>
        <time>2025-05-28T07:28:06.479Z</time>
        <extensions>
          <gpxtpx:TrackPointExtension>
            <gpxtpx:Extensions>
              <reversedirection>yes</reversedirection>
              <highway>unclassified</highway>
            </gpxtpx:Extensions>
          </gpxtpx:TrackPointExtension>
        </extensions>
      </trkpt>
      <trkpt lat="42.878307" lon="-8.584947">
        <ele>160.57342299209003</ele>
        <time>2025-05-28T07:28:06.917Z</time>
        <extensions>
          <gpxtpx:TrackPointExtension>
            <gpxtpx:Extensions>
              <reversedirection>yes</reversedirection>
              <highway>unclassified</highway>
            </gpxtpx:Extensions>
          </gpxtpx:TrackPointExtension>
        </extensions>
      </trkpt>
      <trkpt lat="42.878345" lon="-8.585014">
        <ele>160.59468269947556</ele>
        <time>2025-05-28T07:28:12.340Z</time>
        <extensions>
          <gpxtpx:TrackPointExtension>
            <gpxtpx:Extensions>
              <reversedirection>yes</reversedirection>
              <highway>unclassified</highway>
            </gpxtpx:Extensions>
          </gpxtpx:TrackPointExtension>
        </extensions>
      </trkpt>
      <trkpt lat="42.878392" lon="-8.585037">
        <ele>160.731221708309</ele>
        <time>2025-05-28T07:28:16.702Z</time>
        <extensions>
          <gpxtpx:TrackPointExtension>
            <gpxtpx:Extensions>
              <reversedirection>yes</reversedirection>
              <highway>unclassified</highway>
            </gpxtpx:Extensions>
          </gpxtpx:TrackPointExtension>
        </extensions>
      </trkpt>
      <trkpt lat="42.879102" lon="-8.585099">
        <ele>164.1722129413395</ele>
        <time>2025-05-28T07:29:18.849Z</time>
      </trkpt>
      <trkpt lat="42.879102" lon="-8.585099">
        <ele>164.1722129413395</ele>
        <time>2025-05-28T07:29:18.849Z</time>
        <extensions>
          <gpxtpx:TrackPointExtension>
            <gpxtpx:Extensions>
              <reversedirection>yes</reversedirection>
              <highway>unclassified</highway>
            </gpxtpx:Extensions>
          </gpxtpx:TrackPointExtension>
        </extensions>
      </trkpt>
      <trkpt lat="42.879107" lon="-8.585099">
        <ele>164.21991075463617</ele>
        <time>2025-05-28T07:29:18.877Z</time>
        <extensions>
          <gpxtpx:TrackPointExtension>
            <gpxtpx:Extensions>
              <reversedirection>yes</reversedirection>
              <highway>unclassified</highway>
              <route_bicycle_icn>yes</route_bicycle_icn>
            </gpxtpx:Extensions>
          </gpxtpx:TrackPointExtension>
        </extensions>
      </trkpt>
      <trkpt lat="42.879078" lon="-8.585349">
        <ele>162.60021680164945</ele>
        <time>2025-05-28T07:29:36.242Z</time>
        <extensions>
          <gpxtpx:TrackPointExtension>
            <gpxtpx:Extensions>
              <reversedirection>yes</reversedirection>
              <highway>unclassified</highway>
              <route_bicycle_icn>yes</route_bicycle_icn>
            </gpxtpx:Extensions>
          </gpxtpx:TrackPointExtension>
        </extensions>
      </trkpt>
      <trkpt lat="42.879058" lon="-8.586086">
        <ele>158.76458967556565</ele>
        <time>2025-05-28T07:30:26.839Z</time>
        <extensions>
          <gpxtpx:TrackPointExtension>
            <gpxtpx:Extensions>
              <reversedirection>yes</reversedirection>
              <highway>unclassified</highway>
              <route_bicycle_icn>yes</route_bicycle_icn>
            </gpxtpx:Extensions>
          </gpxtpx:TrackPointExtension>
        </extensions>
      </trkpt>
      <trkpt lat="42.879052" lon="-8.586331">
        <ele>157.4234989162216</ele>
        <time>2025-05-28T07:30:43.656Z</time>
        <extensions>
          <gpxtpx:TrackPointExtension>
            <gpxtpx:Extensions>
              <reversedirection>yes</reversedirection>
              <highway>residential</highway>
            </gpxtpx:Extensions>
          </gpxtpx:TrackPointExtension>
        </extensions>
      </trkpt>
      <trkpt lat="42.879205" lon="-8.586447">
        <ele>157.58415654778946</ele>
        <time>2025-05-28T07:31:00.042Z</time>
      </trkpt>
      <trkpt lat="42.879205" lon="-8.586447">
        <ele>157.58415654778946</ele>
        <time>2025-05-28T07:31:00.042Z</time>
        <extensions>
          <gpxtpx:TrackPointExtension>
            <gpxtpx:Extensions>
              <reversedirection>yes</reversedirection>
              <highway>residential</highway>
            </gpxtpx:Extensions>
          </gpxtpx:TrackPointExtension>
        </extensions>
      </trkpt>
      <trkpt lat="42.879215" lon="-8.586454">
        <ele>157.62287508358713</ele>
        <time>2025-05-28T07:31:01.090Z</time>
        <extensions>
          <gpxtpx:TrackPointExtension>
            <gpxtpx:Extensions>
              <reversedirection>yes</reversedirection>
              <highway>residential</highway>
            </gpxtpx:Extensions>
          </gpxtpx:TrackPointExtension>
        </extensions>
      </trkpt>
      <trkpt lat="42.879484" lon="-8.586787">
        <ele>157.33307467307955</ele>
        <time>2025-05-28T07:31:36.789Z</time>
        <extensions>
          <gpxtpx:TrackPointExtension>
            <gpxtpx:Extensions>
              <reversedirection>yes</reversedirection>
              <highway>residential</highway>
            </gpxtpx:Extensions>
          </gpxtpx:TrackPointExtension>
        </extensions>
      </trkpt>
      <trkpt lat="42.879624" lon="-8.586937">
        <ele>155.95706245548268</ele>
        <time>2025-05-28T07:31:54.284Z</time>
      </trkpt>
      <trkpt lat="42.879625" lon="-8.586935">
        <ele>155.9799932184669</ele>
        <time>2025-05-28T07:31:54.470Z</time>
      </trkpt>
      <trkpt lat="42.879624" lon="-8.586937">
        <ele>155.95706245548268</ele>
        <time>2025-05-28T07:31:54.656Z</time>
        <extensions>
          <gpxtpx:TrackPointExtension>
            <gpxtpx:Extensions>
              <reversedirection>yes</reversedirection>
              <highway>residential</highway>
            </gpxtpx:Extensions>
          </gpxtpx:TrackPointExtension>
        </extensions>
      </trkpt>
      <trkpt lat="42.879664" lon="-8.586978">
        <ele>155.54708508050194</ele>
        <time>2025-05-28T07:31:59.109Z</time>
        <extensions>
          <gpxtpx:TrackPointExtension>
            <gpxtpx:Extensions>
              <reversedirection>yes</reversedirection>
              <highway>residential</highway>
            </gpxtpx:Extensions>
          </gpxtpx:TrackPointExtension>
        </extensions>
      </trkpt>
      <trkpt lat="42.879848" lon="-8.587068">
        <ele>155.11583667902818</ele>
        <time>2025-05-28T07:32:16.512Z</time>
        <extensions>
          <gpxtpx:TrackPointExtension>
            <gpxtpx:Extensions>
              <reversedirection>yes</reversedirection>
              <highway>residential</highway>
            </gpxtpx:Extensions>
          </gpxtpx:TrackPointExtension>
        </extensions>
      </trkpt>
      <trkpt lat="42.879997" lon="-8.587106">
        <ele>155.20264776253987</ele>
        <time>2025-05-28T07:32:30.008Z</time>
        <extensions>
          <gpxtpx:TrackPointExtension>
            <gpxtpx:Extensions>
              <reversedirection>yes</reversedirection>
              <highway>residential</highway>
            </gpxtpx:Extensions>
          </gpxtpx:TrackPointExtension>
        </extensions>
      </trkpt>
      <trkpt lat="42.880106" lon="-8.587121">
        <ele>155.459405726195</ele>
        <time>2025-05-28T07:32:39.762Z</time>
        <extensions>
          <gpxtpx:TrackPointExtension>
            <gpxtpx:Extensions>
              <reversedirection>yes</reversedirection>
              <highway>residential</highway>
            </gpxtpx:Extensions>
          </gpxtpx:TrackPointExtension>
        </extensions>
      </trkpt>
      <trkpt lat="42.880112" lon="-8.587125">
        <ele>155.43188178441557</ele>
        <time>2025-05-28T07:32:40.355Z</time>
        <extensions>
          <gpxtpx:TrackPointExtension>
            <gpxtpx:Extensions>
              <reversedirection>yes</reversedirection>
              <highway>residential</highway>
            </gpxtpx:Extensions>
          </gpxtpx:TrackPointExtension>
        </extensions>
      </trkpt>
      <trkpt lat="42.880169" lon="-8.587162">
        <ele>155.18205527374658</ele>
        <time>2025-05-28T07:32:45.974Z</time>
        <extensions>
          <gpxtpx:TrackPointExtension>
            <gpxtpx:Extensions>
              <reversedirection>yes</reversedirection>
              <highway>residential</highway>
            </gpxtpx:Extensions>
          </gpxtpx:TrackPointExtension>
        </extensions>
      </trkpt>
      <trkpt lat="42.880241" lon="-8.587225">
        <ele>154.63473721661157</ele>
        <time>2025-05-28T07:32:53.589Z</time>
        <extensions>
          <gpxtpx:TrackPointExtension>
            <gpxtpx:Extensions>
              <reversedirection>yes</reversedirection>
              <highway>residential</highway>
            </gpxtpx:Extensions>
          </gpxtpx:TrackPointExtension>
        </extensions>
      </trkpt>
      <trkpt lat="42.880224" lon="-8.587512">
        <ele>151.90909783539905</ele>
        <time>2025-05-28T07:33:12.375Z</time>
        <extensions>
          <gpxtpx:TrackPointExtension>
            <gpxtpx:Extensions>
              <reversedirection>yes</reversedirection>
              <highway>unclassified</highway>
            </gpxtpx:Extensions>
          </gpxtpx:TrackPointExtension>
        </extensions>
      </trkpt>
      <trkpt lat="42.880226" lon="-8.587514">
        <ele>151.89914647706397</ele>
        <time>2025-05-28T07:33:12.603Z</time>
      </trkpt>
      <trkpt lat="42.880226" lon="-8.587514">
        <ele>151.89914647706397</ele>
        <time>2025-05-28T07:33:12.603Z</time>
        <extensions>
          <gpxtpx:TrackPointExtension>
            <gpxtpx:Extensions>
              <reversedirection>yes</reversedirection>
              <highway>unclassified</highway>
            </gpxtpx:Extensions>
          </gpxtpx:TrackPointExtension>
        </extensions>
      </trkpt>
      <trkpt lat="42.880352" lon="-8.587609">
        <ele>151.35659616887637</ele>
        <time>2025-05-28T07:42:13.288Z</time>
        <extensions>
          <gpxtpx:TrackPointExtension>
            <gpxtpx:Extensions>
              <highway>residential</highway>
              <surface>paved</surface>
            </gpxtpx:Extensions>
          </gpxtpx:TrackPointExtension>
        </extensions>
      </trkpt>
      <trkpt lat="42.880353" lon="-8.5876">
        <ele>151.4399213749931</ele>
        <time>2025-05-28T07:42:13.822Z</time>
      </trkpt>
      <trkpt lat="42.880353" lon="-8.587598">
        <ele>151.45804823256668</ele>
        <time>2025-05-28T07:42:13.918Z</time>
        <extensions>
          <gpxtpx:TrackPointExtension>
            <gpxtpx:Extensions>
              <reversedirection>yes</reversedirection>
              <highway>residential</highway>
              <surface>paved</surface>
            </gpxtpx:Extensions>
          </gpxtpx:TrackPointExtension>
        </extensions>
      </trkpt>
      <trkpt lat="42.880352" lon="-8.587609">
        <ele>151.35659616887637</ele>
        <time>2025-05-28T07:42:40.336Z</time>
        <extensions>
          <gpxtpx:TrackPointExtension>
            <gpxtpx:Extensions>
              <reversedirection>yes</reversedirection>
              <highway>unclassified</highway>
            </gpxtpx:Extensions>
          </gpxtpx:TrackPointExtension>
        </extensions>
      </trkpt>
      <trkpt lat="42.88016" lon="-8.588665">
        <ele>146.671008891403</ele>
        <time>2025-05-28T07:43:49.872Z</time>
        <extensions>
          <gpxtpx:TrackPointExtension>
            <gpxtpx:Extensions>
              <reversedirection>yes</reversedirection>
              <highway>unclassified</highway>
            </gpxtpx:Extensions>
          </gpxtpx:TrackPointExtension>
        </extensions>
      </trkpt>
      <trkpt lat="42.88013" lon="-8.588805">
        <ele>147.41945674603073</ele>
        <time>2025-05-28T07:43:59.194Z</time>
        <extensions>
          <gpxtpx:TrackPointExtension>
            <gpxtpx:Extensions>
              <reversedirection>yes</reversedirection>
              <highway>unclassified</highway>
            </gpxtpx:Extensions>
          </gpxtpx:TrackPointExtension>
        </extensions>
      </trkpt>
      <trkpt lat="42.880049" lon="-8.589165">
        <ele>150.40940593299595</ele>
        <time>2025-05-28T07:44:23.262Z</time>
        <extensions>
          <gpxtpx:TrackPointExtension>
            <gpxtpx:Extensions>
              <reversedirection>yes</reversedirection>
              <highway>unclassified</highway>
            </gpxtpx:Extensions>
          </gpxtpx:TrackPointExtension>
        </extensions>
      </trkpt>
      <trkpt lat="42.880027" lon="-8.589215">
        <ele>150.80548185953012</ele>
        <time>2025-05-28T07:44:26.989Z</time>
      </trkpt>
      <trkpt lat="42.880028" lon="-8.589214">
        <ele>150.7993410857402</ele>
        <time>2025-05-28T07:44:27.117Z</time>
        <extensions>
          <gpxtpx:TrackPointExtension>
            <gpxtpx:Extensions>
              <reversedirection>yes</reversedirection>
              <highway>unclassified</highway>
            </gpxtpx:Extensions>
          </gpxtpx:TrackPointExtension>
        </extensions>
      </trkpt>
      <trkpt lat="42.879981" lon="-8.589323">
        <ele>151.7524550020008</ele>
        <time>2025-05-28T07:44:35.199Z</time>
        <extensions>
          <gpxtpx:TrackPointExtension>
            <gpxtpx:Extensions>
              <reversedirection>yes</reversedirection>
              <highway>unclassified</highway>
            </gpxtpx:Extensions>
          </gpxtpx:TrackPointExtension>
        </extensions>
      </trkpt>
      <trkpt lat="42.879644" lon="-8.589688">
        <ele>153.30485787787384</ele>
        <time>2025-05-28T07:45:11.054Z</time>
        <extensions>
          <gpxtpx:TrackPointExtension>
            <gpxtpx:Extensions>
              <reversedirection>yes</reversedirection>
              <highway>unclassified</highway>
            </gpxtpx:Extensions>
          </gpxtpx:TrackPointExtension>
        </extensions>
      </trkpt>
      <trkpt lat="42.879406" lon="-8.589887">
        <ele>153.20449723564158</ele>
        <time>2025-05-28T07:45:34.315Z</time>
        <extensions>
          <gpxtpx:TrackPointExtension>
            <gpxtpx:Extensions>
              <reversedirection>yes</reversedirection>
              <highway>unclassified</highway>
            </gpxtpx:Extensions>
          </gpxtpx:TrackPointExtension>
        </extensions>
      </trkpt>
      <trkpt lat="42.878737" lon="-8.590286">
        <ele>152.45455752089723</ele>
        <time>2025-05-28T07:46:35.160Z</time>
        <extensions>
          <gpxtpx:TrackPointExtension>
            <gpxtpx:Extensions>
              <reversedirection>yes</reversedirection>
              <highway>unclassified</highway>
            </gpxtpx:Extensions>
          </gpxtpx:TrackPointExtension>
        </extensions>
      </trkpt>
      <trkpt lat="42.878485" lon="-8.590319">
        <ele>150.01200469806878</ele>
        <time>2025-05-28T07:46:56.257Z</time>
      </trkpt>
      <trkpt lat="42.878487" lon="-8.590319">
        <ele>150.0310836321683</ele>
        <time>2025-05-28T07:46:56.416Z</time>
        <extensions>
          <gpxtpx:TrackPointExtension>
            <gpxtpx:Extensions>
              <reversedirection>yes</reversedirection>
              <highway>unclassified</highway>
            </gpxtpx:Extensions>
          </gpxtpx:TrackPointExtension>
        </extensions>
      </trkpt>
      <trkpt lat="42.878485" lon="-8.590319">
        <ele>150.01200469806878</ele>
        <time>2025-05-28T07:46:57.207Z</time>
        <extensions>
          <gpxtpx:TrackPointExtension>
            <gpxtpx:Extensions>
              <reversedirection>yes</reversedirection>
              <highway>unclassified</highway>
            </gpxtpx:Extensions>
          </gpxtpx:TrackPointExtension>
        </extensions>
      </trkpt>
      <trkpt lat="42.878548" lon="-8.590435">
        <ele>152.16068525929103</ele>
        <time>2025-05-28T07:47:05.981Z</time>
      </trkpt>
      <trkpt lat="42.878557" lon="-8.590426">
        <ele>152.1455064109768</ele>
        <time>2025-05-28T07:47:06.906Z</time>
      </trkpt>
      <trkpt lat="42.878548" lon="-8.590435">
        <ele>152.16068525929103</ele>
        <time>2025-05-28T07:47:07.831Z</time>
        <extensions>
          <gpxtpx:TrackPointExtension>
            <gpxtpx:Extensions>
              <reversedirection>yes</reversedirection>
              <highway>unclassified</highway>
            </gpxtpx:Extensions>
          </gpxtpx:TrackPointExtension>
        </extensions>
      </trkpt>
      <trkpt lat="42.878952" lon="-8.591174">
        <ele>161.83203674911135</ele>
        <time>2025-05-28T07:48:09.075Z</time>
        <extensions>
          <gpxtpx:TrackPointExtension>
            <gpxtpx:Extensions>
              <reversedirection>yes</reversedirection>
              <highway>unclassified</highway>
            </gpxtpx:Extensions>
          </gpxtpx:TrackPointExtension>
        </extensions>
      </trkpt>
      <trkpt lat="42.879308" lon="-8.591768">
        <ele>164.48607558142805</ele>
        <time>2025-05-28T07:49:00.048Z</time>
        <extensions>
          <gpxtpx:TrackPointExtension>
            <gpxtpx:Extensions>
              <reversedirection>yes</reversedirection>
              <highway>unclassified</highway>
            </gpxtpx:Extensions>
          </gpxtpx:TrackPointExtension>
        </extensions>
      </trkpt>
      <trkpt lat="42.879868" lon="-8.592505">
        <ele>166.935086378518</ele>
        <time>2025-05-28T07:50:10.571Z</time>
        <extensions>
          <gpxtpx:TrackPointExtension>
            <gpxtpx:Extensions>
              <reversedirection>yes</reversedirection>
              <highway>unclassified</highway>
            </gpxtpx:Extensions>
          </gpxtpx:TrackPointExtension>
        </extensions>
      </trkpt>
      <trkpt lat="42.880152" lon="-8.592896">
        <ele>171.11402392932314</ele>
        <time>2025-05-28T07:50:47.140Z</time>
        <extensions>
          <gpxtpx:TrackPointExtension>
            <gpxtpx:Extensions>
              <reversedirection>yes</reversedirection>
              <highway>unclassified</highway>
            </gpxtpx:Extensions>
          </gpxtpx:TrackPointExtension>
        </extensions>
      </trkpt>
      <trkpt lat="42.880235" lon="-8.593009">
        <ele>172.75477402796423</ele>
        <time>2025-05-28T07:50:57.767Z</time>
        <extensions>
          <gpxtpx:TrackPointExtension>
            <gpxtpx:Extensions>
              <reversedirection>yes</reversedirection>
              <highway>track</highway>
            </gpxtpx:Extensions>
          </gpxtpx:TrackPointExtension>
        </extensions>
      </trkpt>
      <trkpt lat="42.880324" lon="-8.593339">
        <ele>174.87473681570677</ele>
        <time>2025-05-28T07:51:21.124Z</time>
        <extensions>
          <gpxtpx:TrackPointExtension>
            <gpxtpx:Extensions>
              <reversedirection>yes</reversedirection>
              <highway>track</highway>
            </gpxtpx:Extensions>
          </gpxtpx:TrackPointExtension>
        </extensions>
      </trkpt>
      <trkpt lat="42.880516" lon="-8.594056">
        <ele>178.53147963989355</ele>
        <time>2025-05-28T07:52:11.831Z</time>
        <extensions>
          <gpxtpx:TrackPointExtension>
            <gpxtpx:Extensions>
              <reversedirection>yes</reversedirection>
              <highway>track</highway>
            </gpxtpx:Extensions>
          </gpxtpx:TrackPointExtension>
        </extensions>
      </trkpt>
      <trkpt lat="42.880533" lon="-8.594091">
        <ele>178.66678447462527</ele>
        <time>2025-05-28T07:52:14.621Z</time>
      </trkpt>
      <trkpt lat="42.880533" lon="-8.594091">
        <ele>178.66678447462527</ele>
        <time>2025-05-28T07:52:14.621Z</time>
        <extensions>
          <gpxtpx:TrackPointExtension>
            <gpxtpx:Extensions>
              <reversedirection>yes</reversedirection>
              <highway>track</highway>
            </gpxtpx:Extensions>
          </gpxtpx:TrackPointExtension>
        </extensions>
      </trkpt>
      <trkpt lat="42.880591" lon="-8.594206">
        <ele>178.94775914959706</ele>
        <time>2025-05-28T07:52:26.691Z</time>
        <extensions>
          <gpxtpx:TrackPointExtension>
            <gpxtpx:Extensions>
              <reversedirection>yes</reversedirection>
              <highway>track</highway>
            </gpxtpx:Extensions>
          </gpxtpx:TrackPointExtension>
        </extensions>
      </trkpt>
      <trkpt lat="42.880708" lon="-8.594271">
        <ele>179.8968777945972</ele>
        <time>2025-05-28T07:52:38.558Z</time>
        <extensions>
          <gpxtpx:TrackPointExtension>
            <gpxtpx:Extensions>
              <reversedirection>yes</reversedirection>
              <highway>track</highway>
            </gpxtpx:Extensions>
          </gpxtpx:TrackPointExtension>
        </extensions>
      </trkpt>
      <trkpt lat="42.880857" lon="-8.594274">
        <ele>181.32664668704479</ele>
        <time>2025-05-28T07:52:52.557Z</time>
        <extensions>
          <gpxtpx:TrackPointExtension>
            <gpxtpx:Extensions>
              <reversedirection>yes</reversedirection>
              <highway>track</highway>
            </gpxtpx:Extensions>
          </gpxtpx:TrackPointExtension>
        </extensions>
      </trkpt>
      <trkpt lat="42.881149" lon="-8.594316">
        <ele>184.05295012383328</ele>
        <time>2025-05-28T07:53:20.140Z</time>
        <extensions>
          <gpxtpx:TrackPointExtension>
            <gpxtpx:Extensions>
              <reversedirection>yes</reversedirection>
              <highway>track</highway>
            </gpxtpx:Extensions>
          </gpxtpx:TrackPointExtension>
        </extensions>
      </trkpt>
      <trkpt lat="42.881402" lon="-8.594422">
        <ele>186.7438490882882</ele>
        <time>2025-05-28T07:53:45.003Z</time>
        <extensions>
          <gpxtpx:TrackPointExtension>
            <gpxtpx:Extensions>
              <reversedirection>yes</reversedirection>
              <highway>track</highway>
            </gpxtpx:Extensions>
          </gpxtpx:TrackPointExtension>
        </extensions>
      </trkpt>
      <trkpt lat="42.881467" lon="-8.594503">
        <ele>187.2350629747477</ele>
        <time>2025-05-28T07:53:53.272Z</time>
      </trkpt>
      <trkpt lat="42.881467" lon="-8.594503">
        <ele>187.2350629747477</ele>
        <time>2025-05-28T07:53:53.272Z</time>
        <extensions>
          <gpxtpx:TrackPointExtension>
            <gpxtpx:Extensions>
              <reversedirection>yes</reversedirection>
              <highway>track</highway>
            </gpxtpx:Extensions>
          </gpxtpx:TrackPointExtension>
        </extensions>
      </trkpt>
      <trkpt lat="42.881474" lon="-8.59451">
        <ele>187.28337520151837</ele>
        <time>2025-05-28T07:53:54.316Z</time>
        <extensions>
          <gpxtpx:TrackPointExtension>
            <gpxtpx:Extensions>
              <reversedirection>yes</reversedirection>
              <highway>track</highway>
            </gpxtpx:Extensions>
          </gpxtpx:TrackPointExtension>
        </extensions>
      </trkpt>
      <trkpt lat="42.881505" lon="-8.594646">
        <ele>187.61500230059073</ele>
        <time>2025-05-28T07:54:04.692Z</time>
        <extensions>
          <gpxtpx:TrackPointExtension>
            <gpxtpx:Extensions>
              <reversedirection>yes</reversedirection>
              <highway>track</highway>
            </gpxtpx:Extensions>
          </gpxtpx:TrackPointExtension>
        </extensions>
      </trkpt>
      <trkpt lat="42.88154" lon="-8.594941">
        <ele>190.4659908126903</ele>
        <time>2025-05-28T07:54:26.463Z</time>
        <extensions>
          <gpxtpx:TrackPointExtension>
            <gpxtpx:Extensions>
              <reversedirection>yes</reversedirection>
              <highway>track</highway>
            </gpxtpx:Extensions>
          </gpxtpx:TrackPointExtension>
        </extensions>
      </trkpt>
      <trkpt lat="42.88155" lon="-8.595183">
        <ele>193.38641977895165</ele>
        <time>2025-05-28T07:54:44.121Z</time>
      </trkpt>
      <trkpt lat="42.881548" lon="-8.595183">
        <ele>193.3605344076354</ele>
        <time>2025-05-28T07:54:44.328Z</time>
      </trkpt>
      <trkpt lat="42.88155" lon="-8.595183">
        <ele>193.38641977895165</ele>
        <time>2025-05-28T07:54:45.383Z</time>
        <extensions>
          <gpxtpx:TrackPointExtension>
            <gpxtpx:Extensions>
              <reversedirection>yes</reversedirection>
              <highway>track</highway>
            </gpxtpx:Extensions>
          </gpxtpx:TrackPointExtension>
        </extensions>
      </trkpt>
      <trkpt lat="42.881552" lon="-8.595224">
        <ele>193.88249013980953</ele>
        <time>2025-05-28T07:54:48.028Z</time>
        <extensions>
          <gpxtpx:TrackPointExtension>
            <gpxtpx:Extensions>
              <reversedirection>yes</reversedirection>
              <highway>track</highway>
            </gpxtpx:Extensions>
          </gpxtpx:TrackPointExtension>
        </extensions>
      </trkpt>
      <trkpt lat="42.881503" lon="-8.595288">
        <ele>193.77558081562185</ele>
        <time>2025-05-28T07:54:53.985Z</time>
        <extensions>
          <gpxtpx:TrackPointExtension>
            <gpxtpx:Extensions>
              <reversedirection>yes</reversedirection>
              <highway>track</highway>
            </gpxtpx:Extensions>
          </gpxtpx:TrackPointExtension>
        </extensions>
      </trkpt>
      <trkpt lat="42.881406" lon="-8.59532">
        <ele>192.6238341693896</ele>
        <time>2025-05-28T07:55:02.750Z</time>
        <extensions>
          <gpxtpx:TrackPointExtension>
            <gpxtpx:Extensions>
              <highway>residential</highway>
            </gpxtpx:Extensions>
          </gpxtpx:TrackPointExtension>
        </extensions>
      </trkpt>
      <trkpt lat="42.881332" lon="-8.59533">
        <ele>191.6927692786819</ele>
        <time>2025-05-28T07:55:09.281Z</time>
        <extensions>
          <gpxtpx:TrackPointExtension>
            <gpxtpx:Extensions>
              <highway>residential</highway>
            </gpxtpx:Extensions>
          </gpxtpx:TrackPointExtension>
        </extensions>
      </trkpt>
      <trkpt lat="42.881207" lon="-8.595363">
        <ele>190.5958518520087</ele>
        <time>2025-05-28T07:55:20.464Z</time>
        <extensions>
          <gpxtpx:TrackPointExtension>
            <gpxtpx:Extensions>
              <highway>residential</highway>
            </gpxtpx:Extensions>
          </gpxtpx:TrackPointExtension>
        </extensions>
      </trkpt>
      <trkpt lat="42.88108" lon="-8.595459">
        <ele>190.2804966375689</ele>
        <time>2025-05-28T07:55:33.216Z</time>
        <extensions>
          <gpxtpx:TrackPointExtension>
            <gpxtpx:Extensions>
              <highway>residential</highway>
            </gpxtpx:Extensions>
          </gpxtpx:TrackPointExtension>
        </extensions>
      </trkpt>
      <trkpt lat="42.880982" lon="-8.595554">
        <ele>189.97214260208503</ele>
        <time>2025-05-28T07:55:43.775Z</time>
        <extensions>
          <gpxtpx:TrackPointExtension>
            <gpxtpx:Extensions>
              <highway>residential</highway>
            </gpxtpx:Extensions>
          </gpxtpx:TrackPointExtension>
        </extensions>
      </trkpt>
      <trkpt lat="42.880882" lon="-8.595682">
        <ele>189.1656222245548</ele>
        <time>2025-05-28T07:55:55.818Z</time>
        <extensions>
          <gpxtpx:TrackPointExtension>
            <gpxtpx:Extensions>
              <highway>residential</highway>
            </gpxtpx:Extensions>
          </gpxtpx:TrackPointExtension>
        </extensions>
      </trkpt>
      <trkpt lat="42.880699" lon="-8.595949">
        <ele>186.64596492073167</ele>
        <time>2025-05-28T07:56:19.349Z</time>
        <extensions>
          <gpxtpx:TrackPointExtension>
            <gpxtpx:Extensions>
              <highway>residential</highway>
            </gpxtpx:Extensions>
          </gpxtpx:TrackPointExtension>
        </extensions>
      </trkpt>
      <trkpt lat="42.880668" lon="-8.595984">
        <ele>186.18165596594469</ele>
        <time>2025-05-28T07:56:22.884Z</time>
        <extensions>
          <gpxtpx:TrackPointExtension>
            <gpxtpx:Extensions>
              <highway>residential</highway>
            </gpxtpx:Extensions>
          </gpxtpx:TrackPointExtension>
        </extensions>
      </trkpt>
      <trkpt lat="42.880647" lon="-8.596007">
        <ele>185.915182143674</ele>
        <time>2025-05-28T07:56:25.250Z</time>
        <extensions>
          <gpxtpx:TrackPointExtension>
            <gpxtpx:Extensions>
              <highway>residential</highway>
            </gpxtpx:Extensions>
          </gpxtpx:TrackPointExtension>
        </extensions>
      </trkpt>
      <trkpt lat="42.880446" lon="-8.596103">
        <ele>184.99876485525454</ele>
        <time>2025-05-28T07:56:43.955Z</time>
        <extensions>
          <gpxtpx:TrackPointExtension>
            <gpxtpx:Extensions>
              <highway>residential</highway>
            </gpxtpx:Extensions>
          </gpxtpx:TrackPointExtension>
        </extensions>
      </trkpt>
      <trkpt lat="42.880086" lon="-8.596215">
        <ele>187.7029764597005</ele>
        <time>2025-05-28T07:57:16.388Z</time>
        <extensions>
          <gpxtpx:TrackPointExtension>
            <gpxtpx:Extensions>
              <highway>residential</highway>
            </gpxtpx:Extensions>
          </gpxtpx:TrackPointExtension>
        </extensions>
      </trkpt>
      <trkpt lat="42.879877" lon="-8.596331">
        <ele>189.8028970330962</ele>
        <time>2025-05-28T07:57:36.206Z</time>
        <extensions>
          <gpxtpx:TrackPointExtension>
            <gpxtpx:Extensions>
              <highway>residential</highway>
            </gpxtpx:Extensions>
          </gpxtpx:TrackPointExtension>
        </extensions>
      </trkpt>
      <trkpt lat="42.879794" lon="-8.596356">
        <ele>189.74495726183193</ele>
        <time>2025-05-28T07:57:43.671Z</time>
      </trkpt>
      <trkpt lat="42.879794" lon="-8.596356">
        <ele>189.74495726183193</ele>
        <time>2025-05-28T07:57:43.671Z</time>
        <extensions>
          <gpxtpx:TrackPointExtension>
            <gpxtpx:Extensions>
              <highway>residential</highway>
            </gpxtpx:Extensions>
          </gpxtpx:TrackPointExtension>
        </extensions>
      </trkpt>
      <trkpt lat="42.879794" lon="-8.596415">
        <ele>190.1746411705397</ele>
        <time>2025-05-28T07:57:51.002Z</time>
        <extensions>
          <gpxtpx:TrackPointExtension>
            <gpxtpx:Extensions>
              <highway>residential</highway>
            </gpxtpx:Extensions>
          </gpxtpx:TrackPointExtension>
        </extensions>
      </trkpt>
      <trkpt lat="42.879807" lon="-8.596518">
        <ele>191.00540011490284</ele>
        <time>2025-05-28T07:57:57.928Z</time>
        <extensions>
          <gpxtpx:TrackPointExtension>
            <gpxtpx:Extensions>
              <highway>residential</highway>
            </gpxtpx:Extensions>
          </gpxtpx:TrackPointExtension>
        </extensions>
      </trkpt>
      <trkpt lat="42.87981" lon="-8.59661">
        <ele>191.77641752124822</ele>
        <time>2025-05-28T07:58:04.031Z</time>
        <extensions>
          <gpxtpx:TrackPointExtension>
            <gpxtpx:Extensions>
              <highway>residential</highway>
            </gpxtpx:Extensions>
          </gpxtpx:TrackPointExtension>
        </extensions>
      </trkpt>
      <trkpt lat="42.88001" lon="-8.597015">
        <ele>194.86341458646513</ele>
        <time>2025-05-28T07:58:36.396Z</time>
        <extensions>
          <gpxtpx:TrackPointExtension>
            <gpxtpx:Extensions>
              <highway>residential</highway>
            </gpxtpx:Extensions>
          </gpxtpx:TrackPointExtension>
        </extensions>
      </trkpt>
      <trkpt lat="42.880111" lon="-8.597308">
        <ele>195.94028455430882</ele>
        <time>2025-05-28T07:58:57.854Z</time>
        <extensions>
          <gpxtpx:TrackPointExtension>
            <gpxtpx:Extensions>
              <highway>residential</highway>
            </gpxtpx:Extensions>
          </gpxtpx:TrackPointExtension>
        </extensions>
      </trkpt>
      <trkpt lat="42.880362" lon="-8.598214">
        <ele>209.50638928373863</ele>
        <time>2025-05-28T08:00:02.043Z</time>
      </trkpt>
      <trkpt lat="42.880362" lon="-8.598214">
        <ele>209.50638928373863</ele>
        <time>2025-05-28T08:00:02.043Z</time>
        <extensions>
          <gpxtpx:TrackPointExtension>
            <gpxtpx:Extensions>
              <highway>residential</highway>
            </gpxtpx:Extensions>
          </gpxtpx:TrackPointExtension>
        </extensions>
      </trkpt>
      <trkpt lat="42.880365" lon="-8.598221">
        <ele>209.70627596895267</ele>
        <time>2025-05-28T08:00:02.577Z</time>
        <extensions>
          <gpxtpx:TrackPointExtension>
            <gpxtpx:Extensions>
              <reversedirection>yes</reversedirection>
              <highway>track</highway>
            </gpxtpx:Extensions>
          </gpxtpx:TrackPointExtension>
        </extensions>
      </trkpt>
      <trkpt lat="42.880311" lon="-8.598339">
        <ele>212.0883497083423</ele>
        <time>2025-05-28T08:00:11.915Z</time>
        <extensions>
          <gpxtpx:TrackPointExtension>
            <gpxtpx:Extensions>
              <reversedirection>yes</reversedirection>
              <highway>track</highway>
            </gpxtpx:Extensions>
          </gpxtpx:TrackPointExtension>
        </extensions>
      </trkpt>
      <trkpt lat="42.880247" lon="-8.598568">
        <ele>216.14239779883133</ele>
        <time>2025-05-28T08:00:28.367Z</time>
        <extensions>
          <gpxtpx:TrackPointExtension>
            <gpxtpx:Extensions>
              <reversedirection>yes</reversedirection>
              <highway>track</highway>
            </gpxtpx:Extensions>
          </gpxtpx:TrackPointExtension>
        </extensions>
      </trkpt>
      <trkpt lat="42.880202" lon="-8.598666">
        <ele>217.14852498238977</ele>
        <time>2025-05-28T08:00:36.130Z</time>
        <extensions>
          <gpxtpx:TrackPointExtension>
            <gpxtpx:Extensions>
              <reversedirection>yes</reversedirection>
              <highway>track</highway>
            </gpxtpx:Extensions>
          </gpxtpx:TrackPointExtension>
        </extensions>
      </trkpt>
      <trkpt lat="42.880139" lon="-8.598773">
        <ele>217.52375101705456</ele>
        <time>2025-05-28T08:00:45.344Z</time>
        <extensions>
          <gpxtpx:TrackPointExtension>
            <gpxtpx:Extensions>
              <reversedirection>yes</reversedirection>
              <highway>track</highway>
            </gpxtpx:Extensions>
          </gpxtpx:TrackPointExtension>
        </extensions>
      </trkpt>
      <trkpt lat="42.880119" lon="-8.598952">
        <ele>216.5714543760035</ele>
        <time>2025-05-28T08:00:57.499Z</time>
        <extensions>
          <gpxtpx:TrackPointExtension>
            <gpxtpx:Extensions>
              <reversedirection>yes</reversedirection>
              <highway>track</highway>
            </gpxtpx:Extensions>
          </gpxtpx:TrackPointExtension>
        </extensions>
      </trkpt>
      <trkpt lat="42.88009" lon="-8.599039">
        <ele>215.76639904301493</ele>
        <time>2025-05-28T08:01:03.915Z</time>
        <extensions>
          <gpxtpx:TrackPointExtension>
            <gpxtpx:Extensions>
              <reversedirection>yes</reversedirection>
              <highway>track</highway>
            </gpxtpx:Extensions>
          </gpxtpx:TrackPointExtension>
        </extensions>
      </trkpt>
      <trkpt lat="42.880085" lon="-8.599178">
        <ele>215.38221690809112</ele>
        <time>2025-05-28T08:01:13.257Z</time>
        <extensions>
          <gpxtpx:TrackPointExtension>
            <gpxtpx:Extensions>
              <reversedirection>yes</reversedirection>
              <highway>track</highway>
            </gpxtpx:Extensions>
          </gpxtpx:TrackPointExtension>
        </extensions>
      </trkpt>
      <trkpt lat="42.880094" lon="-8.599282">
        <ele>215.2818342283373</ele>
        <time>2025-05-28T08:01:20.286Z</time>
      </trkpt>
      <trkpt lat="42.880094" lon="-8.599282">
        <ele>215.2818342283373</ele>
        <time>2025-05-28T08:01:20.286Z</time>
        <extensions>
          <gpxtpx:TrackPointExtension>
            <gpxtpx:Extensions>
              <reversedirection>yes</reversedirection>
              <highway>track</highway>
            </gpxtpx:Extensions>
          </gpxtpx:TrackPointExtension>
        </extensions>
      </trkpt>
      <trkpt lat="42.880095" lon="-8.599285">
        <ele>215.29074324765284</ele>
        <time>2025-05-28T08:01:26.088Z</time>
        <extensions>
          <gpxtpx:TrackPointExtension>
            <gpxtpx:Extensions>
              <reversedirection>yes</reversedirection>
              <highway>track</highway>
            </gpxtpx:Extensions>
          </gpxtpx:TrackPointExtension>
        </extensions>
      </trkpt>
      <trkpt lat="42.879854" lon="-8.599584">
        <ele>212.8057634744334</ele>
        <time>2025-05-28T08:01:55.959Z</time>
        <extensions>
          <gpxtpx:TrackPointExtension>
            <gpxtpx:Extensions>
              <reversedirection>yes</reversedirection>
              <highway>track</highway>
            </gpxtpx:Extensions>
          </gpxtpx:TrackPointExtension>
        </extensions>
      </trkpt>
      <trkpt lat="42.87939" lon="-8.600073">
        <ele>211.60698405795137</ele>
        <time>2025-05-28T08:02:49.726Z</time>
        <extensions>
          <gpxtpx:TrackPointExtension>
            <gpxtpx:Extensions>
              <reversedirection>yes</reversedirection>
              <highway>track</highway>
            </gpxtpx:Extensions>
          </gpxtpx:TrackPointExtension>
        </extensions>
      </trkpt>
      <trkpt lat="42.879359" lon="-8.600144">
        <ele>211.2213866788926</ele>
        <time>2025-05-28T08:02:55.280Z</time>
      </trkpt>
      <trkpt lat="42.87936" lon="-8.600143">
        <ele>211.2277219903709</ele>
        <time>2025-05-28T08:02:55.390Z</time>
        <extensions>
          <gpxtpx:TrackPointExtension>
            <gpxtpx:Extensions>
              <reversedirection>yes</reversedirection>
              <highway>track</highway>
            </gpxtpx:Extensions>
          </gpxtpx:TrackPointExtension>
        </extensions>
      </trkpt>
      <trkpt lat="42.879242" lon="-8.600416">
        <ele>209.61341531279112</ele>
        <time>2025-05-28T08:04:03.274Z</time>
        <extensions>
          <gpxtpx:TrackPointExtension>
            <gpxtpx:Extensions>
              <reversedirection>yes</reversedirection>
              <highway>track</highway>
            </gpxtpx:Extensions>
          </gpxtpx:TrackPointExtension>
        </extensions>
      </trkpt>
      <trkpt lat="42.879205" lon="-8.600594">
        <ele>207.3891505972</ele>
        <time>2025-05-28T08:04:16.148Z</time>
        <extensions>
          <gpxtpx:TrackPointExtension>
            <gpxtpx:Extensions>
              <reversedirection>yes</reversedirection>
              <highway>track</highway>
            </gpxtpx:Extensions>
          </gpxtpx:TrackPointExtension>
        </extensions>
      </trkpt>
      <trkpt lat="42.879221" lon="-8.600799">
        <ele>204.90501835332284</ele>
        <time>2025-05-28T08:04:30.493Z</time>
      </trkpt>
      <trkpt lat="42.879221" lon="-8.600799">
        <ele>204.90501835332284</ele>
        <time>2025-05-28T08:04:30.493Z</time>
        <extensions>
          <gpxtpx:TrackPointExtension>
            <gpxtpx:Extensions>
              <reversedirection>yes</reversedirection>
              <highway>track</highway>
            </gpxtpx:Extensions>
          </gpxtpx:TrackPointExtension>
        </extensions>
      </trkpt>
      <trkpt lat="42.879243" lon="-8.601056">
        <ele>201.06054191249467</ele>
        <time>2025-05-28T08:04:51.947Z</time>
        <extensions>
          <gpxtpx:TrackPointExtension>
            <gpxtpx:Extensions>
              <reversedirection>yes</reversedirection>
              <highway>track</highway>
            </gpxtpx:Extensions>
          </gpxtpx:TrackPointExtension>
        </extensions>
      </trkpt>
      <trkpt lat="42.879305" lon="-8.601239">
        <ele>197.48283819887615</ele>
        <time>2025-05-28T08:05:05.955Z</time>
        <extensions>
          <gpxtpx:TrackPointExtension>
            <gpxtpx:Extensions>
              <reversedirection>yes</reversedirection>
              <highway>track</highway>
            </gpxtpx:Extensions>
          </gpxtpx:TrackPointExtension>
        </extensions>
      </trkpt>
      <trkpt lat="42.879433" lon="-8.601469">
        <ele>193.0686990402879</ele>
        <time>2025-05-28T08:05:26.023Z</time>
        <extensions>
          <gpxtpx:TrackPointExtension>
            <gpxtpx:Extensions>
              <reversedirection>yes</reversedirection>
              <highway>track</highway>
            </gpxtpx:Extensions>
          </gpxtpx:TrackPointExtension>
        </extensions>
      </trkpt>
      <trkpt lat="42.879694" lon="-8.601909">
        <ele>185.9326452107876</ele>
        <time>2025-05-28T08:06:05.358Z</time>
        <extensions>
          <gpxtpx:TrackPointExtension>
            <gpxtpx:Extensions>
              <reversedirection>yes</reversedirection>
              <highway>track</highway>
            </gpxtpx:Extensions>
          </gpxtpx:TrackPointExtension>
        </extensions>
      </trkpt>
      <trkpt lat="42.880144" lon="-8.602778">
        <ele>178.36202577755398</ele>
        <time>2025-05-28T08:07:19.295Z</time>
      </trkpt>
      <trkpt lat="42.880144" lon="-8.602778">
        <ele>178.36202577755398</ele>
        <time>2025-05-28T08:07:19.295Z</time>
        <extensions>
          <gpxtpx:TrackPointExtension>
            <gpxtpx:Extensions>
              <reversedirection>yes</reversedirection>
              <highway>track</highway>
            </gpxtpx:Extensions>
          </gpxtpx:TrackPointExtension>
        </extensions>
      </trkpt>
      <trkpt lat="42.880155" lon="-8.602798">
        <ele>178.3912983935799</ele>
        <time>2025-05-28T08:07:21.035Z</time>
        <extensions>
          <gpxtpx:TrackPointExtension>
            <gpxtpx:Extensions>
              <reversedirection>yes</reversedirection>
              <highway>track</highway>
            </gpxtpx:Extensions>
          </gpxtpx:TrackPointExtension>
        </extensions>
      </trkpt>
      <trkpt lat="42.88033" lon="-8.602953">
        <ele>180.15234164711535</ele>
        <time>2025-05-28T08:07:40.816Z</time>
        <extensions>
          <gpxtpx:TrackPointExtension>
            <gpxtpx:Extensions>
              <reversedirection>yes</reversedirection>
              <highway>track</highway>
            </gpxtpx:Extensions>
          </gpxtpx:TrackPointExtension>
        </extensions>
      </trkpt>
      <trkpt lat="42.880435" lon="-8.603019">
        <ele>181.1364002125107</ele>
        <time>2025-05-28T08:07:51.777Z</time>
        <extensions>
          <gpxtpx:TrackPointExtension>
            <gpxtpx:Extensions>
              <reversedirection>yes</reversedirection>
              <highway>track</highway>
            </gpxtpx:Extensions>
          </gpxtpx:TrackPointExtension>
        </extensions>
      </trkpt>
      <trkpt lat="42.880699" lon="-8.603194">
        <ele>181.6566259127348</ele>
        <time>2025-05-28T08:08:19.605Z</time>
      </trkpt>
      <trkpt lat="42.880699" lon="-8.603194">
        <ele>181.6566259127348</ele>
        <time>2025-05-28T08:08:19.605Z</time>
        <extensions>
          <gpxtpx:TrackPointExtension>
            <gpxtpx:Extensions>
              <reversedirection>yes</reversedirection>
              <highway>track</highway>
            </gpxtpx:Extensions>
          </gpxtpx:TrackPointExtension>
        </extensions>
      </trkpt>
      <trkpt lat="42.880708" lon="-8.603199">
        <ele>181.64712625728055</ele>
        <time>2025-05-28T08:08:20.520Z</time>
        <extensions>
          <gpxtpx:TrackPointExtension>
            <gpxtpx:Extensions>
              <reversedirection>yes</reversedirection>
              <highway>track</highway>
            </gpxtpx:Extensions>
          </gpxtpx:TrackPointExtension>
        </extensions>
      </trkpt>
      <trkpt lat="42.880826" lon="-8.603339">
        <ele>181.48701744815457</ele>
        <time>2025-05-28T08:08:34.585Z</time>
        <extensions>
          <gpxtpx:TrackPointExtension>
            <gpxtpx:Extensions>
              <reversedirection>yes</reversedirection>
              <highway>track</highway>
            </gpxtpx:Extensions>
          </gpxtpx:TrackPointExtension>
        </extensions>
      </trkpt>
      <trkpt lat="42.880914" lon="-8.603468">
        <ele>181.9991129156567</ele>
        <time>2025-05-28T08:08:46.202Z</time>
        <extensions>
          <gpxtpx:TrackPointExtension>
            <gpxtpx:Extensions>
              <reversedirection>yes</reversedirection>
              <highway>track</highway>
            </gpxtpx:Extensions>
          </gpxtpx:TrackPointExtension>
        </extensions>
      </trkpt>
      <trkpt lat="42.880959" lon="-8.603628">
        <ele>181.81663256598586</ele>
        <time>2025-05-28T08:08:57.498Z</time>
        <extensions>
          <gpxtpx:TrackPointExtension>
            <gpxtpx:Extensions>
              <reversedirection>yes</reversedirection>
              <highway>track</highway>
            </gpxtpx:Extensions>
          </gpxtpx:TrackPointExtension>
        </extensions>
      </trkpt>
      <trkpt lat="42.880947" lon="-8.603776">
        <ele>181.07406146736258</ele>
        <time>2025-05-28T08:09:07.312Z</time>
        <extensions>
          <gpxtpx:TrackPointExtension>
            <gpxtpx:Extensions>
              <reversedirection>yes</reversedirection>
              <highway>track</highway>
            </gpxtpx:Extensions>
          </gpxtpx:TrackPointExtension>
        </extensions>
      </trkpt>
      <trkpt lat="42.880986" lon="-8.603907">
        <ele>180.56833713863617</ele>
        <time>2025-05-28T08:09:16.632Z</time>
        <extensions>
          <gpxtpx:TrackPointExtension>
            <gpxtpx:Extensions>
              <reversedirection>yes</reversedirection>
              <highway>track</highway>
            </gpxtpx:Extensions>
          </gpxtpx:TrackPointExtension>
        </extensions>
      </trkpt>
      <trkpt lat="42.881471" lon="-8.604377">
        <ele>179.88231259116267</ele>
        <time>2025-05-28T08:10:10.139Z</time>
        <extensions>
          <gpxtpx:TrackPointExtension>
            <gpxtpx:Extensions>
              <reversedirection>yes</reversedirection>
              <highway>unclassified</highway>
            </gpxtpx:Extensions>
          </gpxtpx:TrackPointExtension>
        </extensions>
      </trkpt>
      <trkpt lat="42.881471" lon="-8.604379">
        <ele>179.85564406241815</ele>
        <time>2025-05-28T08:10:10.247Z</time>
      </trkpt>
      <trkpt lat="42.881471" lon="-8.604379">
        <ele>179.85564406241815</ele>
        <time>2025-05-28T08:10:10.247Z</time>
        <extensions>
          <gpxtpx:TrackPointExtension>
            <gpxtpx:Extensions>
              <reversedirection>yes</reversedirection>
              <highway>unclassified</highway>
            </gpxtpx:Extensions>
          </gpxtpx:TrackPointExtension>
        </extensions>
      </trkpt>
      <trkpt lat="42.881489" lon="-8.604805">
        <ele>176.8155559781243</ele>
        <time>2025-05-28T08:10:45.297Z</time>
        <extensions>
          <gpxtpx:TrackPointExtension>
            <gpxtpx:Extensions>
              <reversedirection>yes</reversedirection>
              <highway>unclassified</highway>
            </gpxtpx:Extensions>
          </gpxtpx:TrackPointExtension>
        </extensions>
      </trkpt>
      <trkpt lat="42.88147" lon="-8.605978">
        <ele>173.55913741793572</ele>
        <time>2025-05-28T08:12:02.002Z</time>
        <extensions>
          <gpxtpx:TrackPointExtension>
            <gpxtpx:Extensions>
              <reversedirection>yes</reversedirection>
              <highway>unclassified</highway>
            </gpxtpx:Extensions>
          </gpxtpx:TrackPointExtension>
        </extensions>
      </trkpt>
      <trkpt lat="42.881479" lon="-8.606049">
        <ele>173.2402947708974</ele>
        <time>2025-05-28T08:12:06.712Z</time>
        <extensions>
          <gpxtpx:TrackPointExtension>
            <gpxtpx:Extensions>
              <reversedirection>yes</reversedirection>
              <highway>unclassified</highway>
            </gpxtpx:Extensions>
          </gpxtpx:TrackPointExtension>
        </extensions>
      </trkpt>
      <trkpt lat="42.881498" lon="-8.606118">
        <ele>173.01959933140424</ele>
        <time>2025-05-28T08:12:11.530Z</time>
      </trkpt>
      <trkpt lat="42.881499" lon="-8.606126">
        <ele>172.98256647489143</ele>
        <time>2025-05-28T08:12:12.057Z</time>
      </trkpt>
      <trkpt lat="42.881498" lon="-8.606118">
        <ele>173.01959933140424</ele>
        <time>2025-05-28T08:12:12.584Z</time>
        <extensions>
          <gpxtpx:TrackPointExtension>
            <gpxtpx:Extensions>
              <reversedirection>yes</reversedirection>
              <highway>unclassified</highway>
            </gpxtpx:Extensions>
          </gpxtpx:TrackPointExtension>
        </extensions>
      </trkpt>
      <trkpt lat="42.881541" lon="-8.606162">
        <ele>173.23299568308715</ele>
        <time>2025-05-28T08:12:18.338Z</time>
        <extensions>
          <gpxtpx:TrackPointExtension>
            <gpxtpx:Extensions>
              <reversedirection>yes</reversedirection>
              <highway>unclassified</highway>
            </gpxtpx:Extensions>
          </gpxtpx:TrackPointExtension>
        </extensions>
      </trkpt>
      <trkpt lat="42.88161" lon="-8.606203">
        <ele>173.47413057817352</ele>
        <time>2025-05-28T08:12:26.395Z</time>
        <extensions>
          <gpxtpx:TrackPointExtension>
            <gpxtpx:Extensions>
              <reversedirection>yes</reversedirection>
              <highway>unclassified</highway>
            </gpxtpx:Extensions>
          </gpxtpx:TrackPointExtension>
        </extensions>
      </trkpt>
      <trkpt lat="42.882233" lon="-8.606442">
        <ele>171.45128816133422</ele>
        <time>2025-05-28T08:13:35.685Z</time>
        <extensions>
          <gpxtpx:TrackPointExtension>
            <gpxtpx:Extensions>
              <reversedirection>yes</reversedirection>
              <highway>unclassified</highway>
            </gpxtpx:Extensions>
          </gpxtpx:TrackPointExtension>
        </extensions>
      </trkpt>
      <trkpt lat="42.882254" lon="-8.606449">
        <ele>171.22005148045875</ele>
        <time>2025-05-28T08:13:37.999Z</time>
        <extensions>
          <gpxtpx:TrackPointExtension>
            <gpxtpx:Extensions>
              <reversedirection>yes</reversedirection>
              <highway>unclassified</highway>
            </gpxtpx:Extensions>
          </gpxtpx:TrackPointExtension>
        </extensions>
      </trkpt>
      <trkpt lat="42.882466" lon="-8.606635">
        <ele>167.84298345880921</ele>
        <time>2025-05-28T08:14:04.984Z</time>
        <extensions>
          <gpxtpx:TrackPointExtension>
            <gpxtpx:Extensions>
              <reversedirection>yes</reversedirection>
              <highway>unclassified</highway>
            </gpxtpx:Extensions>
          </gpxtpx:TrackPointExtension>
        </extensions>
      </trkpt>
      <trkpt lat="42.882567" lon="-8.60675">
        <ele>166.2812022056903</ele>
        <time>2025-05-28T08:14:19.067Z</time>
      </trkpt>
      <trkpt lat="42.882565" lon="-8.606754">
        <ele>166.25345960147743</ele>
        <time>2025-05-28T08:14:19.454Z</time>
      </trkpt>
      <trkpt lat="42.882567" lon="-8.60675">
        <ele>166.2812022056903</ele>
        <time>2025-05-28T08:14:19.841Z</time>
        <extensions>
          <gpxtpx:TrackPointExtension>
            <gpxtpx:Extensions>
              <reversedirection>yes</reversedirection>
              <highway>unclassified</highway>
            </gpxtpx:Extensions>
          </gpxtpx:TrackPointExtension>
        </extensions>
      </trkpt>
      <trkpt lat="42.882588" lon="-8.606773">
        <ele>166.0328776382381</ele>
        <time>2025-05-28T08:14:23.620Z</time>
        <extensions>
          <gpxtpx:TrackPointExtension>
            <gpxtpx:Extensions>
              <reversedirection>yes</reversedirection>
              <highway>unclassified</highway>
            </gpxtpx:Extensions>
          </gpxtpx:TrackPointExtension>
        </extensions>
      </trkpt>
      <trkpt lat="42.882613" lon="-8.606836">
        <ele>165.5129748582385</ele>
        <time>2025-05-28T08:14:30.983Z</time>
        <extensions>
          <gpxtpx:TrackPointExtension>
            <gpxtpx:Extensions>
              <reversedirection>yes</reversedirection>
              <highway>unclassified</highway>
            </gpxtpx:Extensions>
          </gpxtpx:TrackPointExtension>
        </extensions>
      </trkpt>
      <trkpt lat="42.882626" lon="-8.606869">
        <ele>165.24094767817422</ele>
        <time>2025-05-28T08:14:34.833Z</time>
        <extensions>
          <gpxtpx:TrackPointExtension>
            <gpxtpx:Extensions>
              <reversedirection>yes</reversedirection>
              <highway>tertiary</highway>
              <estimated_traffic_class>2</estimated_traffic_class>
            </gpxtpx:Extensions>
          </gpxtpx:TrackPointExtension>
        </extensions>
      </trkpt>
      <trkpt lat="42.882392" lon="-8.606949">
        <ele>165.12530439371795</ele>
        <time>2025-05-28T08:15:08.669Z</time>
        <extensions>
          <gpxtpx:TrackPointExtension>
            <gpxtpx:Extensions>
              <reversedirection>yes</reversedirection>
              <highway>tertiary</highway>
              <estimated_traffic_class>2</estimated_traffic_class>
            </gpxtpx:Extensions>
          </gpxtpx:TrackPointExtension>
        </extensions>
      </trkpt>
      <trkpt lat="42.882374" lon="-8.606955">
        <ele>165.06236159759726</ele>
        <time>2025-05-28T08:15:11.265Z</time>
        <extensions>
          <gpxtpx:TrackPointExtension>
            <gpxtpx:Extensions>
              <reversedirection>yes</reversedirection>
              <highway>residential</highway>
            </gpxtpx:Extensions>
          </gpxtpx:TrackPointExtension>
        </extensions>
      </trkpt>
      <trkpt lat="42.882435" lon="-8.607001">
        <ele>164.70941887454404</ele>
        <time>2025-05-28T08:15:21.040Z</time>
      </trkpt>
      <trkpt lat="42.882431" lon="-8.607011">
        <ele>164.62047801338224</ele>
        <time>2025-05-28T08:15:22.219Z</time>
      </trkpt>
      <trkpt lat="42.882435" lon="-8.607001">
        <ele>164.70941887454404</ele>
        <time>2025-05-28T08:53:17.691Z</time>
        <extensions>
          <gpxtpx:TrackPointExtension>
            <gpxtpx:Extensions>
              <reversedirection>yes</reversedirection>
              <highway>residential</highway>
            </gpxtpx:Extensions>
          </gpxtpx:TrackPointExtension>
        </extensions>
      </trkpt>
      <trkpt lat="42.88253" lon="-8.607071">
        <ele>164.13414852279294</ele>
        <time>2025-05-28T08:53:28.469Z</time>
        <extensions>
          <gpxtpx:TrackPointExtension>
            <gpxtpx:Extensions>
              <reversedirection>yes</reversedirection>
              <highway>residential</highway>
            </gpxtpx:Extensions>
          </gpxtpx:TrackPointExtension>
        </extensions>
      </trkpt>
      <trkpt lat="42.882793" lon="-8.607297">
        <ele>161.51794414157104</ele>
        <time>2025-05-28T08:53:59.497Z</time>
        <extensions>
          <gpxtpx:TrackPointExtension>
            <gpxtpx:Extensions>
              <reversedirection>yes</reversedirection>
              <highway>residential</highway>
            </gpxtpx:Extensions>
          </gpxtpx:TrackPointExtension>
        </extensions>
      </trkpt>
      <trkpt lat="42.882801" lon="-8.607303">
        <ele>161.45056074541105</ele>
        <time>2025-05-28T08:54:00.407Z</time>
        <extensions>
          <gpxtpx:TrackPointExtension>
            <gpxtpx:Extensions>
              <reversedirection>yes</reversedirection>
              <highway>residential</highway>
            </gpxtpx:Extensions>
          </gpxtpx:TrackPointExtension>
        </extensions>
      </trkpt>
      <trkpt lat="42.882866" lon="-8.607481">
        <ele>159.78375921519526</ele>
        <time>2025-05-28T08:54:14.956Z</time>
        <extensions>
          <gpxtpx:TrackPointExtension>
            <gpxtpx:Extensions>
              <reversedirection>yes</reversedirection>
              <highway>residential</highway>
            </gpxtpx:Extensions>
          </gpxtpx:TrackPointExtension>
        </extensions>
      </trkpt>
      <trkpt lat="42.882943" lon="-8.607515">
        <ele>159.15661502173052</ele>
        <time>2025-05-28T08:54:23.036Z</time>
        <extensions>
          <gpxtpx:TrackPointExtension>
            <gpxtpx:Extensions>
              <reversedirection>yes</reversedirection>
              <highway>residential</highway>
            </gpxtpx:Extensions>
          </gpxtpx:TrackPointExtension>
        </extensions>
      </trkpt>
      <trkpt lat="42.883071" lon="-8.60751">
        <ele>157.89527487750217</ele>
        <time>2025-05-28T08:54:35.820Z</time>
        <extensions>
          <gpxtpx:TrackPointExtension>
            <gpxtpx:Extensions>
              <reversedirection>yes</reversedirection>
              <highway>residential</highway>
            </gpxtpx:Extensions>
          </gpxtpx:TrackPointExtension>
        </extensions>
      </trkpt>
      <trkpt lat="42.883153" lon="-8.607554">
        <ele>156.68064347861127</ele>
        <time>2025-05-28T08:54:44.616Z</time>
        <extensions>
          <gpxtpx:TrackPointExtension>
            <gpxtpx:Extensions>
              <reversedirection>yes</reversedirection>
              <highway>residential</highway>
            </gpxtpx:Extensions>
          </gpxtpx:TrackPointExtension>
        </extensions>
      </trkpt>
      <trkpt lat="42.883262" lon="-8.607556">
        <ele>155.4725191028129</ele>
        <time>2025-05-28T08:54:55.499Z</time>
        <extensions>
          <gpxtpx:TrackPointExtension>
            <gpxtpx:Extensions>
              <reversedirection>yes</reversedirection>
              <highway>residential</highway>
            </gpxtpx:Extensions>
          </gpxtpx:TrackPointExtension>
        </extensions>
      </trkpt>
      <trkpt lat="42.883349" lon="-8.607598">
        <ele>154.18085138774555</ele>
        <time>2025-05-28T08:55:04.711Z</time>
      </trkpt>
      <trkpt lat="42.883349" lon="-8.607598">
        <ele>154.18085138774555</ele>
        <time>2025-05-28T08:55:04.711Z</time>
        <extensions>
          <gpxtpx:TrackPointExtension>
            <gpxtpx:Extensions>
              <reversedirection>yes</reversedirection>
              <highway>residential</highway>
            </gpxtpx:Extensions>
          </gpxtpx:TrackPointExtension>
        </extensions>
      </trkpt>
      <trkpt lat="42.88335" lon="-8.607598">
        <ele>154.16972113219168</ele>
        <time>2025-05-28T08:55:43.846Z</time>
        <extensions>
          <gpxtpx:TrackPointExtension>
            <gpxtpx:Extensions>
              <reversedirection>yes</reversedirection>
              <highway>residential</highway>
            </gpxtpx:Extensions>
          </gpxtpx:TrackPointExtension>
        </extensions>
      </trkpt>
      <trkpt lat="42.883364" lon="-8.607644">
        <ele>153.61727417577134</ele>
        <time>2025-05-28T08:55:47.384Z</time>
        <extensions>
          <gpxtpx:TrackPointExtension>
            <gpxtpx:Extensions>
              <reversedirection>yes</reversedirection>
              <highway>residential</highway>
            </gpxtpx:Extensions>
          </gpxtpx:TrackPointExtension>
        </extensions>
      </trkpt>
      <trkpt lat="42.883362" lon="-8.607744">
        <ele>152.87261174065148</ele>
        <time>2025-05-28T08:55:54.489Z</time>
        <extensions>
          <gpxtpx:TrackPointExtension>
            <gpxtpx:Extensions>
              <reversedirection>yes</reversedirection>
              <highway>residential</highway>
            </gpxtpx:Extensions>
          </gpxtpx:TrackPointExtension>
        </extensions>
      </trkpt>
      <trkpt lat="42.883331" lon="-8.607791">
        <ele>152.88953493557503</ele>
        <time>2025-05-28T08:55:58.979Z</time>
        <extensions>
          <gpxtpx:TrackPointExtension>
            <gpxtpx:Extensions>
              <reversedirection>yes</reversedirection>
              <highway>residential</highway>
              <route_bicycle_icn>yes</route_bicycle_icn>
            </gpxtpx:Extensions>
          </gpxtpx:TrackPointExtension>
        </extensions>
      </trkpt>
      <trkpt lat="42.883082" lon="-8.608132">
        <ele>153.11159674821806</ele>
        <time>2025-05-28T08:56:33.169Z</time>
        <extensions>
          <gpxtpx:TrackPointExtension>
            <gpxtpx:Extensions>
              <reversedirection>yes</reversedirection>
              <highway>residential</highway>
              <route_bicycle_icn>yes</route_bicycle_icn>
            </gpxtpx:Extensions>
          </gpxtpx:TrackPointExtension>
        </extensions>
      </trkpt>
      <trkpt lat="42.883067" lon="-8.608146">
        <ele>153.1491758217344</ele>
        <time>2025-05-28T08:56:34.928Z</time>
      </trkpt>
      <trkpt lat="42.883068" lon="-8.608145">
        <ele>153.1470510978725</ele>
        <time>2025-05-28T08:56:35.071Z</time>
        <extensions>
          <gpxtpx:TrackPointExtension>
            <gpxtpx:Extensions>
              <reversedirection>yes</reversedirection>
              <highway>residential</highway>
              <route_bicycle_icn>yes</route_bicycle_icn>
            </gpxtpx:Extensions>
          </gpxtpx:TrackPointExtension>
        </extensions>
      </trkpt>
      <trkpt lat="42.882903" lon="-8.60831">
        <ele>153.02984592370711</ele>
        <time>2025-05-28T08:56:53.620Z</time>
        <extensions>
          <gpxtpx:TrackPointExtension>
            <gpxtpx:Extensions>
              <reversedirection>yes</reversedirection>
              <highway>unclassified</highway>
              <route_bicycle_icn>yes</route_bicycle_icn>
            </gpxtpx:Extensions>
          </gpxtpx:TrackPointExtension>
        </extensions>
      </trkpt>
      <trkpt lat="42.881466" lon="-8.60981">
        <ele>146.33289813334164</ele>
        <time>2025-05-28T08:59:48.560Z</time>
      </trkpt>
      <trkpt lat="42.881467" lon="-8.609809">
        <ele>146.33639338668476</ele>
        <time>2025-05-28T08:59:48.676Z</time>
        <extensions>
          <gpxtpx:TrackPointExtension>
            <gpxtpx:Extensions>
              <reversedirection>yes</reversedirection>
              <highway>unclassified</highway>
              <route_bicycle_icn>yes</route_bicycle_icn>
            </gpxtpx:Extensions>
          </gpxtpx:TrackPointExtension>
        </extensions>
      </trkpt>
      <trkpt lat="42.881454" lon="-8.609823">
        <ele>146.2874598400207</ele>
        <time>2025-05-28T08:59:56.111Z</time>
        <extensions>
          <gpxtpx:TrackPointExtension>
            <gpxtpx:Extensions>
              <reversedirection>yes</reversedirection>
              <highway>unclassified</highway>
              <route_bicycle_icn>yes</route_bicycle_icn>
            </gpxtpx:Extensions>
          </gpxtpx:TrackPointExtension>
        </extensions>
      </trkpt>
      <trkpt lat="42.88149" lon="-8.610001">
        <ele>145.83604755869717</ele>
        <time>2025-05-28T09:00:09.285Z</time>
        <extensions>
          <gpxtpx:TrackPointExtension>
            <gpxtpx:Extensions>
              <reversedirection>yes</reversedirection>
              <highway>unclassified</highway>
              <route_bicycle_icn>yes</route_bicycle_icn>
            </gpxtpx:Extensions>
          </gpxtpx:TrackPointExtension>
        </extensions>
      </trkpt>
      <trkpt lat="42.881635" lon="-8.611624">
        <ele>145.2549224398025</ele>
        <time>2025-05-28T09:02:05.937Z</time>
        <extensions>
          <gpxtpx:TrackPointExtension>
            <gpxtpx:Extensions>
              <reversedirection>yes</reversedirection>
              <highway>unclassified</highway>
              <surface>paving_stones</surface>
              <route_bicycle_icn>yes</route_bicycle_icn>
            </gpxtpx:Extensions>
          </gpxtpx:TrackPointExtension>
        </extensions>
      </trkpt>
      <trkpt lat="42.881661" lon="-8.61191">
        <ele>146.87907536448967</ele>
        <time>2025-05-28T09:02:26.498Z</time>
        <extensions>
          <gpxtpx:TrackPointExtension>
            <gpxtpx:Extensions>
              <reversedirection>yes</reversedirection>
              <highway>unclassified</highway>
              <route_bicycle_icn>yes</route_bicycle_icn>
            </gpxtpx:Extensions>
          </gpxtpx:TrackPointExtension>
        </extensions>
      </trkpt>
      <trkpt lat="42.881668" lon="-8.611992">
        <ele>147.21670325603358</ele>
        <time>2025-05-28T09:02:32.387Z</time>
        <extensions>
          <gpxtpx:TrackPointExtension>
            <gpxtpx:Extensions>
              <reversedirection>yes</reversedirection>
              <highway>unclassified</highway>
              <route_bicycle_icn>yes</route_bicycle_icn>
            </gpxtpx:Extensions>
          </gpxtpx:TrackPointExtension>
        </extensions>
      </trkpt>
      <trkpt lat="42.881687" lon="-8.6122">
        <ele>147.9668930558658</ele>
        <time>2025-05-28T09:02:47.341Z</time>
        <extensions>
          <gpxtpx:TrackPointExtension>
            <gpxtpx:Extensions>
              <reversedirection>yes</reversedirection>
              <highway>unclassified</highway>
              <route_bicycle_icn>yes</route_bicycle_icn>
            </gpxtpx:Extensions>
          </gpxtpx:TrackPointExtension>
        </extensions>
      </trkpt>
      <trkpt lat="42.881717" lon="-8.612414">
        <ele>148.5832900496348</ele>
        <time>2025-05-28T09:03:02.886Z</time>
        <extensions>
          <gpxtpx:TrackPointExtension>
            <gpxtpx:Extensions>
              <reversedirection>yes</reversedirection>
              <highway>unclassified</highway>
              <route_bicycle_icn>yes</route_bicycle_icn>
            </gpxtpx:Extensions>
          </gpxtpx:TrackPointExtension>
        </extensions>
      </trkpt>
      <trkpt lat="42.881698" lon="-8.612951">
        <ele>151.18123286778015</ele>
        <time>2025-05-28T09:03:41.243Z</time>
      </trkpt>
      <trkpt lat="42.881699" lon="-8.61295">
        <ele>151.16865467852466</ele>
        <time>2025-05-28T09:03:41.360Z</time>
        <extensions>
          <gpxtpx:TrackPointExtension>
            <gpxtpx:Extensions>
              <reversedirection>yes</reversedirection>
              <highway>unclassified</highway>
              <route_bicycle_icn>yes</route_bicycle_icn>
            </gpxtpx:Extensions>
          </gpxtpx:TrackPointExtension>
        </extensions>
      </trkpt>
      <trkpt lat="42.881684" lon="-8.613396">
        <ele>152.61658213149383</ele>
        <time>2025-05-28T09:04:11.237Z</time>
        <extensions>
          <gpxtpx:TrackPointExtension>
            <gpxtpx:Extensions>
              <reversedirection>yes</reversedirection>
              <highway>unclassified</highway>
              <route_bicycle_icn>yes</route_bicycle_icn>
            </gpxtpx:Extensions>
          </gpxtpx:TrackPointExtension>
        </extensions>
      </trkpt>
      <trkpt lat="42.881656" lon="-8.613546">
        <ele>153.44296223372277</ele>
        <time>2025-05-28T09:04:23.334Z</time>
        <extensions>
          <gpxtpx:TrackPointExtension>
            <gpxtpx:Extensions>
              <reversedirection>yes</reversedirection>
              <highway>unclassified</highway>
              <route_bicycle_icn>yes</route_bicycle_icn>
            </gpxtpx:Extensions>
          </gpxtpx:TrackPointExtension>
        </extensions>
      </trkpt>
      <trkpt lat="42.881637" lon="-8.613684">
        <ele>154.2649849653411</ele>
        <time>2025-05-28T09:04:34.307Z</time>
        <extensions>
          <gpxtpx:TrackPointExtension>
            <gpxtpx:Extensions>
              <reversedirection>yes</reversedirection>
              <highway>unclassified</highway>
              <route_bicycle_icn>yes</route_bicycle_icn>
            </gpxtpx:Extensions>
          </gpxtpx:TrackPointExtension>
        </extensions>
      </trkpt>
      <trkpt lat="42.881546" lon="-8.614069">
        <ele>156.2394561731262</ele>
        <time>2025-05-28T09:05:05.922Z</time>
        <extensions>
          <gpxtpx:TrackPointExtension>
            <gpxtpx:Extensions>
              <reversedirection>yes</reversedirection>
              <highway>unclassified</highway>
              <route_bicycle_icn>yes</route_bicycle_icn>
            </gpxtpx:Extensions>
          </gpxtpx:TrackPointExtension>
        </extensions>
      </trkpt>
      <trkpt lat="42.881113" lon="-8.61574">
        <ele>169.53885647081847</ele>
        <time>2025-05-28T09:07:24.439Z</time>
        <extensions>
          <gpxtpx:TrackPointExtension>
            <gpxtpx:Extensions>
              <reversedirection>yes</reversedirection>
              <highway>unclassified</highway>
              <route_bicycle_icn>yes</route_bicycle_icn>
            </gpxtpx:Extensions>
          </gpxtpx:TrackPointExtension>
        </extensions>
      </trkpt>
      <trkpt lat="42.880833" lon="-8.61687">
        <ele>169.8022980115104</ele>
        <time>2025-05-28T09:08:57.664Z</time>
      </trkpt>
      <trkpt lat="42.880833" lon="-8.61687">
        <ele>169.8022980115104</ele>
        <time>2025-05-28T09:08:57.664Z</time>
      </trkpt>
      <trkpt lat="42.880719" lon="-8.617138">
        <ele>168.0517455179253</ele>
        <time>2025-05-28T09:09:27.463Z</time>
        <extensions>
          <gpxtpx:TrackPointExtension>
            <gpxtpx:Extensions>
              <reversedirection>yes</reversedirection>
              <highway>unclassified</highway>
              <route_bicycle_icn>yes</route_bicycle_icn>
            </gpxtpx:Extensions>
          </gpxtpx:TrackPointExtension>
        </extensions>
      </trkpt>
      <trkpt lat="42.880851" lon="-8.617316">
        <ele>169.42363654076817</ele>
        <time>2025-05-28T09:09:48.282Z</time>
        <extensions>
          <gpxtpx:TrackPointExtension>
            <gpxtpx:Extensions>
              <reversedirection>yes</reversedirection>
              <highway>unclassified</highway>
              <route_bicycle_icn>yes</route_bicycle_icn>
            </gpxtpx:Extensions>
          </gpxtpx:TrackPointExtension>
        </extensions>
      </trkpt>
      <trkpt lat="42.881241" lon="-8.617795">
        <ele>171.43031513173835</ele>
        <time>2025-05-28T09:10:45.968Z</time>
        <extensions>
          <gpxtpx:TrackPointExtension>
            <gpxtpx:Extensions>
              <reversedirection>yes</reversedirection>
              <highway>unclassified</highway>
              <route_bicycle_icn>yes</route_bicycle_icn>
            </gpxtpx:Extensions>
          </gpxtpx:TrackPointExtension>
        </extensions>
      </trkpt>
      <trkpt lat="42.881344" lon="-8.617958">
        <ele>173.7334523296223</ele>
        <time>2025-05-28T09:11:03.307Z</time>
      </trkpt>
      <trkpt lat="42.881344" lon="-8.617958">
        <ele>173.7334523296223</ele>
        <time>2025-05-28T09:11:03.307Z</time>
        <extensions>
          <gpxtpx:TrackPointExtension>
            <gpxtpx:Extensions>
              <reversedirection>yes</reversedirection>
              <highway>unclassified</highway>
              <route_bicycle_icn>yes</route_bicycle_icn>
            </gpxtpx:Extensions>
          </gpxtpx:TrackPointExtension>
        </extensions>
      </trkpt>
      <trkpt lat="42.881378" lon="-8.618011">
        <ele>174.62840519498081</ele>
        <time>2025-05-28T09:11:57.038Z</time>
        <extensions>
          <gpxtpx:TrackPointExtension>
            <gpxtpx:Extensions>
              <reversedirection>yes</reversedirection>
              <highway>unclassified</highway>
              <route_bicycle_icn>yes</route_bicycle_icn>
            </gpxtpx:Extensions>
          </gpxtpx:TrackPointExtension>
        </extensions>
      </trkpt>
      <trkpt lat="42.881463" lon="-8.61817">
        <ele>176.72494976737397</ele>
        <time>2025-05-28T09:12:12.697Z</time>
        <extensions>
          <gpxtpx:TrackPointExtension>
            <gpxtpx:Extensions>
              <reversedirection>yes</reversedirection>
              <highway>unclassified</highway>
              <route_bicycle_icn>yes</route_bicycle_icn>
            </gpxtpx:Extensions>
          </gpxtpx:TrackPointExtension>
        </extensions>
      </trkpt>
      <trkpt lat="42.88151" lon="-8.618283">
        <ele>177.59989729250955</ele>
        <time>2025-05-28T09:12:23.035Z</time>
      </trkpt>
      <trkpt lat="42.88151" lon="-8.618283">
        <ele>177.59989729250955</ele>
        <time>2025-05-28T09:12:23.035Z</time>
        <extensions>
          <gpxtpx:TrackPointExtension>
            <gpxtpx:Extensions>
              <reversedirection>yes</reversedirection>
              <highway>unclassified</highway>
              <route_bicycle_icn>yes</route_bicycle_icn>
            </gpxtpx:Extensions>
          </gpxtpx:TrackPointExtension>
        </extensions>
      </trkpt>
      <trkpt lat="42.881508" lon="-8.618428">
        <ele>177.92186112851005</ele>
        <time>2025-05-28T09:12:30.550Z</time>
        <extensions>
          <gpxtpx:TrackPointExtension>
            <gpxtpx:Extensions>
              <reversedirection>yes</reversedirection>
              <highway>unclassified</highway>
              <route_bicycle_icn>yes</route_bicycle_icn>
            </gpxtpx:Extensions>
          </gpxtpx:TrackPointExtension>
        </extensions>
      </trkpt>
      <trkpt lat="42.881245" lon="-8.619599">
        <ele>176.84031811431117</ele>
        <time>2025-05-28T09:13:50.594Z</time>
        <extensions>
          <gpxtpx:TrackPointExtension>
            <gpxtpx:Extensions>
              <reversedirection>yes</reversedirection>
              <highway>unclassified</highway>
              <route_bicycle_icn>yes</route_bicycle_icn>
            </gpxtpx:Extensions>
          </gpxtpx:TrackPointExtension>
        </extensions>
      </trkpt>
      <trkpt lat="42.880978" lon="-8.620701">
        <ele>175.0833508658091</ele>
        <time>2025-05-28T09:15:06.449Z</time>
        <extensions>
          <gpxtpx:TrackPointExtension>
            <gpxtpx:Extensions>
              <reversedirection>yes</reversedirection>
              <highway>unclassified</highway>
              <route_bicycle_icn>yes</route_bicycle_icn>
            </gpxtpx:Extensions>
          </gpxtpx:TrackPointExtension>
        </extensions>
      </trkpt>
      <trkpt lat="42.880867" lon="-8.620969">
        <ele>177.2445934031166</ele>
        <time>2025-05-28T09:15:26.568Z</time>
        <extensions>
          <gpxtpx:TrackPointExtension>
            <gpxtpx:Extensions>
              <reversedirection>yes</reversedirection>
              <highway>track</highway>
              <tracktype>grade4</tracktype>
            </gpxtpx:Extensions>
          </gpxtpx:TrackPointExtension>
        </extensions>
      </trkpt>
      <trkpt lat="42.880872" lon="-8.620975">
        <ele>177.34603443580613</ele>
        <time>2025-05-28T09:15:27.157Z</time>
      </trkpt>
      <trkpt lat="42.880872" lon="-8.620975">
        <ele>177.34603443580613</ele>
        <time>2025-05-28T09:15:27.157Z</time>
        <extensions>
          <gpxtpx:TrackPointExtension>
            <gpxtpx:Extensions>
              <reversedirection>yes</reversedirection>
              <highway>track</highway>
              <tracktype>grade4</tracktype>
            </gpxtpx:Extensions>
          </gpxtpx:TrackPointExtension>
        </extensions>
      </trkpt>
      <trkpt lat="42.880912" lon="-8.621016">
        <ele>177.9420290904506</ele>
        <time>2025-05-28T09:15:31.103Z</time>
        <extensions>
          <gpxtpx:TrackPointExtension>
            <gpxtpx:Extensions>
              <reversedirection>yes</reversedirection>
              <highway>track</highway>
              <tracktype>grade4</tracktype>
            </gpxtpx:Extensions>
          </gpxtpx:TrackPointExtension>
        </extensions>
      </trkpt>
      <trkpt lat="42.881198" lon="-8.621171">
        <ele>179.61533747788943</ele>
        <time>2025-05-28T09:15:58.755Z</time>
      </trkpt>
      <trkpt lat="42.881198" lon="-8.621172">
        <ele>179.61625270854358</ele>
        <time>2025-05-28T09:15:58.863Z</time>
        <extensions>
          <gpxtpx:TrackPointExtension>
            <gpxtpx:Extensions>
              <reversedirection>yes</reversedirection>
              <highway>track</highway>
              <tracktype>grade4</tracktype>
            </gpxtpx:Extensions>
          </gpxtpx:TrackPointExtension>
        </extensions>
      </trkpt>
      <trkpt lat="42.881239" lon="-8.621193">
        <ele>179.70449122139328</ele>
        <time>2025-05-28T09:16:02.798Z</time>
        <extensions>
          <gpxtpx:TrackPointExtension>
            <gpxtpx:Extensions>
              <reversedirection>yes</reversedirection>
              <highway>track</highway>
              <tracktype>grade4</tracktype>
            </gpxtpx:Extensions>
          </gpxtpx:TrackPointExtension>
        </extensions>
      </trkpt>
      <trkpt lat="42.88127" lon="-8.621266">
        <ele>179.83778717249055</ele>
        <time>2025-05-28T09:16:10.051Z</time>
        <extensions>
          <gpxtpx:TrackPointExtension>
            <gpxtpx:Extensions>
              <reversedirection>yes</reversedirection>
              <highway>track</highway>
              <tracktype>grade4</tracktype>
            </gpxtpx:Extensions>
          </gpxtpx:TrackPointExtension>
        </extensions>
      </trkpt>
      <trkpt lat="42.881278" lon="-8.621361">
        <ele>179.91359103999693</ele>
        <time>2025-05-28T09:16:18.272Z</time>
        <extensions>
          <gpxtpx:TrackPointExtension>
            <gpxtpx:Extensions>
              <reversedirection>yes</reversedirection>
              <highway>track</highway>
              <tracktype>grade4</tracktype>
            </gpxtpx:Extensions>
          </gpxtpx:TrackPointExtension>
        </extensions>
      </trkpt>
      <trkpt lat="42.881224" lon="-8.621512">
        <ele>180.05620405006658</ele>
        <time>2025-05-28T09:16:32.717Z</time>
        <extensions>
          <gpxtpx:TrackPointExtension>
            <gpxtpx:Extensions>
              <reversedirection>yes</reversedirection>
              <highway>track</highway>
              <tracktype>grade4</tracktype>
            </gpxtpx:Extensions>
          </gpxtpx:TrackPointExtension>
        </extensions>
      </trkpt>
      <trkpt lat="42.881197" lon="-8.621612">
        <ele>180.04210371638288</ele>
        <time>2025-05-28T09:16:41.879Z</time>
        <extensions>
          <gpxtpx:TrackPointExtension>
            <gpxtpx:Extensions>
              <reversedirection>yes</reversedirection>
              <highway>track</highway>
              <tracktype>grade4</tracktype>
            </gpxtpx:Extensions>
          </gpxtpx:TrackPointExtension>
        </extensions>
      </trkpt>
      <trkpt lat="42.881198" lon="-8.621727">
        <ele>180.05434915677085</ele>
        <time>2025-05-28T09:16:51.767Z</time>
        <extensions>
          <gpxtpx:TrackPointExtension>
            <gpxtpx:Extensions>
              <reversedirection>yes</reversedirection>
              <highway>track</highway>
              <tracktype>grade4</tracktype>
            </gpxtpx:Extensions>
          </gpxtpx:TrackPointExtension>
        </extensions>
      </trkpt>
      <trkpt lat="42.881227" lon="-8.621814">
        <ele>180.1829745681239</ele>
        <time>2025-05-28T09:16:59.984Z</time>
        <extensions>
          <gpxtpx:TrackPointExtension>
            <gpxtpx:Extensions>
              <reversedirection>yes</reversedirection>
              <highway>track</highway>
              <tracktype>grade4</tracktype>
            </gpxtpx:Extensions>
          </gpxtpx:TrackPointExtension>
        </extensions>
      </trkpt>
      <trkpt lat="42.881239" lon="-8.621827">
        <ele>180.26909714170228</ele>
        <time>2025-05-28T09:17:01.781Z</time>
      </trkpt>
      <trkpt lat="42.881239" lon="-8.621827">
        <ele>180.26909714170228</ele>
        <time>2025-05-28T09:17:01.781Z</time>
        <extensions>
          <gpxtpx:TrackPointExtension>
            <gpxtpx:Extensions>
              <reversedirection>yes</reversedirection>
              <highway>track</highway>
              <tracktype>grade4</tracktype>
            </gpxtpx:Extensions>
          </gpxtpx:TrackPointExtension>
        </extensions>
      </trkpt>
      <trkpt lat="42.881281" lon="-8.621871">
        <ele>180.67805325132213</ele>
        <time>2025-05-28T09:17:09.727Z</time>
        <extensions>
          <gpxtpx:TrackPointExtension>
            <gpxtpx:Extensions>
              <reversedirection>yes</reversedirection>
              <highway>track</highway>
              <tracktype>grade4</tracktype>
            </gpxtpx:Extensions>
          </gpxtpx:TrackPointExtension>
        </extensions>
      </trkpt>
      <trkpt lat="42.881345" lon="-8.621909">
        <ele>181.4934382499669</ele>
        <time>2025-05-28T09:17:16.559Z</time>
        <extensions>
          <gpxtpx:TrackPointExtension>
            <gpxtpx:Extensions>
              <reversedirection>yes</reversedirection>
              <highway>track</highway>
              <tracktype>grade4</tracktype>
            </gpxtpx:Extensions>
          </gpxtpx:TrackPointExtension>
        </extensions>
      </trkpt>
      <trkpt lat="42.881419" lon="-8.62191">
        <ele>182.47463763441138</ele>
        <time>2025-05-28T09:17:23.803Z</time>
      </trkpt>
      <trkpt lat="42.881419" lon="-8.62191">
        <ele>182.47463763441138</ele>
        <time>2025-05-28T09:17:23.803Z</time>
        <extensions>
          <gpxtpx:TrackPointExtension>
            <gpxtpx:Extensions>
              <reversedirection>yes</reversedirection>
              <highway>track</highway>
              <tracktype>grade4</tracktype>
            </gpxtpx:Extensions>
          </gpxtpx:TrackPointExtension>
        </extensions>
      </trkpt>
      <trkpt lat="42.881419" lon="-8.62191">
        <ele>182.47463763441138</ele>
        <time>2025-05-28T09:17:23.803Z</time>
        <extensions>
          <gpxtpx:TrackPointExtension>
            <gpxtpx:Extensions>
              <reversedirection>yes</reversedirection>
              <highway>track</highway>
              <tracktype>grade4</tracktype>
            </gpxtpx:Extensions>
          </gpxtpx:TrackPointExtension>
        </extensions>
      </trkpt>
      <trkpt lat="42.881435" lon="-8.62191">
        <ele>182.69169563259211</ele>
        <time>2025-05-28T09:17:25.412Z</time>
        <extensions>
          <gpxtpx:TrackPointExtension>
            <gpxtpx:Extensions>
              <reversedirection>yes</reversedirection>
              <highway>track</highway>
              <tracktype>grade4</tracktype>
            </gpxtpx:Extensions>
          </gpxtpx:TrackPointExtension>
        </extensions>
      </trkpt>
      <trkpt lat="42.881748" lon="-8.621814">
        <ele>185.61868627978674</ele>
        <time>2025-05-28T09:17:57.654Z</time>
        <extensions>
          <gpxtpx:TrackPointExtension>
            <gpxtpx:Extensions>
              <reversedirection>yes</reversedirection>
              <highway>track</highway>
              <tracktype>grade4</tracktype>
            </gpxtpx:Extensions>
          </gpxtpx:TrackPointExtension>
        </extensions>
      </trkpt>
      <trkpt lat="42.881816" lon="-8.621815">
        <ele>186.1185652944479</ele>
        <time>2025-05-28T09:18:04.488Z</time>
        <extensions>
          <gpxtpx:TrackPointExtension>
            <gpxtpx:Extensions>
              <reversedirection>yes</reversedirection>
              <highway>track</highway>
              <tracktype>grade4</tracktype>
            </gpxtpx:Extensions>
          </gpxtpx:TrackPointExtension>
        </extensions>
      </trkpt>
      <trkpt lat="42.881873" lon="-8.621883">
        <ele>186.45929994442122</ele>
        <time>2025-05-28T09:18:11.876Z</time>
        <extensions>
          <gpxtpx:TrackPointExtension>
            <gpxtpx:Extensions>
              <reversedirection>yes</reversedirection>
              <highway>track</highway>
              <tracktype>grade4</tracktype>
            </gpxtpx:Extensions>
          </gpxtpx:TrackPointExtension>
        </extensions>
      </trkpt>
      <trkpt lat="42.881873" lon="-8.621883">
        <ele>186.45929994442122</ele>
        <time>2025-05-28T09:18:11.876Z</time>
        <extensions>
          <gpxtpx:TrackPointExtension>
            <gpxtpx:Extensions>
              <reversedirection>yes</reversedirection>
              <highway>track</highway>
              <tracktype>grade4</tracktype>
            </gpxtpx:Extensions>
          </gpxtpx:TrackPointExtension>
        </extensions>
      </trkpt>
      <trkpt lat="42.881869" lon="-8.622093">
        <ele>185.94841004604555</ele>
        <time>2025-05-28T09:18:26.896Z</time>
        <extensions>
          <gpxtpx:TrackPointExtension>
            <gpxtpx:Extensions>
              <reversedirection>yes</reversedirection>
              <highway>track</highway>
              <tracktype>grade4</tracktype>
            </gpxtpx:Extensions>
          </gpxtpx:TrackPointExtension>
        </extensions>
      </trkpt>
      <trkpt lat="42.881917" lon="-8.622476">
        <ele>183.38818731554863</ele>
        <time>2025-05-28T09:18:54.679Z</time>
        <extensions>
          <gpxtpx:TrackPointExtension>
            <gpxtpx:Extensions>
              <reversedirection>yes</reversedirection>
              <highway>track</highway>
              <tracktype>grade4</tracktype>
            </gpxtpx:Extensions>
          </gpxtpx:TrackPointExtension>
        </extensions>
      </trkpt>
      <trkpt lat="42.881982" lon="-8.62275">
        <ele>181.55589987859076</ele>
        <time>2025-05-28T09:19:15.272Z</time>
        <extensions>
          <gpxtpx:TrackPointExtension>
            <gpxtpx:Extensions>
              <reversedirection>yes</reversedirection>
              <highway>track</highway>
              <tracktype>grade4</tracktype>
            </gpxtpx:Extensions>
          </gpxtpx:TrackPointExtension>
        </extensions>
      </trkpt>
      <trkpt lat="42.882082" lon="-8.623008">
        <ele>181.54807529691678</ele>
        <time>2025-05-28T09:19:36.141Z</time>
        <extensions>
          <gpxtpx:TrackPointExtension>
            <gpxtpx:Extensions>
              <reversedirection>yes</reversedirection>
              <highway>track</highway>
              <tracktype>grade4</tracktype>
            </gpxtpx:Extensions>
          </gpxtpx:TrackPointExtension>
        </extensions>
      </trkpt>
      <trkpt lat="42.882068" lon="-8.623053">
        <ele>181.03316203588744</ele>
        <time>2025-05-28T09:19:40.062Z</time>
        <extensions>
          <gpxtpx:TrackPointExtension>
            <gpxtpx:Extensions>
              <reversedirection>yes</reversedirection>
              <highway>track</highway>
              <tracktype>grade4</tracktype>
            </gpxtpx:Extensions>
          </gpxtpx:TrackPointExtension>
        </extensions>
      </trkpt>
      <trkpt lat="42.882067" lon="-8.623054">
        <ele>181.0118614981895</ele>
        <time>2025-05-28T09:19:40.223Z</time>
        <extensions>
          <gpxtpx:TrackPointExtension>
            <gpxtpx:Extensions>
              <reversedirection>yes</reversedirection>
              <highway>track</highway>
              <tracktype>grade4</tracktype>
            </gpxtpx:Extensions>
          </gpxtpx:TrackPointExtension>
        </extensions>
      </trkpt>
      <trkpt lat="42.882025" lon="-8.623189">
        <ele>179.46679130195156</ele>
        <time>2025-05-28T09:19:51.986Z</time>
        <extensions>
          <gpxtpx:TrackPointExtension>
            <gpxtpx:Extensions>
              <reversedirection>yes</reversedirection>
              <highway>track</highway>
              <tracktype>grade4</tracktype>
            </gpxtpx:Extensions>
          </gpxtpx:TrackPointExtension>
        </extensions>
      </trkpt>
      <trkpt lat="42.881891" lon="-8.623374">
        <ele>176.84531896670825</ele>
        <time>2025-05-28T09:20:12.850Z</time>
        <extensions>
          <gpxtpx:TrackPointExtension>
            <gpxtpx:Extensions>
              <reversedirection>yes</reversedirection>
              <highway>track</highway>
              <tracktype>grade4</tracktype>
            </gpxtpx:Extensions>
          </gpxtpx:TrackPointExtension>
        </extensions>
      </trkpt>
      <trkpt lat="42.881773" lon="-8.623459">
        <ele>175.57531265444192</ele>
        <time>2025-05-28T09:20:27.455Z</time>
        <extensions>
          <gpxtpx:TrackPointExtension>
            <gpxtpx:Extensions>
              <reversedirection>yes</reversedirection>
              <highway>track</highway>
              <tracktype>grade4</tracktype>
            </gpxtpx:Extensions>
          </gpxtpx:TrackPointExtension>
        </extensions>
      </trkpt>
      <trkpt lat="42.881759" lon="-8.623468">
        <ele>175.46658979526345</ele>
        <time>2025-05-28T09:20:29.147Z</time>
        <extensions>
          <gpxtpx:TrackPointExtension>
            <gpxtpx:Extensions>
              <highway>residential</highway>
              <surface>sett</surface>
            </gpxtpx:Extensions>
          </gpxtpx:TrackPointExtension>
        </extensions>
      </trkpt>
      <trkpt lat="42.881115" lon="-8.624054">
        <ele>172.6135803582042</ele>
        <time>2025-05-28T09:21:53.872Z</time>
      </trkpt>
    </trkseg>
  </trk>
</gpx>
