<?xml version="1.0" encoding="UTF-8"?>
<gpx creator="Wikiloc - https://www.wikiloc.com" version="1.1" xmlns="http://www.topografix.com/GPX/1/1" xmlns:xsi="http://www.w3.org/2001/XMLSchema-instance" xsi:schemaLocation="http://www.topografix.com/GPX/1/1 http://www.topografix.com/GPX/1/1/gpx.xsd">
  <metadata>
    <name>Wikiloc - Pardaces de Arriba - Pontella da Burata - Ponte Dos Tres Ollos - Ponte Asén - Santiago de Compostela</name>
    <author>
      <name>Obradoiro Autoctonos</name>
      <link href="https://www.wikiloc.com/wikiloc/user.do?id=17517498">
        <text>Obradoiro Autoctonos on Wikiloc</text>
      </link>
    </author>
    <link href="https://www.wikiloc.com/hiking-trails/pardaces-de-arriba-pontella-da-burata-ponte-dos-tres-ollos-ponte-asen-santiago-de-compostela-203724243">
      <text>Pardaces de Arriba - Pontella da Burata - Ponte Dos Tres Ollos - Ponte Asén - Santiago de Compostela on Wikiloc</text>
    </link>
    <time>2025-03-04T11:55:58.994Z</time>
  </metadata>
  <wpt lat="42.904490" lon="-8.546516">
    <ele>247.0</ele>
    <time>2025-03-04T08:57:27Z</time>
    <name>Regalo</name>
    <cmt></cmt>
    <desc></desc>
  </wpt>
  <wpt lat="42.904745" lon="-8.547106">
    <ele>249.0</ele>
    <time>2025-03-04T09:00:06Z</time>
    <name>Flora</name>
    <cmt></cmt>
    <desc></desc>
  </wpt>
  <wpt lat="42.904543" lon="-8.547350">
    <ele>253.0</ele>
    <time>2025-03-04T09:00:58Z</time>
    <name>Carreiro</name>
    <cmt></cmt>
    <desc></desc>
  </wpt>
  <wpt lat="42.903767" lon="-8.548674">
    <ele>251.0</ele>
    <time>2025-03-04T09:03:03Z</time>
    <name>Monte a la izquierda del camino</name>
    <cmt></cmt>
    <desc></desc>
  </wpt>
  <wpt lat="42.903487" lon="-8.549412">
    <ele>253.0</ele>
    <time>2025-03-04T09:04:13Z</time>
    <name>Carreiro que viene de la izquierda</name>
    <cmt></cmt>
    <desc></desc>
  </wpt>
  <wpt lat="42.902705" lon="-8.549848">
    <ele>250.0</ele>
    <time>2025-03-04T09:05:36Z</time>
    <name>Grandes laureles a la izquierda</name>
    <cmt></cmt>
    <desc></desc>
  </wpt>
  <wpt lat="42.902288" lon="-8.549895">
    <ele>247.0</ele>
    <time>2025-03-04T09:06:45Z</time>
    <name>Confliencia con ruta al pedrisco</name>
    <cmt></cmt>
    <desc></desc>
  </wpt>
  <wpt lat="42.900413" lon="-8.549778">
    <ele>245.0</ele>
    <time>2025-03-04T09:11:10Z</time>
    <name>Avituallamiento</name>
    <cmt></cmt>
    <desc></desc>
  </wpt>
  <wpt lat="42.900400" lon="-8.549746">
    <ele>245.0</ele>
    <time>2025-03-04T09:11:44Z</time>
    <name>Fuente</name>
    <cmt></cmt>
    <desc></desc>
  </wpt>
  <wpt lat="42.900226" lon="-8.549827">
    <ele>244.0</ele>
    <time>2025-03-04T09:12:39Z</time>
    <name>Regatón</name>
    <cmt></cmt>
    <desc></desc>
  </wpt>
  <wpt lat="42.900086" lon="-8.549805">
    <ele>241.0</ele>
    <time>2025-03-04T09:13:05Z</time>
    <name>Lavadero</name>
    <cmt></cmt>
    <desc></desc>
  </wpt>
  <wpt lat="42.900058" lon="-8.549802">
    <ele>242.0</ele>
    <time>2025-03-04T09:14:01Z</time>
    <name>Antigua iglesia</name>
    <cmt></cmt>
    <desc></desc>
  </wpt>
  <wpt lat="42.900054" lon="-8.549805">
    <ele>244.0</ele>
    <time>2025-03-04T09:14:41Z</time>
    <name>Antigua iglesia</name>
    <cmt></cmt>
    <desc></desc>
  </wpt>
  <wpt lat="42.899753" lon="-8.549056">
    <ele>239.0</ele>
    <time>2025-03-04T09:16:13Z</time>
    <name>Ponte Dos Tres Ollos</name>
    <cmt></cmt>
    <desc></desc>
  </wpt>
  <wpt lat="42.899691" lon="-8.549339">
    <ele>238.0</ele>
    <time>2025-03-04T09:17:05Z</time>
    <name>Ponte Dos Tres Ollos</name>
    <cmt></cmt>
    <desc></desc>
  </wpt>
  <wpt lat="42.899154" lon="-8.550022">
    <ele>239.0</ele>
    <time>2025-03-04T09:18:10Z</time>
    <name>Puente madera</name>
    <cmt></cmt>
    <desc></desc>
  </wpt>
  <wpt lat="42.899097" lon="-8.549963">
    <ele>239.0</ele>
    <time>2025-03-04T09:18:33Z</time>
    <name>Regato</name>
    <cmt></cmt>
    <desc></desc>
  </wpt>
  <wpt lat="42.899003" lon="-8.550089">
    <ele>241.0</ele>
    <time>2025-03-04T09:19:21Z</time>
    <name>Suelo piedra</name>
    <cmt></cmt>
    <desc></desc>
  </wpt>
  <wpt lat="42.897118" lon="-8.549018">
    <ele>235.0</ele>
    <time>2025-03-04T09:24:47Z</time>
    <name>Cascada</name>
    <cmt></cmt>
    <desc></desc>
  </wpt>
  <wpt lat="42.897090" lon="-8.549096">
    <ele>235.0</ele>
    <time>2025-03-04T09:25:18Z</time>
    <name>Cascada</name>
    <cmt></cmt>
    <desc></desc>
  </wpt>
  <wpt lat="42.896742" lon="-8.549544">
    <ele>234.0</ele>
    <time>2025-03-04T09:27:03Z</time>
    <name>Cabañas</name>
    <cmt></cmt>
    <desc></desc>
  </wpt>
  <wpt lat="42.896502" lon="-8.549878">
    <ele>233.0</ele>
    <time>2025-03-04T09:28:03Z</time>
    <name>Fuente</name>
    <cmt></cmt>
    <desc></desc>
  </wpt>
  <wpt lat="42.896381" lon="-8.549957">
    <ele>233.0</ele>
    <time>2025-03-04T09:28:42Z</time>
    <name>Waypoint</name>
    <cmt></cmt>
    <desc></desc>
  </wpt>
  <wpt lat="42.896273" lon="-8.549842">
    <ele>233.0</ele>
    <time>2025-03-04T09:29:07Z</time>
    <name>Waypoint</name>
    <cmt></cmt>
    <desc></desc>
  </wpt>
  <wpt lat="42.896064" lon="-8.549803">
    <ele>233.0</ele>
    <time>2025-03-04T09:29:52Z</time>
    <name>Waypoint</name>
    <cmt></cmt>
    <desc></desc>
  </wpt>
  <wpt lat="42.893329" lon="-8.549872">
    <ele>231.0</ele>
    <time>2025-03-04T09:35:15Z</time>
    <name>Waypoint</name>
    <cmt></cmt>
    <desc></desc>
  </wpt>
  <wpt lat="42.893347" lon="-8.549936">
    <ele>230.0</ele>
    <time>2025-03-04T09:35:34Z</time>
    <name>Waypoint</name>
    <cmt></cmt>
    <desc></desc>
  </wpt>
  <wpt lat="42.892745" lon="-8.550706">
    <ele>230.0</ele>
    <time>2025-03-04T09:37:31Z</time>
    <name>Waypoint</name>
    <cmt></cmt>
    <desc></desc>
  </wpt>
  <wpt lat="42.891909" lon="-8.549988">
    <ele>231.0</ele>
    <time>2025-03-04T09:40:00Z</time>
    <name>Waypoint</name>
    <cmt></cmt>
    <desc></desc>
  </wpt>
  <wpt lat="42.889058" lon="-8.548625">
    <ele>231.0</ele>
    <time>2025-03-04T09:45:15Z</time>
    <name>Waypoint</name>
    <cmt></cmt>
    <desc></desc>
  </wpt>
  <wpt lat="42.886851" lon="-8.549144">
    <ele>225.0</ele>
    <time>2025-03-04T09:49:14Z</time>
    <name>Waypoint</name>
    <cmt></cmt>
    <desc></desc>
  </wpt>
  <wpt lat="42.886722" lon="-8.549294">
    <ele>225.0</ele>
    <time>2025-03-04T09:49:56Z</time>
    <name>Waypoint</name>
    <cmt></cmt>
    <desc></desc>
  </wpt>
  <wpt lat="42.886722" lon="-8.549431">
    <ele>225.0</ele>
    <time>2025-03-04T09:50:19Z</time>
    <name>Waypoint</name>
    <cmt></cmt>
    <desc></desc>
  </wpt>
  <wpt lat="42.886191" lon="-8.550050">
    <ele>226.0</ele>
    <time>2025-03-04T09:51:34Z</time>
    <name>Waypoint</name>
    <cmt></cmt>
    <desc></desc>
  </wpt>
  <wpt lat="42.886186" lon="-8.550041">
    <ele>226.0</ele>
    <time>2025-03-04T09:51:50Z</time>
    <name>Waypoint</name>
    <cmt></cmt>
    <desc></desc>
  </wpt>
  <wpt lat="42.884989" lon="-8.549771">
    <ele>226.0</ele>
    <time>2025-03-04T09:55:32Z</time>
    <name>Ponte Asén</name>
    <cmt></cmt>
    <desc></desc>
  </wpt>
  <wpt lat="42.884852" lon="-8.549762">
    <ele>226.0</ele>
    <time>2025-03-04T09:55:46Z</time>
    <name>Ponte Asén</name>
    <cmt></cmt>
    <desc></desc>
  </wpt>
  <wpt lat="42.884176" lon="-8.549901">
    <ele>226.0</ele>
    <time>2025-03-04T09:56:49Z</time>
    <name>Waypoint</name>
    <cmt></cmt>
    <desc></desc>
  </wpt>
  <wpt lat="42.883744" lon="-8.550634">
    <ele>226.0</ele>
    <time>2025-03-04T09:57:51Z</time>
    <name>Fuente del oro</name>
    <cmt></cmt>
    <desc></desc>
  </wpt>
  <wpt lat="42.882278" lon="-8.550598">
    <ele>225.0</ele>
    <time>2025-03-04T10:50:00Z</time>
    <name>Waypoint</name>
    <cmt></cmt>
    <desc></desc>
  </wpt>
  <wpt lat="42.881483" lon="-8.551688">
    <ele>224.0</ele>
    <time>2025-03-04T10:51:49Z</time>
    <name>Waypoint</name>
    <cmt></cmt>
    <desc></desc>
  </wpt>
  <wpt lat="42.881321" lon="-8.552064">
    <ele>224.0</ele>
    <time>2025-03-04T10:53:11Z</time>
    <name>Waypoint</name>
    <cmt></cmt>
    <desc></desc>
  </wpt>
  <trk>
    <name>Pardaces de Arriba - Pontella da Burata - Ponte Dos Tres Ollos - Ponte Asén - Santiago de Compostela</name>
    <cmt>Ruta de Pardaces de Arriba a Santiago de Compostela pasando por: 
- Pontella da Burata (0.2 km) 
- Ponte Dos Tres Ollos (0.7 km) 
- Ponte Asén (2.4 km)</cmt>
    <desc>Ruta de Pardaces de Arriba a Santiago de Compostela pasando por: 
- Pontella da Burata (0.2 km) 
- Ponte Dos Tres Ollos (0.7 km) 
- Ponte Asén (2.4 km)</desc>
    <trkseg>
      <trkpt lat="42.904486" lon="-8.546470">
        <ele>248.837</ele>
        <time>2025-03-04T08:57:17.986Z</time>
      </trkpt>
      <trkpt lat="42.904469" lon="-8.546530">
        <ele>245.849</ele>
        <time>2025-03-04T08:57:33.996Z</time>
      </trkpt>
      <trkpt lat="42.904520" lon="-8.546542">
        <ele>242.813</ele>
        <time>2025-03-04T08:57:40.998Z</time>
      </trkpt>
      <trkpt lat="42.904576" lon="-8.546540">
        <ele>242.809</ele>
        <time>2025-03-04T08:57:58Z</time>
      </trkpt>
      <trkpt lat="42.904623" lon="-8.546536">
        <ele>242.895</ele>
        <time>2025-03-04T08:58:03Z</time>
      </trkpt>
      <trkpt lat="42.904673" lon="-8.546522">
        <ele>242.873</ele>
        <time>2025-03-04T08:58:08Z</time>
      </trkpt>
      <trkpt lat="42.904730" lon="-8.546521">
        <ele>242.856</ele>
        <time>2025-03-04T08:58:11Z</time>
      </trkpt>
      <trkpt lat="42.904773" lon="-8.546481">
        <ele>242.970</ele>
        <time>2025-03-04T08:58:21Z</time>
      </trkpt>
      <trkpt lat="42.904818" lon="-8.546515">
        <ele>243.065</ele>
        <time>2025-03-04T08:58:28Z</time>
      </trkpt>
      <trkpt lat="42.904878" lon="-8.546513">
        <ele>243.397</ele>
        <time>2025-03-04T08:58:34Z</time>
      </trkpt>
      <trkpt lat="42.904831" lon="-8.546555">
        <ele>243.375</ele>
        <time>2025-03-04T08:59:17Z</time>
      </trkpt>
      <trkpt lat="42.904835" lon="-8.546617">
        <ele>243.367</ele>
        <time>2025-03-04T08:59:23Z</time>
      </trkpt>
      <trkpt lat="42.904868" lon="-8.546662">
        <ele>243.326</ele>
        <time>2025-03-04T08:59:27Z</time>
      </trkpt>
      <trkpt lat="42.904882" lon="-8.546720">
        <ele>243.285</ele>
        <time>2025-03-04T08:59:30Z</time>
      </trkpt>
      <trkpt lat="42.904891" lon="-8.546793">
        <ele>243.289</ele>
        <time>2025-03-04T08:59:35Z</time>
      </trkpt>
      <trkpt lat="42.904884" lon="-8.546857">
        <ele>243.217</ele>
        <time>2025-03-04T08:59:40Z</time>
      </trkpt>
      <trkpt lat="42.904879" lon="-8.546937">
        <ele>243.209</ele>
        <time>2025-03-04T08:59:47Z</time>
      </trkpt>
      <trkpt lat="42.904830" lon="-8.546961">
        <ele>243.590</ele>
        <time>2025-03-04T08:59:52Z</time>
      </trkpt>
      <trkpt lat="42.904806" lon="-8.547016">
        <ele>243.988</ele>
        <time>2025-03-04T08:59:57Z</time>
      </trkpt>
      <trkpt lat="42.904770" lon="-8.547068">
        <ele>244.381</ele>
        <time>2025-03-04T09:00:02Z</time>
      </trkpt>
      <trkpt lat="42.904734" lon="-8.547106">
        <ele>244.745</ele>
        <time>2025-03-04T09:00:08Z</time>
      </trkpt>
      <trkpt lat="42.904699" lon="-8.547149">
        <ele>245.240</ele>
        <time>2025-03-04T09:00:18Z</time>
      </trkpt>
      <trkpt lat="42.904665" lon="-8.547195">
        <ele>245.782</ele>
        <time>2025-03-04T09:00:24Z</time>
      </trkpt>
      <trkpt lat="42.904635" lon="-8.547246">
        <ele>246.240</ele>
        <time>2025-03-04T09:00:44Z</time>
      </trkpt>
      <trkpt lat="42.904598" lon="-8.547288">
        <ele>246.512</ele>
        <time>2025-03-04T09:00:51Z</time>
      </trkpt>
      <trkpt lat="42.904557" lon="-8.547327">
        <ele>246.631</ele>
        <time>2025-03-04T09:00:56Z</time>
      </trkpt>
      <trkpt lat="42.904532" lon="-8.547390">
        <ele>246.748</ele>
        <time>2025-03-04T09:01:01Z</time>
      </trkpt>
      <trkpt lat="42.904498" lon="-8.547439">
        <ele>246.761</ele>
        <time>2025-03-04T09:01:10Z</time>
      </trkpt>
      <trkpt lat="42.904459" lon="-8.547475">
        <ele>246.717</ele>
        <time>2025-03-04T09:01:18Z</time>
      </trkpt>
      <trkpt lat="42.904425" lon="-8.547558">
        <ele>246.709</ele>
        <time>2025-03-04T09:01:22Z</time>
      </trkpt>
      <trkpt lat="42.904396" lon="-8.547606">
        <ele>246.666</ele>
        <time>2025-03-04T09:01:25Z</time>
      </trkpt>
      <trkpt lat="42.904359" lon="-8.547643">
        <ele>246.354</ele>
        <time>2025-03-04T09:01:32Z</time>
      </trkpt>
      <trkpt lat="42.904326" lon="-8.547690">
        <ele>246.037</ele>
        <time>2025-03-04T09:01:36Z</time>
      </trkpt>
      <trkpt lat="42.904268" lon="-8.547695">
        <ele>245.651</ele>
        <time>2025-03-04T09:01:39Z</time>
      </trkpt>
      <trkpt lat="42.904255" lon="-8.547771">
        <ele>245.326</ele>
        <time>2025-03-04T09:01:41Z</time>
      </trkpt>
      <trkpt lat="42.904256" lon="-8.547834">
        <ele>245.188</ele>
        <time>2025-03-04T09:01:50Z</time>
      </trkpt>
      <trkpt lat="42.904232" lon="-8.547887">
        <ele>245.026</ele>
        <time>2025-03-04T09:01:53Z</time>
      </trkpt>
      <trkpt lat="42.904200" lon="-8.547949">
        <ele>244.848</ele>
        <time>2025-03-04T09:01:59Z</time>
      </trkpt>
      <trkpt lat="42.904180" lon="-8.548004">
        <ele>244.657</ele>
        <time>2025-03-04T09:02:05Z</time>
      </trkpt>
      <trkpt lat="42.904169" lon="-8.548069">
        <ele>244.463</ele>
        <time>2025-03-04T09:02:10Z</time>
      </trkpt>
      <trkpt lat="42.904140" lon="-8.548119">
        <ele>244.344</ele>
        <time>2025-03-04T09:02:14Z</time>
      </trkpt>
      <trkpt lat="42.904107" lon="-8.548182">
        <ele>244.318</ele>
        <time>2025-03-04T09:02:18Z</time>
      </trkpt>
      <trkpt lat="42.904063" lon="-8.548227">
        <ele>244.309</ele>
        <time>2025-03-04T09:02:23Z</time>
      </trkpt>
      <trkpt lat="42.904023" lon="-8.548281">
        <ele>244.478</ele>
        <time>2025-03-04T09:02:28Z</time>
      </trkpt>
      <trkpt lat="42.903987" lon="-8.548326">
        <ele>244.556</ele>
        <time>2025-03-04T09:02:33Z</time>
      </trkpt>
      <trkpt lat="42.903954" lon="-8.548385">
        <ele>244.619</ele>
        <time>2025-03-04T09:02:37Z</time>
      </trkpt>
      <trkpt lat="42.903926" lon="-8.548443">
        <ele>244.653</ele>
        <time>2025-03-04T09:02:41Z</time>
      </trkpt>
      <trkpt lat="42.903897" lon="-8.548496">
        <ele>244.738</ele>
        <time>2025-03-04T09:02:46Z</time>
      </trkpt>
      <trkpt lat="42.903850" lon="-8.548544">
        <ele>244.730</ele>
        <time>2025-03-04T09:02:51Z</time>
      </trkpt>
      <trkpt lat="42.903801" lon="-8.548573">
        <ele>244.748</ele>
        <time>2025-03-04T09:02:54Z</time>
      </trkpt>
      <trkpt lat="42.903785" lon="-8.548640">
        <ele>244.710</ele>
        <time>2025-03-04T09:02:58Z</time>
      </trkpt>
      <trkpt lat="42.903755" lon="-8.548689">
        <ele>244.729</ele>
        <time>2025-03-04T09:03:17Z</time>
      </trkpt>
      <trkpt lat="42.903735" lon="-8.548760">
        <ele>244.748</ele>
        <time>2025-03-04T09:03:21Z</time>
      </trkpt>
      <trkpt lat="42.903703" lon="-8.548804">
        <ele>244.761</ele>
        <time>2025-03-04T09:03:24Z</time>
      </trkpt>
      <trkpt lat="42.903668" lon="-8.548863">
        <ele>244.717</ele>
        <time>2025-03-04T09:03:31Z</time>
      </trkpt>
      <trkpt lat="42.903650" lon="-8.548919">
        <ele>244.709</ele>
        <time>2025-03-04T09:03:36Z</time>
      </trkpt>
      <trkpt lat="42.903633" lon="-8.548990">
        <ele>244.766</ele>
        <time>2025-03-04T09:03:43Z</time>
      </trkpt>
      <trkpt lat="42.903604" lon="-8.549046">
        <ele>244.754</ele>
        <time>2025-03-04T09:03:46Z</time>
      </trkpt>
      <trkpt lat="42.903596" lon="-8.549118">
        <ele>244.727</ele>
        <time>2025-03-04T09:03:49Z</time>
      </trkpt>
      <trkpt lat="42.903589" lon="-8.549194">
        <ele>244.781</ele>
        <time>2025-03-04T09:03:53Z</time>
      </trkpt>
      <trkpt lat="42.903576" lon="-8.549264">
        <ele>244.746</ele>
        <time>2025-03-04T09:03:58Z</time>
      </trkpt>
      <trkpt lat="42.903542" lon="-8.549325">
        <ele>244.768</ele>
        <time>2025-03-04T09:04:03Z</time>
      </trkpt>
      <trkpt lat="42.903511" lon="-8.549379">
        <ele>244.756</ele>
        <time>2025-03-04T09:04:07Z</time>
      </trkpt>
      <trkpt lat="42.903483" lon="-8.549431">
        <ele>244.788</ele>
        <time>2025-03-04T09:04:20Z</time>
      </trkpt>
      <trkpt lat="42.903439" lon="-8.549447">
        <ele>244.827</ele>
        <time>2025-03-04T09:04:27Z</time>
      </trkpt>
      <trkpt lat="42.903382" lon="-8.549460">
        <ele>244.977</ele>
        <time>2025-03-04T09:04:33Z</time>
      </trkpt>
      <trkpt lat="42.903330" lon="-8.549487">
        <ele>244.961</ele>
        <time>2025-03-04T09:04:38Z</time>
      </trkpt>
      <trkpt lat="42.903287" lon="-8.549512">
        <ele>244.927</ele>
        <time>2025-03-04T09:04:43Z</time>
      </trkpt>
      <trkpt lat="42.903240" lon="-8.549547">
        <ele>244.909</ele>
        <time>2025-03-04T09:04:49Z</time>
      </trkpt>
      <trkpt lat="42.903188" lon="-8.549577">
        <ele>244.789</ele>
        <time>2025-03-04T09:04:54Z</time>
      </trkpt>
      <trkpt lat="42.903150" lon="-8.549623">
        <ele>244.667</ele>
        <time>2025-03-04T09:04:59Z</time>
      </trkpt>
      <trkpt lat="42.903104" lon="-8.549644">
        <ele>244.580</ele>
        <time>2025-03-04T09:05:02Z</time>
      </trkpt>
      <trkpt lat="42.903056" lon="-8.549675">
        <ele>244.444</ele>
        <time>2025-03-04T09:05:06Z</time>
      </trkpt>
      <trkpt lat="42.903010" lon="-8.549702">
        <ele>244.379</ele>
        <time>2025-03-04T09:05:10Z</time>
      </trkpt>
      <trkpt lat="42.902963" lon="-8.549718">
        <ele>244.361</ele>
        <time>2025-03-04T09:05:14Z</time>
      </trkpt>
      <trkpt lat="42.902917" lon="-8.549735">
        <ele>244.269</ele>
        <time>2025-03-04T09:05:18Z</time>
      </trkpt>
      <trkpt lat="42.902867" lon="-8.549765">
        <ele>244.261</ele>
        <time>2025-03-04T09:05:22Z</time>
      </trkpt>
      <trkpt lat="42.902819" lon="-8.549789">
        <ele>244.240</ele>
        <time>2025-03-04T09:05:26Z</time>
      </trkpt>
      <trkpt lat="42.902773" lon="-8.549818">
        <ele>244.166</ele>
        <time>2025-03-04T09:05:30Z</time>
      </trkpt>
      <trkpt lat="42.902727" lon="-8.549841">
        <ele>244.129</ele>
        <time>2025-03-04T09:05:34Z</time>
      </trkpt>
      <trkpt lat="42.902682" lon="-8.549865">
        <ele>244.121</ele>
        <time>2025-03-04T09:05:45Z</time>
      </trkpt>
      <trkpt lat="42.902635" lon="-8.549869">
        <ele>244.109</ele>
        <time>2025-03-04T09:05:49Z</time>
      </trkpt>
      <trkpt lat="42.902587" lon="-8.549867">
        <ele>244.138</ele>
        <time>2025-03-04T09:05:54Z</time>
      </trkpt>
      <trkpt lat="42.902541" lon="-8.549869">
        <ele>244.016</ele>
        <time>2025-03-04T09:05:58Z</time>
      </trkpt>
      <trkpt lat="42.902491" lon="-8.549866">
        <ele>243.989</ele>
        <time>2025-03-04T09:06:03Z</time>
      </trkpt>
      <trkpt lat="42.902439" lon="-8.549864">
        <ele>243.823</ele>
        <time>2025-03-04T09:06:08Z</time>
      </trkpt>
      <trkpt lat="42.902392" lon="-8.549862">
        <ele>243.768</ele>
        <time>2025-03-04T09:06:12Z</time>
      </trkpt>
      <trkpt lat="42.902345" lon="-8.549865">
        <ele>243.730</ele>
        <time>2025-03-04T09:06:18Z</time>
      </trkpt>
      <trkpt lat="42.902299" lon="-8.549873">
        <ele>243.788</ele>
        <time>2025-03-04T09:06:26Z</time>
      </trkpt>
      <trkpt lat="42.902258" lon="-8.549917">
        <ele>243.710</ele>
        <time>2025-03-04T09:06:54Z</time>
      </trkpt>
      <trkpt lat="42.902211" lon="-8.549874">
        <ele>243.759</ele>
        <time>2025-03-04T09:07:01Z</time>
      </trkpt>
      <trkpt lat="42.902165" lon="-8.549827">
        <ele>243.753</ele>
        <time>2025-03-04T09:07:06Z</time>
      </trkpt>
      <trkpt lat="42.902122" lon="-8.549801">
        <ele>243.704</ele>
        <time>2025-03-04T09:07:11Z</time>
      </trkpt>
      <trkpt lat="42.902070" lon="-8.549784">
        <ele>243.514</ele>
        <time>2025-03-04T09:07:17Z</time>
      </trkpt>
      <trkpt lat="42.902015" lon="-8.549764">
        <ele>242.609</ele>
        <time>2025-03-04T09:07:23Z</time>
      </trkpt>
      <trkpt lat="42.901961" lon="-8.549738">
        <ele>242.037</ele>
        <time>2025-03-04T09:07:29Z</time>
      </trkpt>
      <trkpt lat="42.901915" lon="-8.549730">
        <ele>241.795</ele>
        <time>2025-03-04T09:07:34Z</time>
      </trkpt>
      <trkpt lat="42.901864" lon="-8.549711">
        <ele>241.158</ele>
        <time>2025-03-04T09:07:40Z</time>
      </trkpt>
      <trkpt lat="42.901818" lon="-8.549709">
        <ele>240.542</ele>
        <time>2025-03-04T09:07:50Z</time>
      </trkpt>
      <trkpt lat="42.901770" lon="-8.549699">
        <ele>239.747</ele>
        <time>2025-03-04T09:07:55Z</time>
      </trkpt>
      <trkpt lat="42.901710" lon="-8.549634">
        <ele>238.589</ele>
        <time>2025-03-04T09:08:05Z</time>
      </trkpt>
      <trkpt lat="42.901647" lon="-8.549632">
        <ele>238.127</ele>
        <time>2025-03-04T09:08:09Z</time>
      </trkpt>
      <trkpt lat="42.901594" lon="-8.549619">
        <ele>237.429</ele>
        <time>2025-03-04T09:08:14Z</time>
      </trkpt>
      <trkpt lat="42.901541" lon="-8.549604">
        <ele>237.078</ele>
        <time>2025-03-04T09:08:18Z</time>
      </trkpt>
      <trkpt lat="42.901496" lon="-8.549572">
        <ele>236.612</ele>
        <time>2025-03-04T09:08:22Z</time>
      </trkpt>
      <trkpt lat="42.901444" lon="-8.549551">
        <ele>236.332</ele>
        <time>2025-03-04T09:08:28Z</time>
      </trkpt>
      <trkpt lat="42.901400" lon="-8.549587">
        <ele>236.205</ele>
        <time>2025-03-04T09:08:48Z</time>
      </trkpt>
      <trkpt lat="42.901352" lon="-8.549594">
        <ele>236.009</ele>
        <time>2025-03-04T09:08:52Z</time>
      </trkpt>
      <trkpt lat="42.901296" lon="-8.549604">
        <ele>235.793</ele>
        <time>2025-03-04T09:08:57Z</time>
      </trkpt>
      <trkpt lat="42.901244" lon="-8.549590">
        <ele>235.431</ele>
        <time>2025-03-04T09:09:01Z</time>
      </trkpt>
      <trkpt lat="42.901184" lon="-8.549599">
        <ele>235.244</ele>
        <time>2025-03-04T09:09:05Z</time>
      </trkpt>
      <trkpt lat="42.901136" lon="-8.549607">
        <ele>235.158</ele>
        <time>2025-03-04T09:09:09Z</time>
      </trkpt>
      <trkpt lat="42.901088" lon="-8.549614">
        <ele>235.013</ele>
        <time>2025-03-04T09:09:14Z</time>
      </trkpt>
      <trkpt lat="42.901044" lon="-8.549601">
        <ele>234.985</ele>
        <time>2025-03-04T09:09:21Z</time>
      </trkpt>
      <trkpt lat="42.900991" lon="-8.549609">
        <ele>234.813</ele>
        <time>2025-03-04T09:09:26Z</time>
      </trkpt>
      <trkpt lat="42.900951" lon="-8.549640">
        <ele>234.745</ele>
        <time>2025-03-04T09:09:31Z</time>
      </trkpt>
      <trkpt lat="42.900901" lon="-8.549660">
        <ele>234.674</ele>
        <time>2025-03-04T09:09:36Z</time>
      </trkpt>
      <trkpt lat="42.900848" lon="-8.549664">
        <ele>234.614</ele>
        <time>2025-03-04T09:09:41Z</time>
      </trkpt>
      <trkpt lat="42.900799" lon="-8.549686">
        <ele>234.554</ele>
        <time>2025-03-04T09:09:45Z</time>
      </trkpt>
      <trkpt lat="42.900748" lon="-8.549681">
        <ele>234.409</ele>
        <time>2025-03-04T09:09:49Z</time>
      </trkpt>
      <trkpt lat="42.900716" lon="-8.549730">
        <ele>234.309</ele>
        <time>2025-03-04T09:09:52Z</time>
      </trkpt>
      <trkpt lat="42.900670" lon="-8.549733">
        <ele>234.333</ele>
        <time>2025-03-04T09:09:55Z</time>
      </trkpt>
      <trkpt lat="42.900625" lon="-8.549717">
        <ele>234.341</ele>
        <time>2025-03-04T09:09:59Z</time>
      </trkpt>
      <trkpt lat="42.900584" lon="-8.549751">
        <ele>234.294</ele>
        <time>2025-03-04T09:10:02Z</time>
      </trkpt>
      <trkpt lat="42.900542" lon="-8.549789">
        <ele>234.188</ele>
        <time>2025-03-04T09:10:05Z</time>
      </trkpt>
      <trkpt lat="42.900491" lon="-8.549793">
        <ele>234.053</ele>
        <time>2025-03-04T09:10:11Z</time>
      </trkpt>
      <trkpt lat="42.900437" lon="-8.549799">
        <ele>233.935</ele>
        <time>2025-03-04T09:10:18Z</time>
      </trkpt>
      <trkpt lat="42.900394" lon="-8.549825">
        <ele>233.813</ele>
        <time>2025-03-04T09:10:25Z</time>
      </trkpt>
      <trkpt lat="42.900415" lon="-8.549769">
        <ele>233.875</ele>
        <time>2025-03-04T09:10:46Z</time>
      </trkpt>
      <trkpt lat="42.900373" lon="-8.549795">
        <ele>233.814</ele>
        <time>2025-03-04T09:12:26Z</time>
      </trkpt>
      <trkpt lat="42.900322" lon="-8.549797">
        <ele>233.875</ele>
        <time>2025-03-04T09:12:30Z</time>
      </trkpt>
      <trkpt lat="42.900272" lon="-8.549831">
        <ele>233.828</ele>
        <time>2025-03-04T09:12:35Z</time>
      </trkpt>
      <trkpt lat="42.900224" lon="-8.549819">
        <ele>233.920</ele>
        <time>2025-03-04T09:12:40Z</time>
      </trkpt>
      <trkpt lat="42.900175" lon="-8.549823">
        <ele>234.009</ele>
        <time>2025-03-04T09:12:56Z</time>
      </trkpt>
      <trkpt lat="42.900128" lon="-8.549804">
        <ele>234.159</ele>
        <time>2025-03-04T09:13:02Z</time>
      </trkpt>
      <trkpt lat="42.900081" lon="-8.549809">
        <ele>234.147</ele>
        <time>2025-03-04T09:13:06Z</time>
      </trkpt>
      <trkpt lat="42.900036" lon="-8.549826">
        <ele>234.110</ele>
        <time>2025-03-04T09:13:12Z</time>
      </trkpt>
      <trkpt lat="42.900004" lon="-8.549887">
        <ele>234.164</ele>
        <time>2025-03-04T09:13:25Z</time>
      </trkpt>
      <trkpt lat="42.900012" lon="-8.549809">
        <ele>233.939</ele>
        <time>2025-03-04T09:13:35Z</time>
      </trkpt>
      <trkpt lat="42.900062" lon="-8.549806">
        <ele>233.831</ele>
        <time>2025-03-04T09:14:01Z</time>
      </trkpt>
      <trkpt lat="42.900013" lon="-8.549780">
        <ele>233.819</ele>
        <time>2025-03-04T09:15:01Z</time>
      </trkpt>
      <trkpt lat="42.899962" lon="-8.549762">
        <ele>233.811</ele>
        <time>2025-03-04T09:15:06Z</time>
      </trkpt>
      <trkpt lat="42.899932" lon="-8.549704">
        <ele>233.850</ele>
        <time>2025-03-04T09:15:12Z</time>
      </trkpt>
      <trkpt lat="42.899907" lon="-8.549646">
        <ele>233.711</ele>
        <time>2025-03-04T09:15:19Z</time>
      </trkpt>
      <trkpt lat="42.899889" lon="-8.549588">
        <ele>233.721</ele>
        <time>2025-03-04T09:15:24Z</time>
      </trkpt>
      <trkpt lat="42.899862" lon="-8.549524">
        <ele>233.603</ele>
        <time>2025-03-04T09:15:28Z</time>
      </trkpt>
      <trkpt lat="42.899830" lon="-8.549468">
        <ele>233.409</ele>
        <time>2025-03-04T09:15:32Z</time>
      </trkpt>
      <trkpt lat="42.899808" lon="-8.549400">
        <ele>233.123</ele>
        <time>2025-03-04T09:15:36Z</time>
      </trkpt>
      <trkpt lat="42.899793" lon="-8.549341">
        <ele>232.891</ele>
        <time>2025-03-04T09:15:41Z</time>
      </trkpt>
      <trkpt lat="42.899763" lon="-8.549276">
        <ele>232.664</ele>
        <time>2025-03-04T09:15:46Z</time>
      </trkpt>
      <trkpt lat="42.899735" lon="-8.549217">
        <ele>232.658</ele>
        <time>2025-03-04T09:15:51Z</time>
      </trkpt>
      <trkpt lat="42.899714" lon="-8.549151">
        <ele>232.673</ele>
        <time>2025-03-04T09:15:57Z</time>
      </trkpt>
      <trkpt lat="42.899719" lon="-8.549082">
        <ele>232.725</ele>
        <time>2025-03-04T09:16:04Z</time>
      </trkpt>
      <trkpt lat="42.899769" lon="-8.549051">
        <ele>232.843</ele>
        <time>2025-03-04T09:16:09Z</time>
      </trkpt>
      <trkpt lat="42.899760" lon="-8.549132">
        <ele>232.915</ele>
        <time>2025-03-04T09:16:28Z</time>
      </trkpt>
      <trkpt lat="42.899723" lon="-8.549087">
        <ele>232.954</ele>
        <time>2025-03-04T09:16:42Z</time>
      </trkpt>
      <trkpt lat="42.899677" lon="-8.549107">
        <ele>232.935</ele>
        <time>2025-03-04T09:16:46Z</time>
      </trkpt>
      <trkpt lat="42.899693" lon="-8.549175">
        <ele>232.986</ele>
        <time>2025-03-04T09:16:51Z</time>
      </trkpt>
      <trkpt lat="42.899722" lon="-8.549240">
        <ele>232.914</ele>
        <time>2025-03-04T09:16:55Z</time>
      </trkpt>
      <trkpt lat="42.899741" lon="-8.549300">
        <ele>233.009</ele>
        <time>2025-03-04T09:16:59Z</time>
      </trkpt>
      <trkpt lat="42.899708" lon="-8.549344">
        <ele>233.075</ele>
        <time>2025-03-04T09:17:03Z</time>
      </trkpt>
      <trkpt lat="42.899661" lon="-8.549366">
        <ele>233.023</ele>
        <time>2025-03-04T09:17:07Z</time>
      </trkpt>
      <trkpt lat="42.899624" lon="-8.549405">
        <ele>233.016</ele>
        <time>2025-03-04T09:17:18Z</time>
      </trkpt>
      <trkpt lat="42.899596" lon="-8.549471">
        <ele>233.010</ele>
        <time>2025-03-04T09:17:23Z</time>
      </trkpt>
      <trkpt lat="42.899573" lon="-8.549525">
        <ele>232.895</ele>
        <time>2025-03-04T09:17:26Z</time>
      </trkpt>
      <trkpt lat="42.899546" lon="-8.549584">
        <ele>232.757</ele>
        <time>2025-03-04T09:17:31Z</time>
      </trkpt>
      <trkpt lat="42.899509" lon="-8.549631">
        <ele>232.585</ele>
        <time>2025-03-04T09:17:35Z</time>
      </trkpt>
      <trkpt lat="42.899474" lon="-8.549671">
        <ele>232.497</ele>
        <time>2025-03-04T09:17:40Z</time>
      </trkpt>
      <trkpt lat="42.899428" lon="-8.549724">
        <ele>232.366</ele>
        <time>2025-03-04T09:17:43Z</time>
      </trkpt>
      <trkpt lat="42.899392" lon="-8.549765">
        <ele>232.351</ele>
        <time>2025-03-04T09:17:46Z</time>
      </trkpt>
      <trkpt lat="42.899357" lon="-8.549812">
        <ele>232.301</ele>
        <time>2025-03-04T09:17:51Z</time>
      </trkpt>
      <trkpt lat="42.899315" lon="-8.549861">
        <ele>232.311</ele>
        <time>2025-03-04T09:17:55Z</time>
      </trkpt>
      <trkpt lat="42.899282" lon="-8.549906">
        <ele>232.309</ele>
        <time>2025-03-04T09:17:59Z</time>
      </trkpt>
      <trkpt lat="42.899249" lon="-8.549968">
        <ele>232.327</ele>
        <time>2025-03-04T09:18:04Z</time>
      </trkpt>
      <trkpt lat="42.899190" lon="-8.550010">
        <ele>232.215</ele>
        <time>2025-03-04T09:18:08Z</time>
      </trkpt>
      <trkpt lat="42.899143" lon="-8.550015">
        <ele>232.138</ele>
        <time>2025-03-04T09:18:21Z</time>
      </trkpt>
      <trkpt lat="42.899110" lon="-8.549974">
        <ele>232.172</ele>
        <time>2025-03-04T09:18:28Z</time>
      </trkpt>
      <trkpt lat="42.899082" lon="-8.549912">
        <ele>232.067</ele>
        <time>2025-03-04T09:18:42Z</time>
      </trkpt>
      <trkpt lat="42.899085" lon="-8.549980">
        <ele>231.899</ele>
        <time>2025-03-04T09:19:01Z</time>
      </trkpt>
      <trkpt lat="42.899065" lon="-8.550043">
        <ele>231.797</ele>
        <time>2025-03-04T09:19:06Z</time>
      </trkpt>
      <trkpt lat="42.899018" lon="-8.550074">
        <ele>231.799</ele>
        <time>2025-03-04T09:19:10Z</time>
      </trkpt>
      <trkpt lat="42.898970" lon="-8.550107">
        <ele>231.618</ele>
        <time>2025-03-04T09:19:27Z</time>
      </trkpt>
      <trkpt lat="42.898920" lon="-8.550081">
        <ele>231.654</ele>
        <time>2025-03-04T09:19:39Z</time>
      </trkpt>
      <trkpt lat="42.898877" lon="-8.550036">
        <ele>231.756</ele>
        <time>2025-03-04T09:19:45Z</time>
      </trkpt>
      <trkpt lat="42.898850" lon="-8.549981">
        <ele>231.711</ele>
        <time>2025-03-04T09:19:50Z</time>
      </trkpt>
      <trkpt lat="42.898850" lon="-8.549911">
        <ele>231.909</ele>
        <time>2025-03-04T09:19:54Z</time>
      </trkpt>
      <trkpt lat="42.898836" lon="-8.549848">
        <ele>232.057</ele>
        <time>2025-03-04T09:19:58Z</time>
      </trkpt>
      <trkpt lat="42.898815" lon="-8.549783">
        <ele>232.085</ele>
        <time>2025-03-04T09:20:04Z</time>
      </trkpt>
      <trkpt lat="42.898776" lon="-8.549738">
        <ele>232.068</ele>
        <time>2025-03-04T09:20:08Z</time>
      </trkpt>
      <trkpt lat="42.898745" lon="-8.549691">
        <ele>231.932</ele>
        <time>2025-03-04T09:20:12Z</time>
      </trkpt>
      <trkpt lat="42.898722" lon="-8.549632">
        <ele>231.747</ele>
        <time>2025-03-04T09:20:17Z</time>
      </trkpt>
      <trkpt lat="42.898682" lon="-8.549570">
        <ele>231.649</ele>
        <time>2025-03-04T09:20:21Z</time>
      </trkpt>
      <trkpt lat="42.898658" lon="-8.549499">
        <ele>231.537</ele>
        <time>2025-03-04T09:20:24Z</time>
      </trkpt>
      <trkpt lat="42.898608" lon="-8.549452">
        <ele>231.449</ele>
        <time>2025-03-04T09:20:30Z</time>
      </trkpt>
      <trkpt lat="42.898560" lon="-8.549423">
        <ele>231.498</ele>
        <time>2025-03-04T09:20:34Z</time>
      </trkpt>
      <trkpt lat="42.898512" lon="-8.549399">
        <ele>231.235</ele>
        <time>2025-03-04T09:20:38Z</time>
      </trkpt>
      <trkpt lat="42.898466" lon="-8.549384">
        <ele>231.186</ele>
        <time>2025-03-04T09:20:42Z</time>
      </trkpt>
      <trkpt lat="42.898419" lon="-8.549364">
        <ele>230.914</ele>
        <time>2025-03-04T09:20:46Z</time>
      </trkpt>
      <trkpt lat="42.898372" lon="-8.549390">
        <ele>230.809</ele>
        <time>2025-03-04T09:20:51Z</time>
      </trkpt>
      <trkpt lat="42.898325" lon="-8.549411">
        <ele>230.835</ele>
        <time>2025-03-04T09:20:55Z</time>
      </trkpt>
      <trkpt lat="42.898290" lon="-8.549452">
        <ele>230.743</ele>
        <time>2025-03-04T09:21:00Z</time>
      </trkpt>
      <trkpt lat="42.898260" lon="-8.549504">
        <ele>230.636</ele>
        <time>2025-03-04T09:21:04Z</time>
      </trkpt>
      <trkpt lat="42.898237" lon="-8.549556">
        <ele>230.680</ele>
        <time>2025-03-04T09:21:11Z</time>
      </trkpt>
      <trkpt lat="42.898193" lon="-8.549586">
        <ele>230.615</ele>
        <time>2025-03-04T09:22:07Z</time>
      </trkpt>
      <trkpt lat="42.898147" lon="-8.549616">
        <ele>230.697</ele>
        <time>2025-03-04T09:22:13Z</time>
      </trkpt>
      <trkpt lat="42.898106" lon="-8.549650">
        <ele>230.585</ele>
        <time>2025-03-04T09:22:19Z</time>
      </trkpt>
      <trkpt lat="42.898067" lon="-8.549611">
        <ele>230.557</ele>
        <time>2025-03-04T09:22:26Z</time>
      </trkpt>
      <trkpt lat="42.898025" lon="-8.549572">
        <ele>230.596</ele>
        <time>2025-03-04T09:22:32Z</time>
      </trkpt>
      <trkpt lat="42.897987" lon="-8.549536">
        <ele>230.579</ele>
        <time>2025-03-04T09:22:39Z</time>
      </trkpt>
      <trkpt lat="42.897944" lon="-8.549500">
        <ele>230.505</ele>
        <time>2025-03-04T09:22:47Z</time>
      </trkpt>
      <trkpt lat="42.897917" lon="-8.549439">
        <ele>230.425</ele>
        <time>2025-03-04T09:22:54Z</time>
      </trkpt>
      <trkpt lat="42.897872" lon="-8.549404">
        <ele>230.409</ele>
        <time>2025-03-04T09:22:59Z</time>
      </trkpt>
      <trkpt lat="42.897836" lon="-8.549352">
        <ele>230.399</ele>
        <time>2025-03-04T09:23:03Z</time>
      </trkpt>
      <trkpt lat="42.897790" lon="-8.549327">
        <ele>230.347</ele>
        <time>2025-03-04T09:23:10Z</time>
      </trkpt>
      <trkpt lat="42.897750" lon="-8.549296">
        <ele>230.420</ele>
        <time>2025-03-04T09:23:16Z</time>
      </trkpt>
      <trkpt lat="42.897716" lon="-8.549252">
        <ele>230.544</ele>
        <time>2025-03-04T09:23:21Z</time>
      </trkpt>
      <trkpt lat="42.897694" lon="-8.549190">
        <ele>230.759</ele>
        <time>2025-03-04T09:23:26Z</time>
      </trkpt>
      <trkpt lat="42.897651" lon="-8.549146">
        <ele>230.841</ele>
        <time>2025-03-04T09:23:31Z</time>
      </trkpt>
      <trkpt lat="42.897607" lon="-8.549115">
        <ele>230.829</ele>
        <time>2025-03-04T09:23:38Z</time>
      </trkpt>
      <trkpt lat="42.897567" lon="-8.549084">
        <ele>230.881</ele>
        <time>2025-03-04T09:23:44Z</time>
      </trkpt>
      <trkpt lat="42.897531" lon="-8.549046">
        <ele>230.820</ele>
        <time>2025-03-04T09:23:49Z</time>
      </trkpt>
      <trkpt lat="42.897485" lon="-8.549020">
        <ele>230.818</ele>
        <time>2025-03-04T09:23:56Z</time>
      </trkpt>
      <trkpt lat="42.897436" lon="-8.548998">
        <ele>230.898</ele>
        <time>2025-03-04T09:24:02Z</time>
      </trkpt>
      <trkpt lat="42.897395" lon="-8.548969">
        <ele>230.717</ele>
        <time>2025-03-04T09:24:08Z</time>
      </trkpt>
      <trkpt lat="42.897353" lon="-8.548937">
        <ele>230.609</ele>
        <time>2025-03-04T09:24:14Z</time>
      </trkpt>
      <trkpt lat="42.897310" lon="-8.548914">
        <ele>230.523</ele>
        <time>2025-03-04T09:24:20Z</time>
      </trkpt>
      <trkpt lat="42.897262" lon="-8.548900">
        <ele>230.121</ele>
        <time>2025-03-04T09:24:26Z</time>
      </trkpt>
      <trkpt lat="42.897209" lon="-8.548902">
        <ele>229.794</ele>
        <time>2025-03-04T09:24:31Z</time>
      </trkpt>
      <trkpt lat="42.897161" lon="-8.548906">
        <ele>229.628</ele>
        <time>2025-03-04T09:24:36Z</time>
      </trkpt>
      <trkpt lat="42.897131" lon="-8.548953">
        <ele>229.533</ele>
        <time>2025-03-04T09:24:41Z</time>
      </trkpt>
      <trkpt lat="42.897120" lon="-8.549016">
        <ele>229.415</ele>
        <time>2025-03-04T09:24:47Z</time>
      </trkpt>
      <trkpt lat="42.897121" lon="-8.549082">
        <ele>229.313</ele>
        <time>2025-03-04T09:24:51Z</time>
      </trkpt>
      <trkpt lat="42.897123" lon="-8.549181">
        <ele>229.315</ele>
        <time>2025-03-04T09:25:08Z</time>
      </trkpt>
      <trkpt lat="42.897101" lon="-8.549111">
        <ele>229.354</ele>
        <time>2025-03-04T09:25:13Z</time>
      </trkpt>
      <trkpt lat="42.897083" lon="-8.549168">
        <ele>229.375</ele>
        <time>2025-03-04T09:25:35Z</time>
      </trkpt>
      <trkpt lat="42.897042" lon="-8.549212">
        <ele>229.328</ele>
        <time>2025-03-04T09:25:57Z</time>
      </trkpt>
      <trkpt lat="42.897012" lon="-8.549264">
        <ele>229.120</ele>
        <time>2025-03-04T09:26:07Z</time>
      </trkpt>
      <trkpt lat="42.896975" lon="-8.549321">
        <ele>229.109</ele>
        <time>2025-03-04T09:26:13Z</time>
      </trkpt>
      <trkpt lat="42.896929" lon="-8.549329">
        <ele>229.089</ele>
        <time>2025-03-04T09:26:20Z</time>
      </trkpt>
      <trkpt lat="42.896893" lon="-8.549382">
        <ele>228.997</ele>
        <time>2025-03-04T09:26:26Z</time>
      </trkpt>
      <trkpt lat="42.896854" lon="-8.549414">
        <ele>228.980</ele>
        <time>2025-03-04T09:26:34Z</time>
      </trkpt>
      <trkpt lat="42.896830" lon="-8.549466">
        <ele>228.994</ele>
        <time>2025-03-04T09:26:45Z</time>
      </trkpt>
      <trkpt lat="42.896784" lon="-8.549494">
        <ele>228.949</ele>
        <time>2025-03-04T09:26:55Z</time>
      </trkpt>
      <trkpt lat="42.896747" lon="-8.549537">
        <ele>228.971</ele>
        <time>2025-03-04T09:27:02Z</time>
      </trkpt>
      <trkpt lat="42.896712" lon="-8.549583">
        <ele>228.899</ele>
        <time>2025-03-04T09:27:08Z</time>
      </trkpt>
      <trkpt lat="42.896678" lon="-8.549624">
        <ele>228.771</ele>
        <time>2025-03-04T09:27:15Z</time>
      </trkpt>
      <trkpt lat="42.896643" lon="-8.549667">
        <ele>228.620</ele>
        <time>2025-03-04T09:27:20Z</time>
      </trkpt>
      <trkpt lat="42.896623" lon="-8.549741">
        <ele>228.622</ele>
        <time>2025-03-04T09:27:35Z</time>
      </trkpt>
      <trkpt lat="42.896585" lon="-8.549777">
        <ele>228.662</ele>
        <time>2025-03-04T09:27:39Z</time>
      </trkpt>
      <trkpt lat="42.896551" lon="-8.549834">
        <ele>228.608</ele>
        <time>2025-03-04T09:27:47Z</time>
      </trkpt>
      <trkpt lat="42.896508" lon="-8.549886">
        <ele>228.609</ele>
        <time>2025-03-04T09:27:56Z</time>
      </trkpt>
      <trkpt lat="42.896505" lon="-8.549959">
        <ele>228.754</ele>
        <time>2025-03-04T09:28:20Z</time>
      </trkpt>
      <trkpt lat="42.896490" lon="-8.550021">
        <ele>228.822</ele>
        <time>2025-03-04T09:28:26Z</time>
      </trkpt>
      <trkpt lat="42.896443" lon="-8.550032">
        <ele>229.195</ele>
        <time>2025-03-04T09:28:33Z</time>
      </trkpt>
      <trkpt lat="42.896406" lon="-8.549985">
        <ele>229.729</ele>
        <time>2025-03-04T09:28:39Z</time>
      </trkpt>
      <trkpt lat="42.896372" lon="-8.549945">
        <ele>230.334</ele>
        <time>2025-03-04T09:28:44Z</time>
      </trkpt>
      <trkpt lat="42.896340" lon="-8.549901">
        <ele>230.586</ele>
        <time>2025-03-04T09:28:50Z</time>
      </trkpt>
      <trkpt lat="42.896299" lon="-8.549863">
        <ele>230.674</ele>
        <time>2025-03-04T09:29:04Z</time>
      </trkpt>
      <trkpt lat="42.896255" lon="-8.549832">
        <ele>230.676</ele>
        <time>2025-03-04T09:29:14Z</time>
      </trkpt>
      <trkpt lat="42.896207" lon="-8.549817">
        <ele>230.695</ele>
        <time>2025-03-04T09:29:20Z</time>
      </trkpt>
      <trkpt lat="42.896159" lon="-8.549747">
        <ele>230.547</ele>
        <time>2025-03-04T09:29:24Z</time>
      </trkpt>
      <trkpt lat="42.896123" lon="-8.549706">
        <ele>230.429</ele>
        <time>2025-03-04T09:29:32Z</time>
      </trkpt>
      <trkpt lat="42.896130" lon="-8.549767">
        <ele>230.121</ele>
        <time>2025-03-04T09:29:45Z</time>
      </trkpt>
      <trkpt lat="42.896077" lon="-8.549800">
        <ele>229.809</ele>
        <time>2025-03-04T09:29:50Z</time>
      </trkpt>
      <trkpt lat="42.896037" lon="-8.549833">
        <ele>229.696</ele>
        <time>2025-03-04T09:30:01Z</time>
      </trkpt>
      <trkpt lat="42.895984" lon="-8.549861">
        <ele>229.544</ele>
        <time>2025-03-04T09:30:15Z</time>
      </trkpt>
      <trkpt lat="42.895935" lon="-8.549850">
        <ele>229.367</ele>
        <time>2025-03-04T09:30:18Z</time>
      </trkpt>
      <trkpt lat="42.895886" lon="-8.549847">
        <ele>228.971</ele>
        <time>2025-03-04T09:30:31Z</time>
      </trkpt>
      <trkpt lat="42.895811" lon="-8.549850">
        <ele>228.286</ele>
        <time>2025-03-04T09:30:39Z</time>
      </trkpt>
      <trkpt lat="42.895766" lon="-8.549828">
        <ele>228.068</ele>
        <time>2025-03-04T09:30:48Z</time>
      </trkpt>
      <trkpt lat="42.895726" lon="-8.549791">
        <ele>228.086</ele>
        <time>2025-03-04T09:30:52Z</time>
      </trkpt>
      <trkpt lat="42.895706" lon="-8.549728">
        <ele>227.918</ele>
        <time>2025-03-04T09:30:58Z</time>
      </trkpt>
      <trkpt lat="42.895691" lon="-8.549667">
        <ele>227.927</ele>
        <time>2025-03-04T09:31:03Z</time>
      </trkpt>
      <trkpt lat="42.895683" lon="-8.549595">
        <ele>227.964</ele>
        <time>2025-03-04T09:31:10Z</time>
      </trkpt>
      <trkpt lat="42.895657" lon="-8.549540">
        <ele>227.906</ele>
        <time>2025-03-04T09:31:15Z</time>
      </trkpt>
      <trkpt lat="42.895612" lon="-8.549499">
        <ele>228.016</ele>
        <time>2025-03-04T09:31:20Z</time>
      </trkpt>
      <trkpt lat="42.895560" lon="-8.549481">
        <ele>228.309</ele>
        <time>2025-03-04T09:31:25Z</time>
      </trkpt>
      <trkpt lat="42.895515" lon="-8.549490">
        <ele>228.828</ele>
        <time>2025-03-04T09:31:29Z</time>
      </trkpt>
      <trkpt lat="42.895466" lon="-8.549516">
        <ele>229.066</ele>
        <time>2025-03-04T09:31:34Z</time>
      </trkpt>
      <trkpt lat="42.895424" lon="-8.549550">
        <ele>229.059</ele>
        <time>2025-03-04T09:31:38Z</time>
      </trkpt>
      <trkpt lat="42.895388" lon="-8.549596">
        <ele>229.043</ele>
        <time>2025-03-04T09:31:42Z</time>
      </trkpt>
      <trkpt lat="42.895339" lon="-8.549629">
        <ele>228.988</ele>
        <time>2025-03-04T09:31:47Z</time>
      </trkpt>
      <trkpt lat="42.895292" lon="-8.549654">
        <ele>228.980</ele>
        <time>2025-03-04T09:31:51Z</time>
      </trkpt>
      <trkpt lat="42.895240" lon="-8.549684">
        <ele>228.858</ele>
        <time>2025-03-04T09:31:56Z</time>
      </trkpt>
      <trkpt lat="42.895188" lon="-8.549719">
        <ele>228.540</ele>
        <time>2025-03-04T09:32:02Z</time>
      </trkpt>
      <trkpt lat="42.895152" lon="-8.549763">
        <ele>228.239</ele>
        <time>2025-03-04T09:32:05Z</time>
      </trkpt>
      <trkpt lat="42.895094" lon="-8.549789">
        <ele>228.029</ele>
        <time>2025-03-04T09:32:10Z</time>
      </trkpt>
      <trkpt lat="42.895072" lon="-8.549851">
        <ele>227.900</ele>
        <time>2025-03-04T09:32:13Z</time>
      </trkpt>
      <trkpt lat="42.895022" lon="-8.549867">
        <ele>227.820</ele>
        <time>2025-03-04T09:32:19Z</time>
      </trkpt>
      <trkpt lat="42.894981" lon="-8.549837">
        <ele>227.809</ele>
        <time>2025-03-04T09:32:23Z</time>
      </trkpt>
      <trkpt lat="42.894936" lon="-8.549822">
        <ele>227.814</ele>
        <time>2025-03-04T09:32:28Z</time>
      </trkpt>
      <trkpt lat="42.894886" lon="-8.549799">
        <ele>227.822</ele>
        <time>2025-03-04T09:32:33Z</time>
      </trkpt>
      <trkpt lat="42.894843" lon="-8.549769">
        <ele>227.855</ele>
        <time>2025-03-04T09:32:37Z</time>
      </trkpt>
      <trkpt lat="42.894789" lon="-8.549752">
        <ele>227.899</ele>
        <time>2025-03-04T09:32:42Z</time>
      </trkpt>
      <trkpt lat="42.894740" lon="-8.549715">
        <ele>227.814</ele>
        <time>2025-03-04T09:32:47Z</time>
      </trkpt>
      <trkpt lat="42.894701" lon="-8.549680">
        <ele>227.846</ele>
        <time>2025-03-04T09:32:51Z</time>
      </trkpt>
      <trkpt lat="42.894649" lon="-8.549680">
        <ele>227.714</ele>
        <time>2025-03-04T09:32:57Z</time>
      </trkpt>
      <trkpt lat="42.894604" lon="-8.549660">
        <ele>227.676</ele>
        <time>2025-03-04T09:33:01Z</time>
      </trkpt>
      <trkpt lat="42.894549" lon="-8.549637">
        <ele>227.625</ele>
        <time>2025-03-04T09:33:05Z</time>
      </trkpt>
      <trkpt lat="42.894499" lon="-8.549615">
        <ele>227.695</ele>
        <time>2025-03-04T09:33:10Z</time>
      </trkpt>
      <trkpt lat="42.894451" lon="-8.549572">
        <ele>227.749</ele>
        <time>2025-03-04T09:33:15Z</time>
      </trkpt>
      <trkpt lat="42.894403" lon="-8.549548">
        <ele>227.823</ele>
        <time>2025-03-04T09:33:19Z</time>
      </trkpt>
      <trkpt lat="42.894354" lon="-8.549546">
        <ele>227.909</ele>
        <time>2025-03-04T09:33:26Z</time>
      </trkpt>
      <trkpt lat="42.894304" lon="-8.549538">
        <ele>228.081</ele>
        <time>2025-03-04T09:33:31Z</time>
      </trkpt>
      <trkpt lat="42.894249" lon="-8.549527">
        <ele>228.119</ele>
        <time>2025-03-04T09:33:36Z</time>
      </trkpt>
      <trkpt lat="42.894200" lon="-8.549505">
        <ele>228.232</ele>
        <time>2025-03-04T09:33:40Z</time>
      </trkpt>
      <trkpt lat="42.894157" lon="-8.549483">
        <ele>228.286</ele>
        <time>2025-03-04T09:33:44Z</time>
      </trkpt>
      <trkpt lat="42.894108" lon="-8.549454">
        <ele>228.281</ele>
        <time>2025-03-04T09:33:49Z</time>
      </trkpt>
      <trkpt lat="42.894051" lon="-8.549453">
        <ele>228.293</ele>
        <time>2025-03-04T09:33:53Z</time>
      </trkpt>
      <trkpt lat="42.893996" lon="-8.549472">
        <ele>228.211</ele>
        <time>2025-03-04T09:33:57Z</time>
      </trkpt>
      <trkpt lat="42.893952" lon="-8.549521">
        <ele>228.153</ele>
        <time>2025-03-04T09:34:01Z</time>
      </trkpt>
      <trkpt lat="42.893899" lon="-8.549516">
        <ele>228.022</ele>
        <time>2025-03-04T09:34:05Z</time>
      </trkpt>
      <trkpt lat="42.893852" lon="-8.549549">
        <ele>227.821</ele>
        <time>2025-03-04T09:34:10Z</time>
      </trkpt>
      <trkpt lat="42.893799" lon="-8.549572">
        <ele>227.541</ele>
        <time>2025-03-04T09:34:14Z</time>
      </trkpt>
      <trkpt lat="42.893750" lon="-8.549604">
        <ele>227.105</ele>
        <time>2025-03-04T09:34:19Z</time>
      </trkpt>
      <trkpt lat="42.893710" lon="-8.549647">
        <ele>227.009</ele>
        <time>2025-03-04T09:34:24Z</time>
      </trkpt>
      <trkpt lat="42.893666" lon="-8.549701">
        <ele>226.734</ele>
        <time>2025-03-04T09:34:28Z</time>
      </trkpt>
      <trkpt lat="42.893633" lon="-8.549751">
        <ele>226.712</ele>
        <time>2025-03-04T09:34:32Z</time>
      </trkpt>
      <trkpt lat="42.893590" lon="-8.549778">
        <ele>226.675</ele>
        <time>2025-03-04T09:34:36Z</time>
      </trkpt>
      <trkpt lat="42.893568" lon="-8.549837">
        <ele>226.519</ele>
        <time>2025-03-04T09:34:39Z</time>
      </trkpt>
      <trkpt lat="42.893529" lon="-8.549899">
        <ele>226.464</ele>
        <time>2025-03-04T09:34:45Z</time>
      </trkpt>
      <trkpt lat="42.893461" lon="-8.549911">
        <ele>226.386</ele>
        <time>2025-03-04T09:34:49Z</time>
      </trkpt>
      <trkpt lat="42.893442" lon="-8.549969">
        <ele>226.164</ele>
        <time>2025-03-04T09:34:53Z</time>
      </trkpt>
      <trkpt lat="42.893396" lon="-8.550004">
        <ele>226.086</ele>
        <time>2025-03-04T09:34:57Z</time>
      </trkpt>
      <trkpt lat="42.893368" lon="-8.549936">
        <ele>225.945</ele>
        <time>2025-03-04T09:35:02Z</time>
      </trkpt>
      <trkpt lat="42.893353" lon="-8.549870">
        <ele>225.859</ele>
        <time>2025-03-04T09:35:06Z</time>
      </trkpt>
      <trkpt lat="42.893311" lon="-8.549846">
        <ele>225.803</ele>
        <time>2025-03-04T09:35:17Z</time>
      </trkpt>
      <trkpt lat="42.893314" lon="-8.549911">
        <ele>225.723</ele>
        <time>2025-03-04T09:35:25Z</time>
      </trkpt>
      <trkpt lat="42.893364" lon="-8.549946">
        <ele>225.709</ele>
        <time>2025-03-04T09:35:33Z</time>
      </trkpt>
      <trkpt lat="42.893369" lon="-8.549866">
        <ele>225.767</ele>
        <time>2025-03-04T09:35:42Z</time>
      </trkpt>
      <trkpt lat="42.893338" lon="-8.549803">
        <ele>225.755</ele>
        <time>2025-03-04T09:35:46Z</time>
      </trkpt>
      <trkpt lat="42.893293" lon="-8.549764">
        <ele>225.678</ele>
        <time>2025-03-04T09:35:50Z</time>
      </trkpt>
      <trkpt lat="42.893251" lon="-8.549798">
        <ele>225.652</ele>
        <time>2025-03-04T09:36:08Z</time>
      </trkpt>
      <trkpt lat="42.893207" lon="-8.549829">
        <ele>225.647</ele>
        <time>2025-03-04T09:36:12Z</time>
      </trkpt>
      <trkpt lat="42.893164" lon="-8.549869">
        <ele>225.799</ele>
        <time>2025-03-04T09:36:16Z</time>
      </trkpt>
      <trkpt lat="42.893124" lon="-8.549913">
        <ele>225.787</ele>
        <time>2025-03-04T09:36:20Z</time>
      </trkpt>
      <trkpt lat="42.893090" lon="-8.549966">
        <ele>225.719</ele>
        <time>2025-03-04T09:36:24Z</time>
      </trkpt>
      <trkpt lat="42.893062" lon="-8.550015">
        <ele>225.738</ele>
        <time>2025-03-04T09:36:27Z</time>
      </trkpt>
      <trkpt lat="42.893028" lon="-8.550063">
        <ele>225.676</ele>
        <time>2025-03-04T09:36:31Z</time>
      </trkpt>
      <trkpt lat="42.892996" lon="-8.550109">
        <ele>225.590</ele>
        <time>2025-03-04T09:36:35Z</time>
      </trkpt>
      <trkpt lat="42.892965" lon="-8.550160">
        <ele>225.419</ele>
        <time>2025-03-04T09:36:39Z</time>
      </trkpt>
      <trkpt lat="42.892929" lon="-8.550207">
        <ele>225.309</ele>
        <time>2025-03-04T09:36:44Z</time>
      </trkpt>
      <trkpt lat="42.892918" lon="-8.550275">
        <ele>225.239</ele>
        <time>2025-03-04T09:36:49Z</time>
      </trkpt>
      <trkpt lat="42.892930" lon="-8.550345">
        <ele>225.177</ele>
        <time>2025-03-04T09:36:54Z</time>
      </trkpt>
      <trkpt lat="42.892942" lon="-8.550405">
        <ele>225.050</ele>
        <time>2025-03-04T09:36:58Z</time>
      </trkpt>
      <trkpt lat="42.892959" lon="-8.550464">
        <ele>224.934</ele>
        <time>2025-03-04T09:37:02.999Z</time>
      </trkpt>
      <trkpt lat="42.892958" lon="-8.550540">
        <ele>224.819</ele>
        <time>2025-03-04T09:37:07.999Z</time>
      </trkpt>
      <trkpt lat="42.892933" lon="-8.550597">
        <ele>224.731</ele>
        <time>2025-03-04T09:37:12.999Z</time>
      </trkpt>
      <trkpt lat="42.892894" lon="-8.550638">
        <ele>224.649</ele>
        <time>2025-03-04T09:37:16.999Z</time>
      </trkpt>
      <trkpt lat="42.892852" lon="-8.550671">
        <ele>224.511</ele>
        <time>2025-03-04T09:37:20.999Z</time>
      </trkpt>
      <trkpt lat="42.892799" lon="-8.550689">
        <ele>224.470</ele>
        <time>2025-03-04T09:37:24.999Z</time>
      </trkpt>
      <trkpt lat="42.892750" lon="-8.550703">
        <ele>224.342</ele>
        <time>2025-03-04T09:37:30.999Z</time>
      </trkpt>
      <trkpt lat="42.892702" lon="-8.550710">
        <ele>224.322</ele>
        <time>2025-03-04T09:37:37.999Z</time>
      </trkpt>
      <trkpt lat="42.892647" lon="-8.550704">
        <ele>224.314</ele>
        <time>2025-03-04T09:37:46.999Z</time>
      </trkpt>
      <trkpt lat="42.892599" lon="-8.550690">
        <ele>224.309</ele>
        <time>2025-03-04T09:37:52.999Z</time>
      </trkpt>
      <trkpt lat="42.892551" lon="-8.550678">
        <ele>224.346</ele>
        <time>2025-03-04T09:37:57.999Z</time>
      </trkpt>
      <trkpt lat="42.892500" lon="-8.550653">
        <ele>224.414</ele>
        <time>2025-03-04T09:38:16.999Z</time>
      </trkpt>
      <trkpt lat="42.892456" lon="-8.550622">
        <ele>224.547</ele>
        <time>2025-03-04T09:38:21.999Z</time>
      </trkpt>
      <trkpt lat="42.892415" lon="-8.550590">
        <ele>224.611</ele>
        <time>2025-03-04T09:38:26.999Z</time>
      </trkpt>
      <trkpt lat="42.892377" lon="-8.550552">
        <ele>224.636</ele>
        <time>2025-03-04T09:38:30.999Z</time>
      </trkpt>
      <trkpt lat="42.892417" lon="-8.550599">
        <ele>224.668</ele>
        <time>2025-03-04T09:38:48.999Z</time>
      </trkpt>
      <trkpt lat="42.892378" lon="-8.550546">
        <ele>224.676</ele>
        <time>2025-03-04T09:38:55.999Z</time>
      </trkpt>
      <trkpt lat="42.892348" lon="-8.550498">
        <ele>224.678</ele>
        <time>2025-03-04T09:39:06.999Z</time>
      </trkpt>
      <trkpt lat="42.892313" lon="-8.550451">
        <ele>224.667</ele>
        <time>2025-03-04T09:39:12.999Z</time>
      </trkpt>
      <trkpt lat="42.892272" lon="-8.550411">
        <ele>224.587</ele>
        <time>2025-03-04T09:39:17.999Z</time>
      </trkpt>
      <trkpt lat="42.892237" lon="-8.550369">
        <ele>224.442</ele>
        <time>2025-03-04T09:39:21.999Z</time>
      </trkpt>
      <trkpt lat="42.892198" lon="-8.550328">
        <ele>224.326</ele>
        <time>2025-03-04T09:39:25.999Z</time>
      </trkpt>
      <trkpt lat="42.892153" lon="-8.550299">
        <ele>224.309</ele>
        <time>2025-03-04T09:39:29.999Z</time>
      </trkpt>
      <trkpt lat="42.892119" lon="-8.550258">
        <ele>224.380</ele>
        <time>2025-03-04T09:39:33.999Z</time>
      </trkpt>
      <trkpt lat="42.892079" lon="-8.550229">
        <ele>224.338</ele>
        <time>2025-03-04T09:39:37.999Z</time>
      </trkpt>
      <trkpt lat="42.892052" lon="-8.550175">
        <ele>224.321</ele>
        <time>2025-03-04T09:39:41.999Z</time>
      </trkpt>
      <trkpt lat="42.892014" lon="-8.550120">
        <ele>224.325</ele>
        <time>2025-03-04T09:39:46.999Z</time>
      </trkpt>
      <trkpt lat="42.891984" lon="-8.550070">
        <ele>224.370</ele>
        <time>2025-03-04T09:39:51.999Z</time>
      </trkpt>
      <trkpt lat="42.891944" lon="-8.550029">
        <ele>224.332</ele>
        <time>2025-03-04T09:39:55.999Z</time>
      </trkpt>
      <trkpt lat="42.891907" lon="-8.549974">
        <ele>224.340</ele>
        <time>2025-03-04T09:40:00.999Z</time>
      </trkpt>
      <trkpt lat="42.891862" lon="-8.549937">
        <ele>224.382</ele>
        <time>2025-03-04T09:40:05.999Z</time>
      </trkpt>
      <trkpt lat="42.891818" lon="-8.549908">
        <ele>224.331</ele>
        <time>2025-03-04T09:40:10.999Z</time>
      </trkpt>
      <trkpt lat="42.891769" lon="-8.549902">
        <ele>224.347</ele>
        <time>2025-03-04T09:40:14.999Z</time>
      </trkpt>
      <trkpt lat="42.891725" lon="-8.549887">
        <ele>224.329</ele>
        <time>2025-03-04T09:40:19.999Z</time>
      </trkpt>
      <trkpt lat="42.891674" lon="-8.549878">
        <ele>224.321</ele>
        <time>2025-03-04T09:40:32.999Z</time>
      </trkpt>
      <trkpt lat="42.891626" lon="-8.549892">
        <ele>224.309</ele>
        <time>2025-03-04T09:40:40.999Z</time>
      </trkpt>
      <trkpt lat="42.891572" lon="-8.549885">
        <ele>224.216</ele>
        <time>2025-03-04T09:40:45.999Z</time>
      </trkpt>
      <trkpt lat="42.891530" lon="-8.549955">
        <ele>224.074</ele>
        <time>2025-03-04T09:40:50.999Z</time>
      </trkpt>
      <trkpt lat="42.891482" lon="-8.549967">
        <ele>223.877</ele>
        <time>2025-03-04T09:40:54.999Z</time>
      </trkpt>
      <trkpt lat="42.891435" lon="-8.550012">
        <ele>223.751</ele>
        <time>2025-03-04T09:40:58.999Z</time>
      </trkpt>
      <trkpt lat="42.891382" lon="-8.550031">
        <ele>223.776</ele>
        <time>2025-03-04T09:41:04.999Z</time>
      </trkpt>
      <trkpt lat="42.891330" lon="-8.550039">
        <ele>223.788</ele>
        <time>2025-03-04T09:41:09.999Z</time>
      </trkpt>
      <trkpt lat="42.891284" lon="-8.550052">
        <ele>223.786</ele>
        <time>2025-03-04T09:41:13.999Z</time>
      </trkpt>
      <trkpt lat="42.891236" lon="-8.550062">
        <ele>223.728</ele>
        <time>2025-03-04T09:41:18.999Z</time>
      </trkpt>
      <trkpt lat="42.891191" lon="-8.550047">
        <ele>223.787</ele>
        <time>2025-03-04T09:41:22.999Z</time>
      </trkpt>
      <trkpt lat="42.891135" lon="-8.550048">
        <ele>223.639</ele>
        <time>2025-03-04T09:41:27.999Z</time>
      </trkpt>
      <trkpt lat="42.891082" lon="-8.550062">
        <ele>223.401</ele>
        <time>2025-03-04T09:41:32.999Z</time>
      </trkpt>
      <trkpt lat="42.891030" lon="-8.550071">
        <ele>223.321</ele>
        <time>2025-03-04T09:41:37.999Z</time>
      </trkpt>
      <trkpt lat="42.890980" lon="-8.550084">
        <ele>223.309</ele>
        <time>2025-03-04T09:41:41.999Z</time>
      </trkpt>
      <trkpt lat="42.890933" lon="-8.550076">
        <ele>223.375</ele>
        <time>2025-03-04T09:41:45.999Z</time>
      </trkpt>
      <trkpt lat="42.890883" lon="-8.550066">
        <ele>223.293</ele>
        <time>2025-03-04T09:41:49.999Z</time>
      </trkpt>
      <trkpt lat="42.890833" lon="-8.550075">
        <ele>223.166</ele>
        <time>2025-03-04T09:41:54.999Z</time>
      </trkpt>
      <trkpt lat="42.890788" lon="-8.550079">
        <ele>223.090</ele>
        <time>2025-03-04T09:41:59.999Z</time>
      </trkpt>
      <trkpt lat="42.890746" lon="-8.550119">
        <ele>223.045</ele>
        <time>2025-03-04T09:42:04.999Z</time>
      </trkpt>
      <trkpt lat="42.890700" lon="-8.550128">
        <ele>223.067</ele>
        <time>2025-03-04T09:42:08.999Z</time>
      </trkpt>
      <trkpt lat="42.890654" lon="-8.550129">
        <ele>223.045</ele>
        <time>2025-03-04T09:42:12.999Z</time>
      </trkpt>
      <trkpt lat="42.890605" lon="-8.550115">
        <ele>223.017</ele>
        <time>2025-03-04T09:42:18.999Z</time>
      </trkpt>
      <trkpt lat="42.890568" lon="-8.550080">
        <ele>222.976</ele>
        <time>2025-03-04T09:42:23.999Z</time>
      </trkpt>
      <trkpt lat="42.890525" lon="-8.550044">
        <ele>222.767</ele>
        <time>2025-03-04T09:42:27.999Z</time>
      </trkpt>
      <trkpt lat="42.890475" lon="-8.550049">
        <ele>222.681</ele>
        <time>2025-03-04T09:42:30.999Z</time>
      </trkpt>
      <trkpt lat="42.890431" lon="-8.550030">
        <ele>222.519</ele>
        <time>2025-03-04T09:42:36.999Z</time>
      </trkpt>
      <trkpt lat="42.890386" lon="-8.550009">
        <ele>222.509</ele>
        <time>2025-03-04T09:42:40.999Z</time>
      </trkpt>
      <trkpt lat="42.890341" lon="-8.549986">
        <ele>222.568</ele>
        <time>2025-03-04T09:42:44.999Z</time>
      </trkpt>
      <trkpt lat="42.890298" lon="-8.549939">
        <ele>222.556</ele>
        <time>2025-03-04T09:42:49.999Z</time>
      </trkpt>
      <trkpt lat="42.890256" lon="-8.549891">
        <ele>222.519</ele>
        <time>2025-03-04T09:42:54.999Z</time>
      </trkpt>
      <trkpt lat="42.890209" lon="-8.549876">
        <ele>222.593</ele>
        <time>2025-03-04T09:42:58.999Z</time>
      </trkpt>
      <trkpt lat="42.890188" lon="-8.549811">
        <ele>222.588</ele>
        <time>2025-03-04T09:43:01.999Z</time>
      </trkpt>
      <trkpt lat="42.890147" lon="-8.549783">
        <ele>222.440</ele>
        <time>2025-03-04T09:43:05.999Z</time>
      </trkpt>
      <trkpt lat="42.890092" lon="-8.549746">
        <ele>222.448</ele>
        <time>2025-03-04T09:43:08.999Z</time>
      </trkpt>
      <trkpt lat="42.890046" lon="-8.549725">
        <ele>222.450</ele>
        <time>2025-03-04T09:43:13.999Z</time>
      </trkpt>
      <trkpt lat="42.890006" lon="-8.549680">
        <ele>222.439</ele>
        <time>2025-03-04T09:43:19.999Z</time>
      </trkpt>
      <trkpt lat="42.889953" lon="-8.549639">
        <ele>222.492</ele>
        <time>2025-03-04T09:43:25.999Z</time>
      </trkpt>
      <trkpt lat="42.889935" lon="-8.549576">
        <ele>222.473</ele>
        <time>2025-03-04T09:43:30.999Z</time>
      </trkpt>
      <trkpt lat="42.889929" lon="-8.549511">
        <ele>222.420</ele>
        <time>2025-03-04T09:43:34.999Z</time>
      </trkpt>
      <trkpt lat="42.889919" lon="-8.549444">
        <ele>222.409</ele>
        <time>2025-03-04T09:43:39.999Z</time>
      </trkpt>
      <trkpt lat="42.889901" lon="-8.549378">
        <ele>222.461</ele>
        <time>2025-03-04T09:43:43.999Z</time>
      </trkpt>
      <trkpt lat="42.889891" lon="-8.549313">
        <ele>222.459</ele>
        <time>2025-03-04T09:43:47.999Z</time>
      </trkpt>
      <trkpt lat="42.889844" lon="-8.549281">
        <ele>222.442</ele>
        <time>2025-03-04T09:43:51.999Z</time>
      </trkpt>
      <trkpt lat="42.889804" lon="-8.549242">
        <ele>222.656</ele>
        <time>2025-03-04T09:43:58.999Z</time>
      </trkpt>
      <trkpt lat="42.889743" lon="-8.549234">
        <ele>222.751</ele>
        <time>2025-03-04T09:44:02.999Z</time>
      </trkpt>
      <trkpt lat="42.889698" lon="-8.549184">
        <ele>222.723</ele>
        <time>2025-03-04T09:44:07.999Z</time>
      </trkpt>
      <trkpt lat="42.889647" lon="-8.549164">
        <ele>222.731</ele>
        <time>2025-03-04T09:44:11.999Z</time>
      </trkpt>
      <trkpt lat="42.889587" lon="-8.549152">
        <ele>222.773</ele>
        <time>2025-03-04T09:44:15.999Z</time>
      </trkpt>
      <trkpt lat="42.889522" lon="-8.549144">
        <ele>222.772</ele>
        <time>2025-03-04T09:44:22.999Z</time>
      </trkpt>
      <trkpt lat="42.889481" lon="-8.549104">
        <ele>223.086</ele>
        <time>2025-03-04T09:44:27.999Z</time>
      </trkpt>
      <trkpt lat="42.889430" lon="-8.549063">
        <ele>223.360</ele>
        <time>2025-03-04T09:44:31.999Z</time>
      </trkpt>
      <trkpt lat="42.889390" lon="-8.549021">
        <ele>223.426</ele>
        <time>2025-03-04T09:44:36.999Z</time>
      </trkpt>
      <trkpt lat="42.889348" lon="-8.548973">
        <ele>223.409</ele>
        <time>2025-03-04T09:44:40.999Z</time>
      </trkpt>
      <trkpt lat="42.889299" lon="-8.548936">
        <ele>223.450</ele>
        <time>2025-03-04T09:44:46.999Z</time>
      </trkpt>
      <trkpt lat="42.889255" lon="-8.548889">
        <ele>223.438</ele>
        <time>2025-03-04T09:44:51.999Z</time>
      </trkpt>
      <trkpt lat="42.889228" lon="-8.548838">
        <ele>223.371</ele>
        <time>2025-03-04T09:44:55.999Z</time>
      </trkpt>
      <trkpt lat="42.889196" lon="-8.548786">
        <ele>223.015</ele>
        <time>2025-03-04T09:44:59.999Z</time>
      </trkpt>
      <trkpt lat="42.889160" lon="-8.548734">
        <ele>222.910</ele>
        <time>2025-03-04T09:45:03.999Z</time>
      </trkpt>
      <trkpt lat="42.889127" lon="-8.548680">
        <ele>222.932</ele>
        <time>2025-03-04T09:45:07.999Z</time>
      </trkpt>
      <trkpt lat="42.889090" lon="-8.548643">
        <ele>222.910</ele>
        <time>2025-03-04T09:45:11.999Z</time>
      </trkpt>
      <trkpt lat="42.889048" lon="-8.548615">
        <ele>223.172</ele>
        <time>2025-03-04T09:45:16.999Z</time>
      </trkpt>
      <trkpt lat="42.889003" lon="-8.548601">
        <ele>223.471</ele>
        <time>2025-03-04T09:45:21.999Z</time>
      </trkpt>
      <trkpt lat="42.888951" lon="-8.548581">
        <ele>223.843</ele>
        <time>2025-03-04T09:45:31.999Z</time>
      </trkpt>
      <trkpt lat="42.888903" lon="-8.548599">
        <ele>224.364</ele>
        <time>2025-03-04T09:45:37.999Z</time>
      </trkpt>
      <trkpt lat="42.888847" lon="-8.548609">
        <ele>224.510</ele>
        <time>2025-03-04T09:45:42.999Z</time>
      </trkpt>
      <trkpt lat="42.888794" lon="-8.548629">
        <ele>224.509</ele>
        <time>2025-03-04T09:45:46.999Z</time>
      </trkpt>
      <trkpt lat="42.888748" lon="-8.548659">
        <ele>224.546</ele>
        <time>2025-03-04T09:45:50.999Z</time>
      </trkpt>
      <trkpt lat="42.888706" lon="-8.548684">
        <ele>224.294</ele>
        <time>2025-03-04T09:45:54.999Z</time>
      </trkpt>
      <trkpt lat="42.888656" lon="-8.548657">
        <ele>223.877</ele>
        <time>2025-03-04T09:45:58.999Z</time>
      </trkpt>
      <trkpt lat="42.888605" lon="-8.548674">
        <ele>223.321</ele>
        <time>2025-03-04T09:46:05.999Z</time>
      </trkpt>
      <trkpt lat="42.888549" lon="-8.548659">
        <ele>222.926</ele>
        <time>2025-03-04T09:46:10.999Z</time>
      </trkpt>
      <trkpt lat="42.888499" lon="-8.548665">
        <ele>222.548</ele>
        <time>2025-03-04T09:46:14.999Z</time>
      </trkpt>
      <trkpt lat="42.888450" lon="-8.548657">
        <ele>222.186</ele>
        <time>2025-03-04T09:46:19.999Z</time>
      </trkpt>
      <trkpt lat="42.888404" lon="-8.548645">
        <ele>221.998</ele>
        <time>2025-03-04T09:46:25.999Z</time>
      </trkpt>
      <trkpt lat="42.888359" lon="-8.548647">
        <ele>221.817</ele>
        <time>2025-03-04T09:46:28.999Z</time>
      </trkpt>
      <trkpt lat="42.888306" lon="-8.548645">
        <ele>221.738</ele>
        <time>2025-03-04T09:46:33.999Z</time>
      </trkpt>
      <trkpt lat="42.888253" lon="-8.548645">
        <ele>221.770</ele>
        <time>2025-03-04T09:46:37.999Z</time>
      </trkpt>
      <trkpt lat="42.888206" lon="-8.548647">
        <ele>221.717</ele>
        <time>2025-03-04T09:46:41.999Z</time>
      </trkpt>
      <trkpt lat="42.888156" lon="-8.548648">
        <ele>221.709</ele>
        <time>2025-03-04T09:46:46.999Z</time>
      </trkpt>
      <trkpt lat="42.888110" lon="-8.548648">
        <ele>221.665</ele>
        <time>2025-03-04T09:46:50.999Z</time>
      </trkpt>
      <trkpt lat="42.888063" lon="-8.548644">
        <ele>221.543</ele>
        <time>2025-03-04T09:46:55.999Z</time>
      </trkpt>
      <trkpt lat="42.888013" lon="-8.548638">
        <ele>221.556</ele>
        <time>2025-03-04T09:46:59.999Z</time>
      </trkpt>
      <trkpt lat="42.887962" lon="-8.548626">
        <ele>221.410</ele>
        <time>2025-03-04T09:47:05.999Z</time>
      </trkpt>
      <trkpt lat="42.887906" lon="-8.548627">
        <ele>221.475</ele>
        <time>2025-03-04T09:47:10.999Z</time>
      </trkpt>
      <trkpt lat="42.887858" lon="-8.548636">
        <ele>221.467</ele>
        <time>2025-03-04T09:47:14.999Z</time>
      </trkpt>
      <trkpt lat="42.887811" lon="-8.548632">
        <ele>221.455</ele>
        <time>2025-03-04T09:47:19.999Z</time>
      </trkpt>
      <trkpt lat="42.887765" lon="-8.548651">
        <ele>221.517</ele>
        <time>2025-03-04T09:47:24.999Z</time>
      </trkpt>
      <trkpt lat="42.887717" lon="-8.548677">
        <ele>221.546</ele>
        <time>2025-03-04T09:47:29.999Z</time>
      </trkpt>
      <trkpt lat="42.887664" lon="-8.548699">
        <ele>221.594</ele>
        <time>2025-03-04T09:47:41.999Z</time>
      </trkpt>
      <trkpt lat="42.887620" lon="-8.548737">
        <ele>221.457</ele>
        <time>2025-03-04T09:47:46.999Z</time>
      </trkpt>
      <trkpt lat="42.887573" lon="-8.548748">
        <ele>221.222</ele>
        <time>2025-03-04T09:47:52.999Z</time>
      </trkpt>
      <trkpt lat="42.887529" lon="-8.548732">
        <ele>221.109</ele>
        <time>2025-03-04T09:47:56.999Z</time>
      </trkpt>
      <trkpt lat="42.887483" lon="-8.548708">
        <ele>221.111</ele>
        <time>2025-03-04T09:48:01.999Z</time>
      </trkpt>
      <trkpt lat="42.887427" lon="-8.548684">
        <ele>221.189</ele>
        <time>2025-03-04T09:48:07.999Z</time>
      </trkpt>
      <trkpt lat="42.887383" lon="-8.548667">
        <ele>221.142</ele>
        <time>2025-03-04T09:48:12.999Z</time>
      </trkpt>
      <trkpt lat="42.887323" lon="-8.548683">
        <ele>221.176</ele>
        <time>2025-03-04T09:48:16.999Z</time>
      </trkpt>
      <trkpt lat="42.887272" lon="-8.548734">
        <ele>221.341</ele>
        <time>2025-03-04T09:48:21.999Z</time>
      </trkpt>
      <trkpt lat="42.887257" lon="-8.548819">
        <ele>221.473</ele>
        <time>2025-03-04T09:48:26.999Z</time>
      </trkpt>
      <trkpt lat="42.887223" lon="-8.548879">
        <ele>221.431</ele>
        <time>2025-03-04T09:48:31.999Z</time>
      </trkpt>
      <trkpt lat="42.887173" lon="-8.548921">
        <ele>221.493</ele>
        <time>2025-03-04T09:48:37.999Z</time>
      </trkpt>
      <trkpt lat="42.887126" lon="-8.548962">
        <ele>221.172</ele>
        <time>2025-03-04T09:48:42.999Z</time>
      </trkpt>
      <trkpt lat="42.887091" lon="-8.549002">
        <ele>220.956</ele>
        <time>2025-03-04T09:48:46.999Z</time>
      </trkpt>
      <trkpt lat="42.887051" lon="-8.549049">
        <ele>220.959</ele>
        <time>2025-03-04T09:48:50.999Z</time>
      </trkpt>
      <trkpt lat="42.887004" lon="-8.549052">
        <ele>220.814</ele>
        <time>2025-03-04T09:48:53.999Z</time>
      </trkpt>
      <trkpt lat="42.886943" lon="-8.549056">
        <ele>220.709</ele>
        <time>2025-03-04T09:48:59.999Z</time>
      </trkpt>
      <trkpt lat="42.886896" lon="-8.549082">
        <ele>220.727</ele>
        <time>2025-03-04T09:49:04.999Z</time>
      </trkpt>
      <trkpt lat="42.886856" lon="-8.549112">
        <ele>220.795</ele>
        <time>2025-03-04T09:49:09.999Z</time>
      </trkpt>
      <trkpt lat="42.886811" lon="-8.549092">
        <ele>220.798</ele>
        <time>2025-03-04T09:49:29.999Z</time>
      </trkpt>
      <trkpt lat="42.886770" lon="-8.549122">
        <ele>220.712</ele>
        <time>2025-03-04T09:49:38.999Z</time>
      </trkpt>
      <trkpt lat="42.886738" lon="-8.549177">
        <ele>220.967</ele>
        <time>2025-03-04T09:49:44.999Z</time>
      </trkpt>
      <trkpt lat="42.886718" lon="-8.549238">
        <ele>221.069</ele>
        <time>2025-03-04T09:49:52.999Z</time>
      </trkpt>
      <trkpt lat="42.886725" lon="-8.549333">
        <ele>221.097</ele>
        <time>2025-03-04T09:49:56.999Z</time>
      </trkpt>
      <trkpt lat="42.886767" lon="-8.549358">
        <ele>221.069</ele>
        <time>2025-03-04T09:50:05.999Z</time>
      </trkpt>
      <trkpt lat="42.886798" lon="-8.549403">
        <ele>221.068</ele>
        <time>2025-03-04T09:50:10.999Z</time>
      </trkpt>
      <trkpt lat="42.886747" lon="-8.549422">
        <ele>220.982</ele>
        <time>2025-03-04T09:50:16.999Z</time>
      </trkpt>
      <trkpt lat="42.886692" lon="-8.549447">
        <ele>220.843</ele>
        <time>2025-03-04T09:50:26.999Z</time>
      </trkpt>
      <trkpt lat="42.886651" lon="-8.549492">
        <ele>220.717</ele>
        <time>2025-03-04T09:50:31.999Z</time>
      </trkpt>
      <trkpt lat="42.886606" lon="-8.549511">
        <ele>220.409</ele>
        <time>2025-03-04T09:50:36.999Z</time>
      </trkpt>
      <trkpt lat="42.886568" lon="-8.549545">
        <ele>220.180</ele>
        <time>2025-03-04T09:50:40.999Z</time>
      </trkpt>
      <trkpt lat="42.886544" lon="-8.549609">
        <ele>219.938</ele>
        <time>2025-03-04T09:50:44.999Z</time>
      </trkpt>
      <trkpt lat="42.886502" lon="-8.549637">
        <ele>219.811</ele>
        <time>2025-03-04T09:50:48.999Z</time>
      </trkpt>
      <trkpt lat="42.886460" lon="-8.549685">
        <ele>219.885</ele>
        <time>2025-03-04T09:50:53.999Z</time>
      </trkpt>
      <trkpt lat="42.886415" lon="-8.549702">
        <ele>219.860</ele>
        <time>2025-03-04T09:50:58.999Z</time>
      </trkpt>
      <trkpt lat="42.886378" lon="-8.549750">
        <ele>219.882</ele>
        <time>2025-03-04T09:51:03.999Z</time>
      </trkpt>
      <trkpt lat="42.886331" lon="-8.549778">
        <ele>219.870</ele>
        <time>2025-03-04T09:51:08.999Z</time>
      </trkpt>
      <trkpt lat="42.886290" lon="-8.549812">
        <ele>219.842</ele>
        <time>2025-03-04T09:51:12.999Z</time>
      </trkpt>
      <trkpt lat="42.886246" lon="-8.549855">
        <ele>219.871</ele>
        <time>2025-03-04T09:51:18.999Z</time>
      </trkpt>
      <trkpt lat="42.886210" lon="-8.549902">
        <ele>219.847</ele>
        <time>2025-03-04T09:51:22.999Z</time>
      </trkpt>
      <trkpt lat="42.886204" lon="-8.549975">
        <ele>219.829</ele>
        <time>2025-03-04T09:51:26.999Z</time>
      </trkpt>
      <trkpt lat="42.886211" lon="-8.550036">
        <ele>219.821</ele>
        <time>2025-03-04T09:51:30.999Z</time>
      </trkpt>
      <trkpt lat="42.886157" lon="-8.550054">
        <ele>219.909</ele>
        <time>2025-03-04T09:51:57.999Z</time>
      </trkpt>
      <trkpt lat="42.886105" lon="-8.550060">
        <ele>220.096</ele>
        <time>2025-03-04T09:52:02.999Z</time>
      </trkpt>
      <trkpt lat="42.886057" lon="-8.550076">
        <ele>220.184</ele>
        <time>2025-03-04T09:52:07.999Z</time>
      </trkpt>
      <trkpt lat="42.886011" lon="-8.550069">
        <ele>220.277</ele>
        <time>2025-03-04T09:52:13.999Z</time>
      </trkpt>
      <trkpt lat="42.885962" lon="-8.550063">
        <ele>220.491</ele>
        <time>2025-03-04T09:52:18.999Z</time>
      </trkpt>
      <trkpt lat="42.886007" lon="-8.550064">
        <ele>220.746</ele>
        <time>2025-03-04T09:52:45.999Z</time>
      </trkpt>
      <trkpt lat="42.885958" lon="-8.550044">
        <ele>220.888</ele>
        <time>2025-03-04T09:53:00.999Z</time>
      </trkpt>
      <trkpt lat="42.885913" lon="-8.550051">
        <ele>220.876</ele>
        <time>2025-03-04T09:53:07.999Z</time>
      </trkpt>
      <trkpt lat="42.885865" lon="-8.550078">
        <ele>220.838</ele>
        <time>2025-03-04T09:53:49.999Z</time>
      </trkpt>
      <trkpt lat="42.885818" lon="-8.550062">
        <ele>220.877</ele>
        <time>2025-03-04T09:53:54.999Z</time>
      </trkpt>
      <trkpt lat="42.885765" lon="-8.550048">
        <ele>220.855</ele>
        <time>2025-03-04T09:54:00.999Z</time>
      </trkpt>
      <trkpt lat="42.885716" lon="-8.550068">
        <ele>220.807</ele>
        <time>2025-03-04T09:54:04.999Z</time>
      </trkpt>
      <trkpt lat="42.885663" lon="-8.550063">
        <ele>220.817</ele>
        <time>2025-03-04T09:54:09.999Z</time>
      </trkpt>
      <trkpt lat="42.885619" lon="-8.550045">
        <ele>220.809</ele>
        <time>2025-03-04T09:54:13.999Z</time>
      </trkpt>
      <trkpt lat="42.885572" lon="-8.550005">
        <ele>220.837</ele>
        <time>2025-03-04T09:54:16.999Z</time>
      </trkpt>
      <trkpt lat="42.885526" lon="-8.550000">
        <ele>220.825</ele>
        <time>2025-03-04T09:54:20.999Z</time>
      </trkpt>
      <trkpt lat="42.885481" lon="-8.549993">
        <ele>220.838</ele>
        <time>2025-03-04T09:54:23.999Z</time>
      </trkpt>
      <trkpt lat="42.885432" lon="-8.549989">
        <ele>220.912</ele>
        <time>2025-03-04T09:54:28.999Z</time>
      </trkpt>
      <trkpt lat="42.885380" lon="-8.549958">
        <ele>220.917</ele>
        <time>2025-03-04T09:54:32.999Z</time>
      </trkpt>
      <trkpt lat="42.885329" lon="-8.549951">
        <ele>220.979</ele>
        <time>2025-03-04T09:54:37.999Z</time>
      </trkpt>
      <trkpt lat="42.885281" lon="-8.549931">
        <ele>220.947</ele>
        <time>2025-03-04T09:54:41.999Z</time>
      </trkpt>
      <trkpt lat="42.885237" lon="-8.549891">
        <ele>220.979</ele>
        <time>2025-03-04T09:54:45.999Z</time>
      </trkpt>
      <trkpt lat="42.885194" lon="-8.549859">
        <ele>220.948</ele>
        <time>2025-03-04T09:54:49.999Z</time>
      </trkpt>
      <trkpt lat="42.885153" lon="-8.549828">
        <ele>220.989</ele>
        <time>2025-03-04T09:54:53.999Z</time>
      </trkpt>
      <trkpt lat="42.885110" lon="-8.549794">
        <ele>220.906</ele>
        <time>2025-03-04T09:54:57.999Z</time>
      </trkpt>
      <trkpt lat="42.885053" lon="-8.549782">
        <ele>221.026</ele>
        <time>2025-03-04T09:55:02.999Z</time>
      </trkpt>
      <trkpt lat="42.884999" lon="-8.549802">
        <ele>221.109</ele>
        <time>2025-03-04T09:55:06.999Z</time>
      </trkpt>
      <trkpt lat="42.884949" lon="-8.549778">
        <ele>221.230</ele>
        <time>2025-03-04T09:55:39.999Z</time>
      </trkpt>
      <trkpt lat="42.884904" lon="-8.549764">
        <ele>221.378</ele>
        <time>2025-03-04T09:55:42.999Z</time>
      </trkpt>
      <trkpt lat="42.884858" lon="-8.549765">
        <ele>221.341</ele>
        <time>2025-03-04T09:55:45.999Z</time>
      </trkpt>
      <trkpt lat="42.884814" lon="-8.549734">
        <ele>221.325</ele>
        <time>2025-03-04T09:55:50.999Z</time>
      </trkpt>
      <trkpt lat="42.884770" lon="-8.549711">
        <ele>221.360</ele>
        <time>2025-03-04T09:55:54.999Z</time>
      </trkpt>
      <trkpt lat="42.884719" lon="-8.549697">
        <ele>221.272</ele>
        <time>2025-03-04T09:56:04.999Z</time>
      </trkpt>
      <trkpt lat="42.884671" lon="-8.549708">
        <ele>220.960</ele>
        <time>2025-03-04T09:56:08.999Z</time>
      </trkpt>
      <trkpt lat="42.884619" lon="-8.549715">
        <ele>220.722</ele>
        <time>2025-03-04T09:56:12.999Z</time>
      </trkpt>
      <trkpt lat="42.884570" lon="-8.549701">
        <ele>220.471</ele>
        <time>2025-03-04T09:56:16.999Z</time>
      </trkpt>
      <trkpt lat="42.884518" lon="-8.549720">
        <ele>219.933</ele>
        <time>2025-03-04T09:56:20.999Z</time>
      </trkpt>
      <trkpt lat="42.884470" lon="-8.549750">
        <ele>219.523</ele>
        <time>2025-03-04T09:56:24.999Z</time>
      </trkpt>
      <trkpt lat="42.884416" lon="-8.549761">
        <ele>219.315</ele>
        <time>2025-03-04T09:56:28.999Z</time>
      </trkpt>
      <trkpt lat="42.884367" lon="-8.549795">
        <ele>219.209</ele>
        <time>2025-03-04T09:56:32.999Z</time>
      </trkpt>
      <trkpt lat="42.884319" lon="-8.549824">
        <ele>219.165</ele>
        <time>2025-03-04T09:56:36.999Z</time>
      </trkpt>
      <trkpt lat="42.884266" lon="-8.549847">
        <ele>219.193</ele>
        <time>2025-03-04T09:56:40.999Z</time>
      </trkpt>
      <trkpt lat="42.884220" lon="-8.549876">
        <ele>219.196</ele>
        <time>2025-03-04T09:56:44.999Z</time>
      </trkpt>
      <trkpt lat="42.884170" lon="-8.549913">
        <ele>219.150</ele>
        <time>2025-03-04T09:56:49.999Z</time>
      </trkpt>
      <trkpt lat="42.884135" lon="-8.549977">
        <ele>219.355</ele>
        <time>2025-03-04T09:56:55.999Z</time>
      </trkpt>
      <trkpt lat="42.884112" lon="-8.550045">
        <ele>219.477</ele>
        <time>2025-03-04T09:57:01.999Z</time>
      </trkpt>
      <trkpt lat="42.884091" lon="-8.550106">
        <ele>219.825</ele>
        <time>2025-03-04T09:57:05.999Z</time>
      </trkpt>
      <trkpt lat="42.884068" lon="-8.550163">
        <ele>220.127</ele>
        <time>2025-03-04T09:57:09.999Z</time>
      </trkpt>
      <trkpt lat="42.884042" lon="-8.550215">
        <ele>220.426</ele>
        <time>2025-03-04T09:57:13.999Z</time>
      </trkpt>
      <trkpt lat="42.884008" lon="-8.550274">
        <ele>220.538</ele>
        <time>2025-03-04T09:57:18.999Z</time>
      </trkpt>
      <trkpt lat="42.883971" lon="-8.550334">
        <ele>220.570</ele>
        <time>2025-03-04T09:57:23.999Z</time>
      </trkpt>
      <trkpt lat="42.883931" lon="-8.550395">
        <ele>220.517</ele>
        <time>2025-03-04T09:57:27.999Z</time>
      </trkpt>
      <trkpt lat="42.883890" lon="-8.550443">
        <ele>220.409</ele>
        <time>2025-03-04T09:57:31.999Z</time>
      </trkpt>
      <trkpt lat="42.883843" lon="-8.550493">
        <ele>220.445</ele>
        <time>2025-03-04T09:57:37.999Z</time>
      </trkpt>
      <trkpt lat="42.883816" lon="-8.550547">
        <ele>220.343</ele>
        <time>2025-03-04T09:57:41.999Z</time>
      </trkpt>
      <trkpt lat="42.883777" lon="-8.550600">
        <ele>220.346</ele>
        <time>2025-03-04T09:57:46.999Z</time>
      </trkpt>
      <trkpt lat="42.883746" lon="-8.550650">
        <ele>220.310</ele>
        <time>2025-03-04T09:57:51.999Z</time>
      </trkpt>
      <trkpt lat="42.883747" lon="-8.550724">
        <ele>220.355</ele>
        <time>2025-03-04T09:57:57.999Z</time>
      </trkpt>
      <trkpt lat="42.883702" lon="-8.550703">
        <ele>220.217</ele>
        <time>2025-03-04T10:47:36.999Z</time>
      </trkpt>
      <trkpt lat="42.883645" lon="-8.550725">
        <ele>220.225</ele>
        <time>2025-03-04T10:47:41.999Z</time>
      </trkpt>
      <trkpt lat="42.883592" lon="-8.550736">
        <ele>220.257</ele>
        <time>2025-03-04T10:47:46.999Z</time>
      </trkpt>
      <trkpt lat="42.883541" lon="-8.550740">
        <ele>220.396</ele>
        <time>2025-03-04T10:47:51.999Z</time>
      </trkpt>
      <trkpt lat="42.883489" lon="-8.550730">
        <ele>220.345</ele>
        <time>2025-03-04T10:47:56.999Z</time>
      </trkpt>
      <trkpt lat="42.883444" lon="-8.550711">
        <ele>220.347</ele>
        <time>2025-03-04T10:48:01.999Z</time>
      </trkpt>
      <trkpt lat="42.883397" lon="-8.550702">
        <ele>220.711</ele>
        <time>2025-03-04T10:48:07.999Z</time>
      </trkpt>
      <trkpt lat="42.883336" lon="-8.550699">
        <ele>221.009</ele>
        <time>2025-03-04T10:48:10.999Z</time>
      </trkpt>
      <trkpt lat="42.883287" lon="-8.550676">
        <ele>221.126</ele>
        <time>2025-03-04T10:48:17.999Z</time>
      </trkpt>
      <trkpt lat="42.883245" lon="-8.550643">
        <ele>221.194</ele>
        <time>2025-03-04T10:48:21.999Z</time>
      </trkpt>
      <trkpt lat="42.883198" lon="-8.550633">
        <ele>221.117</ele>
        <time>2025-03-04T10:48:25.999Z</time>
      </trkpt>
      <trkpt lat="42.883148" lon="-8.550607">
        <ele>221.111</ele>
        <time>2025-03-04T10:48:29.999Z</time>
      </trkpt>
      <trkpt lat="42.883101" lon="-8.550599">
        <ele>221.086</ele>
        <time>2025-03-04T10:48:33.999Z</time>
      </trkpt>
      <trkpt lat="42.883048" lon="-8.550597">
        <ele>220.968</ele>
        <time>2025-03-04T10:48:38.999Z</time>
      </trkpt>
      <trkpt lat="42.882998" lon="-8.550605">
        <ele>220.866</ele>
        <time>2025-03-04T10:48:43.999Z</time>
      </trkpt>
      <trkpt lat="42.882950" lon="-8.550588">
        <ele>220.788</ele>
        <time>2025-03-04T10:48:48.999Z</time>
      </trkpt>
      <trkpt lat="42.882899" lon="-8.550591">
        <ele>220.667</ele>
        <time>2025-03-04T10:48:54.999Z</time>
      </trkpt>
      <trkpt lat="42.882852" lon="-8.550590">
        <ele>220.542</ele>
        <time>2025-03-04T10:48:59.999Z</time>
      </trkpt>
      <trkpt lat="42.882804" lon="-8.550616">
        <ele>220.322</ele>
        <time>2025-03-04T10:49:11.999Z</time>
      </trkpt>
      <trkpt lat="42.882761" lon="-8.550597">
        <ele>220.114</ele>
        <time>2025-03-04T10:49:15.999Z</time>
      </trkpt>
      <trkpt lat="42.882714" lon="-8.550586">
        <ele>219.809</ele>
        <time>2025-03-04T10:49:19.999Z</time>
      </trkpt>
      <trkpt lat="42.882669" lon="-8.550570">
        <ele>219.496</ele>
        <time>2025-03-04T10:49:21.999Z</time>
      </trkpt>
      <trkpt lat="42.882622" lon="-8.550547">
        <ele>219.174</ele>
        <time>2025-03-04T10:49:27.999Z</time>
      </trkpt>
      <trkpt lat="42.882578" lon="-8.550528">
        <ele>218.817</ele>
        <time>2025-03-04T10:49:30.999Z</time>
      </trkpt>
      <trkpt lat="42.882528" lon="-8.550480">
        <ele>218.411</ele>
        <time>2025-03-04T10:49:34.999Z</time>
      </trkpt>
      <trkpt lat="42.882473" lon="-8.550472">
        <ele>217.936</ele>
        <time>2025-03-04T10:49:40.999Z</time>
      </trkpt>
      <trkpt lat="42.882424" lon="-8.550462">
        <ele>217.568</ele>
        <time>2025-03-04T10:49:44.999Z</time>
      </trkpt>
      <trkpt lat="42.882370" lon="-8.550483">
        <ele>217.046</ele>
        <time>2025-03-04T10:49:48.999Z</time>
      </trkpt>
      <trkpt lat="42.882342" lon="-8.550538">
        <ele>216.778</ele>
        <time>2025-03-04T10:49:53.999Z</time>
      </trkpt>
      <trkpt lat="42.882300" lon="-8.550573">
        <ele>216.787</ele>
        <time>2025-03-04T10:49:56.999Z</time>
      </trkpt>
      <trkpt lat="42.882293" lon="-8.550659">
        <ele>216.763</ele>
        <time>2025-03-04T10:50:09.999Z</time>
      </trkpt>
      <trkpt lat="42.882298" lon="-8.550736">
        <ele>216.744</ele>
        <time>2025-03-04T10:50:13.999Z</time>
      </trkpt>
      <trkpt lat="42.882251" lon="-8.550765">
        <ele>216.718</ele>
        <time>2025-03-04T10:50:18.999Z</time>
      </trkpt>
      <trkpt lat="42.882213" lon="-8.550819">
        <ele>216.709</ele>
        <time>2025-03-04T10:50:23.999Z</time>
      </trkpt>
      <trkpt lat="42.882192" lon="-8.550881">
        <ele>216.758</ele>
        <time>2025-03-04T10:50:27.999Z</time>
      </trkpt>
      <trkpt lat="42.882159" lon="-8.550925">
        <ele>216.676</ele>
        <time>2025-03-04T10:50:31.999Z</time>
      </trkpt>
      <trkpt lat="42.882115" lon="-8.550960">
        <ele>216.529</ele>
        <time>2025-03-04T10:50:35.999Z</time>
      </trkpt>
      <trkpt lat="42.882073" lon="-8.551003">
        <ele>216.413</ele>
        <time>2025-03-04T10:50:39.999Z</time>
      </trkpt>
      <trkpt lat="42.882037" lon="-8.551040">
        <ele>216.418</ele>
        <time>2025-03-04T10:50:42.999Z</time>
      </trkpt>
      <trkpt lat="42.881992" lon="-8.551094">
        <ele>216.490</ele>
        <time>2025-03-04T10:50:47.999Z</time>
      </trkpt>
      <trkpt lat="42.881970" lon="-8.551149">
        <ele>216.428</ele>
        <time>2025-03-04T10:50:51.999Z</time>
      </trkpt>
      <trkpt lat="42.881960" lon="-8.551219">
        <ele>216.410</ele>
        <time>2025-03-04T10:50:55.999Z</time>
      </trkpt>
      <trkpt lat="42.881932" lon="-8.551284">
        <ele>216.499</ele>
        <time>2025-03-04T10:51:00.999Z</time>
      </trkpt>
      <trkpt lat="42.881901" lon="-8.551342">
        <ele>216.499</ele>
        <time>2025-03-04T10:51:05.999Z</time>
      </trkpt>
      <trkpt lat="42.881855" lon="-8.551371">
        <ele>216.407</ele>
        <time>2025-03-04T10:51:10.999Z</time>
      </trkpt>
      <trkpt lat="42.881815" lon="-8.551413">
        <ele>216.427</ele>
        <time>2025-03-04T10:51:14.999Z</time>
      </trkpt>
      <trkpt lat="42.881775" lon="-8.551442">
        <ele>216.409</ele>
        <time>2025-03-04T10:51:18.999Z</time>
      </trkpt>
      <trkpt lat="42.881736" lon="-8.551478">
        <ele>216.471</ele>
        <time>2025-03-04T10:51:22.999Z</time>
      </trkpt>
      <trkpt lat="42.881687" lon="-8.551499">
        <ele>216.499</ele>
        <time>2025-03-04T10:51:26.999Z</time>
      </trkpt>
      <trkpt lat="42.881628" lon="-8.551534">
        <ele>216.452</ele>
        <time>2025-03-04T10:51:31.999Z</time>
      </trkpt>
      <trkpt lat="42.881583" lon="-8.551572">
        <ele>216.456</ele>
        <time>2025-03-04T10:51:37.999Z</time>
      </trkpt>
      <trkpt lat="42.881552" lon="-8.551634">
        <ele>216.441</ele>
        <time>2025-03-04T10:51:41.999Z</time>
      </trkpt>
      <trkpt lat="42.881511" lon="-8.551675">
        <ele>216.443</ele>
        <time>2025-03-04T10:51:46.999Z</time>
      </trkpt>
      <trkpt lat="42.881461" lon="-8.551690">
        <ele>216.451</ele>
        <time>2025-03-04T10:51:55.999Z</time>
      </trkpt>
      <trkpt lat="42.881423" lon="-8.551733">
        <ele>216.413</ele>
        <time>2025-03-04T10:51:59.999Z</time>
      </trkpt>
      <trkpt lat="42.881394" lon="-8.551784">
        <ele>216.462</ele>
        <time>2025-03-04T10:52:03.999Z</time>
      </trkpt>
      <trkpt lat="42.881391" lon="-8.551847">
        <ele>216.459</ele>
        <time>2025-03-04T10:52:06.999Z</time>
      </trkpt>
      <trkpt lat="42.881375" lon="-8.551914">
        <ele>216.403</ele>
        <time>2025-03-04T10:52:10.999Z</time>
      </trkpt>
      <trkpt lat="42.881384" lon="-8.551981">
        <ele>216.423</ele>
        <time>2025-03-04T10:52:14.999Z</time>
      </trkpt>
      <trkpt lat="42.881330" lon="-8.552008">
        <ele>216.409</ele>
        <time>2025-03-04T10:52:19.999Z</time>
      </trkpt>
      <trkpt lat="42.881292" lon="-8.552049">
        <ele>216.267</ele>
        <time>2025-03-04T10:52:22.999Z</time>
      </trkpt>
      <trkpt lat="42.881337" lon="-8.552040">
        <ele>216.015</ele>
        <time>2025-03-04T10:52:38.999Z</time>
      </trkpt>
      <trkpt lat="42.881297" lon="-8.552072">
        <ele>215.918</ele>
        <time>2025-03-04T10:53:18.999Z</time>
      </trkpt>
      <trkpt lat="42.881252" lon="-8.552035">
        <ele>215.862</ele>
        <time>2025-03-04T10:53:21.999Z</time>
      </trkpt>
      <trkpt lat="42.881213" lon="-8.551979">
        <ele>215.747</ele>
        <time>2025-03-04T10:53:25.999Z</time>
      </trkpt>
      <trkpt lat="42.881175" lon="-8.551919">
        <ele>215.789</ele>
        <time>2025-03-04T10:53:31.999Z</time>
      </trkpt>
      <trkpt lat="42.881133" lon="-8.551959">
        <ele>215.867</ele>
        <time>2025-03-04T10:53:40.999Z</time>
      </trkpt>
      <trkpt lat="42.881131" lon="-8.552022">
        <ele>215.839</ele>
        <time>2025-03-04T10:53:51.999Z</time>
      </trkpt>
      <trkpt lat="42.881084" lon="-8.552088">
        <ele>215.728</ele>
        <time>2025-03-04T10:53:56.999Z</time>
      </trkpt>
      <trkpt lat="42.881096" lon="-8.552171">
        <ele>215.764</ele>
        <time>2025-03-04T10:54:03.999Z</time>
      </trkpt>
      <trkpt lat="42.881089" lon="-8.552241">
        <ele>215.706</ele>
        <time>2025-03-04T10:54:08.999Z</time>
      </trkpt>
      <trkpt lat="42.881086" lon="-8.552318">
        <ele>215.616</ele>
        <time>2025-03-04T10:54:17.999Z</time>
      </trkpt>
      <trkpt lat="42.881075" lon="-8.552391">
        <ele>215.509</ele>
        <time>2025-03-04T10:54:22.999Z</time>
      </trkpt>
      <trkpt lat="42.881071" lon="-8.552465">
        <ele>215.558</ele>
        <time>2025-03-04T10:54:27.999Z</time>
      </trkpt>
      <trkpt lat="42.881074" lon="-8.552539">
        <ele>215.556</ele>
        <time>2025-03-04T10:54:32.999Z</time>
      </trkpt>
      <trkpt lat="42.881075" lon="-8.552601">
        <ele>215.589</ele>
        <time>2025-03-04T10:54:36.999Z</time>
      </trkpt>
      <trkpt lat="42.881073" lon="-8.552678">
        <ele>215.523</ele>
        <time>2025-03-04T10:54:41.999Z</time>
      </trkpt>
      <trkpt lat="42.881088" lon="-8.552747">
        <ele>215.568</ele>
        <time>2025-03-04T10:54:46.998Z</time>
      </trkpt>
      <trkpt lat="42.881117" lon="-8.552799">
        <ele>215.570</ele>
        <time>2025-03-04T10:54:51.998Z</time>
      </trkpt>
      <trkpt lat="42.881155" lon="-8.552852">
        <ele>215.528</ele>
        <time>2025-03-04T10:54:57.998Z</time>
      </trkpt>
      <trkpt lat="42.881188" lon="-8.552899">
        <ele>215.350</ele>
        <time>2025-03-04T10:55:02.998Z</time>
      </trkpt>
      <trkpt lat="42.881220" lon="-8.552950">
        <ele>215.299</ele>
        <time>2025-03-04T10:55:08.998Z</time>
      </trkpt>
      <trkpt lat="42.881257" lon="-8.552987">
        <ele>215.289</ele>
        <time>2025-03-04T10:55:13.998Z</time>
      </trkpt>
      <trkpt lat="42.881298" lon="-8.553016">
        <ele>215.206</ele>
        <time>2025-03-04T10:55:19.998Z</time>
      </trkpt>
      <trkpt lat="42.881342" lon="-8.553038">
        <ele>215.226</ele>
        <time>2025-03-04T10:55:24.998Z</time>
      </trkpt>
      <trkpt lat="42.881393" lon="-8.553058">
        <ele>215.209</ele>
        <time>2025-03-04T10:55:30.998Z</time>
      </trkpt>
      <trkpt lat="42.881439" lon="-8.553085">
        <ele>215.250</ele>
        <time>2025-03-04T10:55:34.998Z</time>
      </trkpt>
      <trkpt lat="42.881488" lon="-8.553103">
        <ele>215.238</ele>
        <time>2025-03-04T10:55:39.998Z</time>
      </trkpt>
      <trkpt lat="42.881534" lon="-8.553113">
        <ele>215.231</ele>
        <time>2025-03-04T10:55:45.998Z</time>
      </trkpt>
      <trkpt lat="42.881578" lon="-8.553139">
        <ele>215.215</ele>
        <time>2025-03-04T10:55:51.998Z</time>
      </trkpt>
      <trkpt lat="42.881626" lon="-8.553165">
        <ele>215.130</ele>
        <time>2025-03-04T10:55:56.998Z</time>
      </trkpt>
      <trkpt lat="42.881692" lon="-8.553162">
        <ele>215.072</ele>
        <time>2025-03-04T10:55:58.998Z</time>
      </trkpt>
      <trkpt lat="42.881736" lon="-8.553194">
        <ele>215.050</ele>
        <time>2025-03-04T10:56:06.998Z</time>
      </trkpt>
      <trkpt lat="42.881780" lon="-8.553209">
        <ele>215.062</ele>
        <time>2025-03-04T10:56:10.998Z</time>
      </trkpt>
      <trkpt lat="42.881828" lon="-8.553228">
        <ele>215.031</ele>
        <time>2025-03-04T10:56:15.998Z</time>
      </trkpt>
      <trkpt lat="42.881878" lon="-8.553234">
        <ele>215.092</ele>
        <time>2025-03-04T10:56:20.998Z</time>
      </trkpt>
      <trkpt lat="42.881923" lon="-8.553255">
        <ele>215.073</ele>
        <time>2025-03-04T10:56:25.998Z</time>
      </trkpt>
      <trkpt lat="42.881964" lon="-8.553295">
        <ele>215.120</ele>
        <time>2025-03-04T10:56:30.998Z</time>
      </trkpt>
      <trkpt lat="42.882001" lon="-8.553332">
        <ele>215.209</ele>
        <time>2025-03-04T10:56:35.998Z</time>
      </trkpt>
      <trkpt lat="42.882037" lon="-8.553374">
        <ele>215.371</ele>
        <time>2025-03-04T10:56:40.998Z</time>
      </trkpt>
      <trkpt lat="42.882067" lon="-8.553425">
        <ele>215.439</ele>
        <time>2025-03-04T10:56:45.998Z</time>
      </trkpt>
      <trkpt lat="42.882096" lon="-8.553477">
        <ele>215.572</ele>
        <time>2025-03-04T10:56:50.998Z</time>
      </trkpt>
      <trkpt lat="42.882119" lon="-8.553538">
        <ele>215.586</ele>
        <time>2025-03-04T10:56:54.998Z</time>
      </trkpt>
      <trkpt lat="42.882145" lon="-8.553601">
        <ele>215.581</ele>
        <time>2025-03-04T10:56:59.998Z</time>
      </trkpt>
      <trkpt lat="42.882191" lon="-8.553629">
        <ele>215.593</ele>
        <time>2025-03-04T10:57:11.998Z</time>
      </trkpt>
      <trkpt lat="42.882214" lon="-8.553685">
        <ele>215.441</ele>
        <time>2025-03-04T10:57:40.998Z</time>
      </trkpt>
      <trkpt lat="42.882221" lon="-8.553748">
        <ele>215.353</ele>
        <time>2025-03-04T10:57:44.998Z</time>
      </trkpt>
      <trkpt lat="42.882245" lon="-8.553808">
        <ele>215.322</ele>
        <time>2025-03-04T10:57:49.998Z</time>
      </trkpt>
      <trkpt lat="42.882261" lon="-8.553875">
        <ele>215.372</ele>
        <time>2025-03-04T10:57:54.998Z</time>
      </trkpt>
      <trkpt lat="42.882245" lon="-8.553949">
        <ele>215.513</ele>
        <time>2025-03-04T10:57:59.998Z</time>
      </trkpt>
      <trkpt lat="42.882225" lon="-8.554010">
        <ele>216.114</ele>
        <time>2025-03-04T10:58:04.998Z</time>
      </trkpt>
      <trkpt lat="42.882190" lon="-8.554057">
        <ele>216.309</ele>
        <time>2025-03-04T10:58:08.998Z</time>
      </trkpt>
      <trkpt lat="42.882159" lon="-8.554125">
        <ele>216.389</ele>
        <time>2025-03-04T10:58:13.998Z</time>
      </trkpt>
      <trkpt lat="42.882136" lon="-8.554192">
        <ele>216.367</ele>
        <time>2025-03-04T10:58:18.998Z</time>
      </trkpt>
      <trkpt lat="42.882124" lon="-8.554267">
        <ele>215.860</ele>
        <time>2025-03-04T10:58:23.998Z</time>
      </trkpt>
      <trkpt lat="42.882104" lon="-8.554337">
        <ele>214.724</ele>
        <time>2025-03-04T10:58:27.998Z</time>
      </trkpt>
      <trkpt lat="42.882099" lon="-8.554402">
        <ele>214.349</ele>
        <time>2025-03-04T10:58:32.998Z</time>
      </trkpt>
      <trkpt lat="42.882085" lon="-8.554470">
        <ele>214.271</ele>
        <time>2025-03-04T10:58:36.998Z</time>
      </trkpt>
      <trkpt lat="42.882094" lon="-8.554534">
        <ele>213.969</ele>
        <time>2025-03-04T10:58:40.998Z</time>
      </trkpt>
      <trkpt lat="42.882133" lon="-8.554602">
        <ele>213.751</ele>
        <time>2025-03-04T10:58:44.998Z</time>
      </trkpt>
      <trkpt lat="42.882164" lon="-8.554658">
        <ele>213.690</ele>
        <time>2025-03-04T10:58:48.998Z</time>
      </trkpt>
      <trkpt lat="42.882213" lon="-8.554699">
        <ele>213.685</ele>
        <time>2025-03-04T10:58:52.998Z</time>
      </trkpt>
      <trkpt lat="42.882263" lon="-8.554721">
        <ele>213.589</ele>
        <time>2025-03-04T10:58:56.998Z</time>
      </trkpt>
      <trkpt lat="42.882313" lon="-8.554711">
        <ele>213.117</ele>
        <time>2025-03-04T10:59:01.998Z</time>
      </trkpt>
      <trkpt lat="42.882366" lon="-8.554680">
        <ele>213.109</ele>
        <time>2025-03-04T10:59:05.998Z</time>
      </trkpt>
      <trkpt lat="42.882413" lon="-8.554652">
        <ele>213.180</ele>
        <time>2025-03-04T10:59:09.998Z</time>
      </trkpt>
      <trkpt lat="42.882460" lon="-8.554629">
        <ele>213.198</ele>
        <time>2025-03-04T10:59:13.998Z</time>
      </trkpt>
      <trkpt lat="42.882509" lon="-8.554594">
        <ele>213.181</ele>
        <time>2025-03-04T10:59:18.998Z</time>
      </trkpt>
      <trkpt lat="42.882554" lon="-8.554557">
        <ele>213.115</ele>
        <time>2025-03-04T10:59:23.998Z</time>
      </trkpt>
      <trkpt lat="42.882615" lon="-8.554524">
        <ele>213.260</ele>
        <time>2025-03-04T10:59:27.998Z</time>
      </trkpt>
      <trkpt lat="42.882660" lon="-8.554503">
        <ele>213.382</ele>
        <time>2025-03-04T10:59:32.998Z</time>
      </trkpt>
      <trkpt lat="42.882711" lon="-8.554465">
        <ele>213.430</ele>
        <time>2025-03-04T10:59:37.998Z</time>
      </trkpt>
      <trkpt lat="42.882760" lon="-8.554446">
        <ele>213.852</ele>
        <time>2025-03-04T10:59:42.998Z</time>
      </trkpt>
      <trkpt lat="42.882813" lon="-8.554435">
        <ele>213.941</ele>
        <time>2025-03-04T10:59:46.998Z</time>
      </trkpt>
      <trkpt lat="42.882859" lon="-8.554417">
        <ele>213.956</ele>
        <time>2025-03-04T10:59:52.998Z</time>
      </trkpt>
      <trkpt lat="42.882872" lon="-8.554484">
        <ele>213.959</ele>
        <time>2025-03-04T10:59:56.998Z</time>
      </trkpt>
      <trkpt lat="42.882907" lon="-8.554529">
        <ele>213.914</ele>
        <time>2025-03-04T11:00:01.998Z</time>
      </trkpt>
      <trkpt lat="42.882959" lon="-8.554498">
        <ele>213.809</ele>
        <time>2025-03-04T11:00:05.998Z</time>
      </trkpt>
      <trkpt lat="42.883006" lon="-8.554487">
        <ele>213.887</ele>
        <time>2025-03-04T11:00:09.998Z</time>
      </trkpt>
      <trkpt lat="42.883046" lon="-8.554516">
        <ele>213.755</ele>
        <time>2025-03-04T11:00:13.998Z</time>
      </trkpt>
      <trkpt lat="42.883075" lon="-8.554575">
        <ele>213.458</ele>
        <time>2025-03-04T11:00:18.998Z</time>
      </trkpt>
      <trkpt lat="42.883097" lon="-8.554645">
        <ele>213.132</ele>
        <time>2025-03-04T11:00:23.998Z</time>
      </trkpt>
      <trkpt lat="42.883130" lon="-8.554704">
        <ele>213.027</ele>
        <time>2025-03-04T11:00:28.998Z</time>
      </trkpt>
      <trkpt lat="42.883163" lon="-8.554755">
        <ele>213.039</ele>
        <time>2025-03-04T11:00:32.998Z</time>
      </trkpt>
      <trkpt lat="42.883177" lon="-8.554816">
        <ele>212.917</ele>
        <time>2025-03-04T11:00:36.998Z</time>
      </trkpt>
      <trkpt lat="42.883202" lon="-8.554872">
        <ele>212.859</ele>
        <time>2025-03-04T11:00:40.998Z</time>
      </trkpt>
      <trkpt lat="42.883229" lon="-8.554927">
        <ele>212.628</ele>
        <time>2025-03-04T11:00:45.998Z</time>
      </trkpt>
      <trkpt lat="42.883264" lon="-8.554970">
        <ele>212.453</ele>
        <time>2025-03-04T11:00:50.998Z</time>
      </trkpt>
      <trkpt lat="42.883306" lon="-8.554999">
        <ele>212.104</ele>
        <time>2025-03-04T11:00:54.998Z</time>
      </trkpt>
      <trkpt lat="42.883354" lon="-8.555037">
        <ele>211.914</ele>
        <time>2025-03-04T11:00:58.998Z</time>
      </trkpt>
      <trkpt lat="42.883401" lon="-8.555069">
        <ele>211.709</ele>
        <time>2025-03-04T11:01:04.998Z</time>
      </trkpt>
      <trkpt lat="42.883441" lon="-8.555110">
        <ele>211.467</ele>
        <time>2025-03-04T11:01:09.998Z</time>
      </trkpt>
      <trkpt lat="42.883467" lon="-8.555162">
        <ele>211.295</ele>
        <time>2025-03-04T11:01:14.998Z</time>
      </trkpt>
      <trkpt lat="42.883510" lon="-8.555193">
        <ele>211.148</ele>
        <time>2025-03-04T11:01:18.998Z</time>
      </trkpt>
      <trkpt lat="42.883565" lon="-8.555228">
        <ele>211.072</ele>
        <time>2025-03-04T11:01:23.998Z</time>
      </trkpt>
      <trkpt lat="42.883595" lon="-8.555281">
        <ele>211.097</ele>
        <time>2025-03-04T11:01:30.998Z</time>
      </trkpt>
      <trkpt lat="42.883608" lon="-8.555222">
        <ele>211.029</ele>
        <time>2025-03-04T11:01:45.998Z</time>
      </trkpt>
      <trkpt lat="42.883646" lon="-8.555178">
        <ele>211.167</ele>
        <time>2025-03-04T11:01:51.998Z</time>
      </trkpt>
      <trkpt lat="42.883668" lon="-8.555121">
        <ele>211.579</ele>
        <time>2025-03-04T11:01:57.998Z</time>
      </trkpt>
      <trkpt lat="42.883680" lon="-8.555052">
        <ele>211.818</ele>
        <time>2025-03-04T11:02:02.998Z</time>
      </trkpt>
      <trkpt lat="42.883686" lon="-8.555113">
        <ele>211.946</ele>
        <time>2025-03-04T11:02:10.998Z</time>
      </trkpt>
      <trkpt lat="42.883661" lon="-8.555166">
        <ele>211.988</ele>
        <time>2025-03-04T11:02:13.998Z</time>
      </trkpt>
      <trkpt lat="42.883668" lon="-8.555233">
        <ele>211.816</ele>
        <time>2025-03-04T11:02:21.998Z</time>
      </trkpt>
      <trkpt lat="42.883695" lon="-8.555290">
        <ele>211.709</ele>
        <time>2025-03-04T11:02:25.998Z</time>
      </trkpt>
      <trkpt lat="42.883711" lon="-8.555354">
        <ele>211.726</ele>
        <time>2025-03-04T11:02:31.998Z</time>
      </trkpt>
      <trkpt lat="42.883729" lon="-8.555420">
        <ele>211.754</ele>
        <time>2025-03-04T11:02:37.998Z</time>
      </trkpt>
      <trkpt lat="42.883692" lon="-8.555480">
        <ele>211.797</ele>
        <time>2025-03-04T11:02:45.998Z</time>
      </trkpt>
      <trkpt lat="42.883676" lon="-8.555561">
        <ele>212.031</ele>
        <time>2025-03-04T11:02:49.998Z</time>
      </trkpt>
      <trkpt lat="42.883674" lon="-8.555622">
        <ele>212.786</ele>
        <time>2025-03-04T11:02:52.998Z</time>
      </trkpt>
      <trkpt lat="42.883630" lon="-8.555690">
        <ele>213.098</ele>
        <time>2025-03-04T11:02:58.998Z</time>
      </trkpt>
      <trkpt lat="42.883589" lon="-8.555715">
        <ele>213.056</ele>
        <time>2025-03-04T11:03:04.998Z</time>
      </trkpt>
      <trkpt lat="42.883535" lon="-8.555731">
        <ele>212.638</ele>
        <time>2025-03-04T11:03:10.998Z</time>
      </trkpt>
      <trkpt lat="42.883541" lon="-8.555794">
        <ele>212.477</ele>
        <time>2025-03-04T11:03:15.998Z</time>
      </trkpt>
      <trkpt lat="42.883511" lon="-8.555852">
        <ele>211.848</ele>
        <time>2025-03-04T11:03:19.998Z</time>
      </trkpt>
      <trkpt lat="42.883528" lon="-8.555918">
        <ele>211.161</ele>
        <time>2025-03-04T11:03:22.998Z</time>
      </trkpt>
      <trkpt lat="42.883521" lon="-8.555979">
        <ele>210.617</ele>
        <time>2025-03-04T11:03:26.998Z</time>
      </trkpt>
      <trkpt lat="42.883497" lon="-8.556041">
        <ele>210.509</ele>
        <time>2025-03-04T11:03:31.998Z</time>
      </trkpt>
      <trkpt lat="42.883461" lon="-8.556093">
        <ele>210.526</ele>
        <time>2025-03-04T11:03:36.998Z</time>
      </trkpt>
      <trkpt lat="42.883411" lon="-8.556138">
        <ele>210.524</ele>
        <time>2025-03-04T11:03:41.998Z</time>
      </trkpt>
      <trkpt lat="42.883371" lon="-8.556172">
        <ele>210.687</ele>
        <time>2025-03-04T11:03:45.998Z</time>
      </trkpt>
      <trkpt lat="42.883330" lon="-8.556200">
        <ele>210.681</ele>
        <time>2025-03-04T11:03:49.998Z</time>
      </trkpt>
      <trkpt lat="42.883284" lon="-8.556200">
        <ele>210.616</ele>
        <time>2025-03-04T11:03:53.998Z</time>
      </trkpt>
      <trkpt lat="42.883239" lon="-8.556209">
        <ele>210.538</ele>
        <time>2025-03-04T11:03:56.998Z</time>
      </trkpt>
      <trkpt lat="42.883188" lon="-8.556225">
        <ele>210.136</ele>
        <time>2025-03-04T11:04:01.998Z</time>
      </trkpt>
      <trkpt lat="42.883151" lon="-8.556259">
        <ele>209.428</ele>
        <time>2025-03-04T11:04:06.998Z</time>
      </trkpt>
      <trkpt lat="42.883104" lon="-8.556303">
        <ele>208.697</ele>
        <time>2025-03-04T11:04:10.998Z</time>
      </trkpt>
      <trkpt lat="42.883065" lon="-8.556356">
        <ele>207.853</ele>
        <time>2025-03-04T11:04:15.998Z</time>
      </trkpt>
      <trkpt lat="42.883048" lon="-8.556431">
        <ele>207.304</ele>
        <time>2025-03-04T11:04:20.998Z</time>
      </trkpt>
      <trkpt lat="42.883051" lon="-8.556503">
        <ele>207.014</ele>
        <time>2025-03-04T11:04:25.998Z</time>
      </trkpt>
      <trkpt lat="42.883045" lon="-8.556576">
        <ele>206.709</ele>
        <time>2025-03-04T11:04:29.998Z</time>
      </trkpt>
      <trkpt lat="42.883051" lon="-8.556641">
        <ele>206.657</ele>
        <time>2025-03-04T11:04:33.998Z</time>
      </trkpt>
      <trkpt lat="42.883068" lon="-8.556701">
        <ele>206.345</ele>
        <time>2025-03-04T11:04:37.998Z</time>
      </trkpt>
      <trkpt lat="42.883083" lon="-8.556766">
        <ele>205.978</ele>
        <time>2025-03-04T11:04:41.998Z</time>
      </trkpt>
      <trkpt lat="42.883059" lon="-8.556824">
        <ele>205.322</ele>
        <time>2025-03-04T11:04:46.998Z</time>
      </trkpt>
      <trkpt lat="42.883013" lon="-8.556830">
        <ele>204.667</ele>
        <time>2025-03-04T11:04:49.998Z</time>
      </trkpt>
      <trkpt lat="42.882963" lon="-8.556856">
        <ele>204.069</ele>
        <time>2025-03-04T11:04:54.998Z</time>
      </trkpt>
      <trkpt lat="42.882946" lon="-8.556914">
        <ele>203.737</ele>
        <time>2025-03-04T11:04:58.998Z</time>
      </trkpt>
      <trkpt lat="42.882952" lon="-8.556975">
        <ele>203.659</ele>
        <time>2025-03-04T11:05:02.998Z</time>
      </trkpt>
      <trkpt lat="42.882948" lon="-8.557047">
        <ele>203.498</ele>
        <time>2025-03-04T11:05:07.998Z</time>
      </trkpt>
      <trkpt lat="42.882935" lon="-8.557106">
        <ele>203.457</ele>
        <time>2025-03-04T11:05:12.997Z</time>
      </trkpt>
      <trkpt lat="42.882912" lon="-8.557163">
        <ele>203.400</ele>
        <time>2025-03-04T11:05:17.997Z</time>
      </trkpt>
      <trkpt lat="42.882970" lon="-8.557197">
        <ele>203.720</ele>
        <time>2025-03-04T11:05:34.997Z</time>
      </trkpt>
      <trkpt lat="42.883003" lon="-8.557265">
        <ele>204.309</ele>
        <time>2025-03-04T11:06:52.997Z</time>
      </trkpt>
      <trkpt lat="42.883023" lon="-8.557320">
        <ele>204.367</ele>
        <time>2025-03-04T11:06:58.997Z</time>
      </trkpt>
      <trkpt lat="42.883018" lon="-8.557388">
        <ele>204.345</ele>
        <time>2025-03-04T11:07:07.997Z</time>
      </trkpt>
      <trkpt lat="42.883064" lon="-8.557409">
        <ele>204.018</ele>
        <time>2025-03-04T11:07:20.997Z</time>
      </trkpt>
      <trkpt lat="42.883084" lon="-8.557346">
        <ele>203.352</ele>
        <time>2025-03-04T11:07:30.997Z</time>
      </trkpt>
      <trkpt lat="42.883103" lon="-8.557284">
        <ele>201.937</ele>
        <time>2025-03-04T11:07:51.997Z</time>
      </trkpt>
      <trkpt lat="42.883183" lon="-8.557277">
        <ele>199.819</ele>
        <time>2025-03-04T11:08:23.997Z</time>
      </trkpt>
      <trkpt lat="42.883171" lon="-8.557338">
        <ele>199.547</ele>
        <time>2025-03-04T11:08:26.997Z</time>
      </trkpt>
      <trkpt lat="42.883219" lon="-8.557365">
        <ele>199.549</ele>
        <time>2025-03-04T11:08:29.997Z</time>
      </trkpt>
      <trkpt lat="42.883240" lon="-8.557446">
        <ele>199.538</ele>
        <time>2025-03-04T11:08:38.997Z</time>
      </trkpt>
      <trkpt lat="42.883226" lon="-8.557512">
        <ele>200.178</ele>
        <time>2025-03-04T11:08:43.997Z</time>
      </trkpt>
      <trkpt lat="42.883218" lon="-8.557573">
        <ele>200.633</ele>
        <time>2025-03-04T11:08:46.997Z</time>
      </trkpt>
      <trkpt lat="42.883221" lon="-8.557638">
        <ele>201.226</ele>
        <time>2025-03-04T11:08:50.997Z</time>
      </trkpt>
      <trkpt lat="42.883234" lon="-8.557702">
        <ele>201.409</ele>
        <time>2025-03-04T11:08:55.997Z</time>
      </trkpt>
      <trkpt lat="42.883242" lon="-8.557768">
        <ele>201.539</ele>
        <time>2025-03-04T11:09:01.997Z</time>
      </trkpt>
      <trkpt lat="42.883245" lon="-8.557838">
        <ele>201.527</ele>
        <time>2025-03-04T11:09:06.997Z</time>
      </trkpt>
      <trkpt lat="42.883226" lon="-8.557899">
        <ele>201.610</ele>
        <time>2025-03-04T11:09:09.997Z</time>
      </trkpt>
      <trkpt lat="42.883189" lon="-8.557942">
        <ele>201.654</ele>
        <time>2025-03-04T11:09:13.997Z</time>
      </trkpt>
      <trkpt lat="42.883152" lon="-8.557987">
        <ele>201.659</ele>
        <time>2025-03-04T11:09:17.997Z</time>
      </trkpt>
      <trkpt lat="42.883116" lon="-8.558024">
        <ele>201.611</ele>
        <time>2025-03-04T11:09:21.997Z</time>
      </trkpt>
      <trkpt lat="42.883075" lon="-8.558053">
        <ele>201.219</ele>
        <time>2025-03-04T11:09:25.997Z</time>
      </trkpt>
      <trkpt lat="42.883025" lon="-8.558078">
        <ele>200.781</ele>
        <time>2025-03-04T11:09:29.997Z</time>
      </trkpt>
      <trkpt lat="42.882974" lon="-8.558103">
        <ele>200.290</ele>
        <time>2025-03-04T11:09:33.997Z</time>
      </trkpt>
      <trkpt lat="42.882932" lon="-8.558127">
        <ele>199.592</ele>
        <time>2025-03-04T11:09:38.997Z</time>
      </trkpt>
      <trkpt lat="42.882882" lon="-8.558165">
        <ele>198.673</ele>
        <time>2025-03-04T11:09:43.997Z</time>
      </trkpt>
      <trkpt lat="42.882840" lon="-8.558195">
        <ele>198.020</ele>
        <time>2025-03-04T11:09:47.997Z</time>
      </trkpt>
      <trkpt lat="42.882791" lon="-8.558193">
        <ele>197.809</ele>
        <time>2025-03-04T11:09:51.997Z</time>
      </trkpt>
      <trkpt lat="42.882746" lon="-8.558210">
        <ele>197.781</ele>
        <time>2025-03-04T11:09:55.997Z</time>
      </trkpt>
      <trkpt lat="42.882695" lon="-8.558235">
        <ele>197.119</ele>
        <time>2025-03-04T11:10:00.997Z</time>
      </trkpt>
      <trkpt lat="42.882649" lon="-8.558251">
        <ele>196.372</ele>
        <time>2025-03-04T11:10:05.997Z</time>
      </trkpt>
      <trkpt lat="42.882605" lon="-8.558287">
        <ele>195.876</ele>
        <time>2025-03-04T11:10:10.997Z</time>
      </trkpt>
      <trkpt lat="42.882564" lon="-8.558328">
        <ele>195.511</ele>
        <time>2025-03-04T11:10:15.997Z</time>
      </trkpt>
      <trkpt lat="42.882522" lon="-8.558364">
        <ele>195.443</ele>
        <time>2025-03-04T11:10:20.997Z</time>
      </trkpt>
      <trkpt lat="42.882476" lon="-8.558417">
        <ele>195.311</ele>
        <time>2025-03-04T11:10:26.997Z</time>
      </trkpt>
      <trkpt lat="42.882423" lon="-8.558451">
        <ele>195.233</ele>
        <time>2025-03-04T11:10:30.997Z</time>
      </trkpt>
      <trkpt lat="42.882392" lon="-8.558513">
        <ele>195.272</ele>
        <time>2025-03-04T11:10:35.997Z</time>
      </trkpt>
      <trkpt lat="42.882354" lon="-8.558557">
        <ele>195.289</ele>
        <time>2025-03-04T11:10:40.997Z</time>
      </trkpt>
      <trkpt lat="42.882310" lon="-8.558592">
        <ele>195.306</ele>
        <time>2025-03-04T11:10:44.997Z</time>
      </trkpt>
      <trkpt lat="42.882271" lon="-8.558636">
        <ele>195.426</ele>
        <time>2025-03-04T11:10:48.997Z</time>
      </trkpt>
      <trkpt lat="42.882233" lon="-8.558674">
        <ele>195.509</ele>
        <time>2025-03-04T11:10:54.997Z</time>
      </trkpt>
      <trkpt lat="42.882184" lon="-8.558686">
        <ele>195.540</ele>
        <time>2025-03-04T11:10:59.997Z</time>
      </trkpt>
      <trkpt lat="42.882144" lon="-8.558717">
        <ele>195.598</ele>
        <time>2025-03-04T11:11:03.997Z</time>
      </trkpt>
      <trkpt lat="42.882097" lon="-8.558741">
        <ele>195.411</ele>
        <time>2025-03-04T11:11:07.997Z</time>
      </trkpt>
      <trkpt lat="42.882053" lon="-8.558767">
        <ele>195.145</ele>
        <time>2025-03-04T11:11:13.997Z</time>
      </trkpt>
      <trkpt lat="42.882009" lon="-8.558800">
        <ele>195.010</ele>
        <time>2025-03-04T11:11:18.997Z</time>
      </trkpt>
      <trkpt lat="42.881963" lon="-8.558826">
        <ele>195.062</ele>
        <time>2025-03-04T11:11:23.997Z</time>
      </trkpt>
      <trkpt lat="42.881918" lon="-8.558847">
        <ele>195.060</ele>
        <time>2025-03-04T11:11:28.997Z</time>
      </trkpt>
      <trkpt lat="42.881859" lon="-8.558861">
        <ele>195.162</ele>
        <time>2025-03-04T11:11:33.997Z</time>
      </trkpt>
      <trkpt lat="42.881811" lon="-8.558859">
        <ele>195.321</ele>
        <time>2025-03-04T11:11:38.997Z</time>
      </trkpt>
      <trkpt lat="42.881761" lon="-8.558876">
        <ele>195.585</ele>
        <time>2025-03-04T11:11:42.997Z</time>
      </trkpt>
      <trkpt lat="42.881713" lon="-8.558862">
        <ele>195.789</ele>
        <time>2025-03-04T11:11:46.997Z</time>
      </trkpt>
      <trkpt lat="42.881669" lon="-8.558837">
        <ele>195.917</ele>
        <time>2025-03-04T11:11:50.997Z</time>
      </trkpt>
      <trkpt lat="42.881634" lon="-8.558785">
        <ele>195.909</ele>
        <time>2025-03-04T11:11:55.997Z</time>
      </trkpt>
      <trkpt lat="42.881592" lon="-8.558747">
        <ele>195.910</ele>
        <time>2025-03-04T11:11:58.997Z</time>
      </trkpt>
      <trkpt lat="42.881559" lon="-8.558704">
        <ele>195.878</ele>
        <time>2025-03-04T11:12:00.997Z</time>
      </trkpt>
      <trkpt lat="42.881537" lon="-8.558649">
        <ele>195.661</ele>
        <time>2025-03-04T11:12:06.997Z</time>
      </trkpt>
      <trkpt lat="42.881565" lon="-8.558581">
        <ele>195.415</ele>
        <time>2025-03-04T11:12:11.997Z</time>
      </trkpt>
      <trkpt lat="42.881589" lon="-8.558518">
        <ele>194.980</ele>
        <time>2025-03-04T11:12:16.997Z</time>
      </trkpt>
      <trkpt lat="42.881624" lon="-8.558466">
        <ele>194.442</ele>
        <time>2025-03-04T11:12:22.997Z</time>
      </trkpt>
      <trkpt lat="42.881614" lon="-8.558398">
        <ele>193.930</ele>
        <time>2025-03-04T11:12:28.997Z</time>
      </trkpt>
      <trkpt lat="42.881564" lon="-8.558387">
        <ele>193.442</ele>
        <time>2025-03-04T11:12:49.997Z</time>
      </trkpt>
      <trkpt lat="42.881519" lon="-8.558361">
        <ele>192.971</ele>
        <time>2025-03-04T11:12:55.997Z</time>
      </trkpt>
      <trkpt lat="42.881481" lon="-8.558318">
        <ele>192.464</ele>
        <time>2025-03-04T11:13:12.997Z</time>
      </trkpt>
      <trkpt lat="42.881382" lon="-8.558317">
        <ele>191.806</ele>
        <time>2025-03-04T11:13:16.997Z</time>
      </trkpt>
      <trkpt lat="42.881435" lon="-8.558346">
        <ele>190.916</ele>
        <time>2025-03-04T11:13:25.997Z</time>
      </trkpt>
      <trkpt lat="42.881427" lon="-8.558280">
        <ele>190.809</ele>
        <time>2025-03-04T11:13:33.997Z</time>
      </trkpt>
      <trkpt lat="42.881382" lon="-8.558264">
        <ele>190.728</ele>
        <time>2025-03-04T11:13:39.997Z</time>
      </trkpt>
      <trkpt lat="42.881341" lon="-8.558232">
        <ele>190.726</ele>
        <time>2025-03-04T11:13:47.997Z</time>
      </trkpt>
      <trkpt lat="42.881289" lon="-8.558208">
        <ele>190.779</ele>
        <time>2025-03-04T11:14:02.997Z</time>
      </trkpt>
      <trkpt lat="42.881245" lon="-8.558229">
        <ele>190.643</ele>
        <time>2025-03-04T11:14:19.997Z</time>
      </trkpt>
      <trkpt lat="42.881200" lon="-8.558235">
        <ele>190.478</ele>
        <time>2025-03-04T11:14:25.997Z</time>
      </trkpt>
      <trkpt lat="42.881153" lon="-8.558250">
        <ele>190.170</ele>
        <time>2025-03-04T11:14:31.997Z</time>
      </trkpt>
      <trkpt lat="42.881105" lon="-8.558274">
        <ele>189.898</ele>
        <time>2025-03-04T11:14:56.997Z</time>
      </trkpt>
      <trkpt lat="42.881054" lon="-8.558280">
        <ele>189.580</ele>
        <time>2025-03-04T11:14:57.997Z</time>
      </trkpt>
      <trkpt lat="42.881027" lon="-8.558332">
        <ele>189.249</ele>
        <time>2025-03-04T11:15:01.997Z</time>
      </trkpt>
      <trkpt lat="42.880983" lon="-8.558370">
        <ele>189.126</ele>
        <time>2025-03-04T11:15:07.997Z</time>
      </trkpt>
      <trkpt lat="42.880963" lon="-8.558431">
        <ele>189.147</ele>
        <time>2025-03-04T11:15:13.997Z</time>
      </trkpt>
      <trkpt lat="42.880958" lon="-8.558501">
        <ele>189.111</ele>
        <time>2025-03-04T11:15:19.997Z</time>
      </trkpt>
      <trkpt lat="42.880939" lon="-8.558558">
        <ele>189.409</ele>
        <time>2025-03-04T11:15:23.997Z</time>
      </trkpt>
      <trkpt lat="42.880924" lon="-8.558617">
        <ele>189.774</ele>
        <time>2025-03-04T11:15:27.997Z</time>
      </trkpt>
      <trkpt lat="42.880901" lon="-8.558677">
        <ele>189.752</ele>
        <time>2025-03-04T11:15:33.997Z</time>
      </trkpt>
      <trkpt lat="42.880888" lon="-8.558742">
        <ele>189.755</ele>
        <time>2025-03-04T11:15:38.997Z</time>
      </trkpt>
      <trkpt lat="42.880879" lon="-8.558804">
        <ele>189.619</ele>
        <time>2025-03-04T11:15:42.997Z</time>
      </trkpt>
      <trkpt lat="42.880872" lon="-8.558876">
        <ele>189.694</ele>
        <time>2025-03-04T11:15:47.997Z</time>
      </trkpt>
      <trkpt lat="42.880850" lon="-8.558935">
        <ele>189.616</ele>
        <time>2025-03-04T11:15:51.997Z</time>
      </trkpt>
      <trkpt lat="42.880800" lon="-8.558978">
        <ele>189.624</ele>
        <time>2025-03-04T11:15:56.997Z</time>
      </trkpt>
      <trkpt lat="42.880751" lon="-8.559009">
        <ele>189.486</ele>
        <time>2025-03-04T11:16:00.997Z</time>
      </trkpt>
      <trkpt lat="42.880707" lon="-8.559054">
        <ele>189.635</ele>
        <time>2025-03-04T11:16:06.997Z</time>
      </trkpt>
      <trkpt lat="42.880665" lon="-8.559085">
        <ele>189.239</ele>
        <time>2025-03-04T11:16:10.997Z</time>
      </trkpt>
      <trkpt lat="42.880618" lon="-8.559128">
        <ele>188.101</ele>
        <time>2025-03-04T11:16:16.997Z</time>
      </trkpt>
      <trkpt lat="42.880575" lon="-8.559173">
        <ele>188.221</ele>
        <time>2025-03-04T11:16:22.997Z</time>
      </trkpt>
      <trkpt lat="42.880529" lon="-8.559184">
        <ele>188.009</ele>
        <time>2025-03-04T11:16:29.997Z</time>
      </trkpt>
      <trkpt lat="42.880487" lon="-8.559210">
        <ele>187.815</ele>
        <time>2025-03-04T11:16:33.997Z</time>
      </trkpt>
      <trkpt lat="42.880445" lon="-8.559246">
        <ele>187.653</ele>
        <time>2025-03-04T11:16:39.997Z</time>
      </trkpt>
      <trkpt lat="42.880403" lon="-8.559222">
        <ele>187.566</ele>
        <time>2025-03-04T11:16:42.997Z</time>
      </trkpt>
      <trkpt lat="42.880358" lon="-8.559237">
        <ele>187.320</ele>
        <time>2025-03-04T11:16:45.997Z</time>
      </trkpt>
      <trkpt lat="42.880334" lon="-8.559290">
        <ele>187.195</ele>
        <time>2025-03-04T11:16:50.997Z</time>
      </trkpt>
      <trkpt lat="42.880309" lon="-8.559350">
        <ele>187.077</ele>
        <time>2025-03-04T11:16:54.997Z</time>
      </trkpt>
      <trkpt lat="42.880255" lon="-8.559389">
        <ele>186.865</ele>
        <time>2025-03-04T11:16:59.997Z</time>
      </trkpt>
      <trkpt lat="42.880220" lon="-8.559430">
        <ele>186.767</ele>
        <time>2025-03-04T11:17:03.997Z</time>
      </trkpt>
      <trkpt lat="42.880166" lon="-8.559404">
        <ele>186.686</ele>
        <time>2025-03-04T11:17:10.997Z</time>
      </trkpt>
      <trkpt lat="42.880113" lon="-8.559390">
        <ele>186.657</ele>
        <time>2025-03-04T11:17:15.997Z</time>
      </trkpt>
      <trkpt lat="42.880069" lon="-8.559420">
        <ele>186.500</ele>
        <time>2025-03-04T11:17:19.997Z</time>
      </trkpt>
      <trkpt lat="42.880025" lon="-8.559456">
        <ele>186.220</ele>
        <time>2025-03-04T11:17:23.997Z</time>
      </trkpt>
      <trkpt lat="42.879985" lon="-8.559492">
        <ele>185.709</ele>
        <time>2025-03-04T11:17:27.997Z</time>
      </trkpt>
      <trkpt lat="42.879939" lon="-8.559518">
        <ele>185.387</ele>
        <time>2025-03-04T11:17:31.997Z</time>
      </trkpt>
      <trkpt lat="42.879888" lon="-8.559549">
        <ele>185.015</ele>
        <time>2025-03-04T11:17:35.997Z</time>
      </trkpt>
      <trkpt lat="42.879845" lon="-8.559589">
        <ele>184.848</ele>
        <time>2025-03-04T11:17:39.997Z</time>
      </trkpt>
      <trkpt lat="42.879790" lon="-8.559598">
        <ele>184.572</ele>
        <time>2025-03-04T11:17:43.997Z</time>
      </trkpt>
      <trkpt lat="42.879734" lon="-8.559615">
        <ele>184.187</ele>
        <time>2025-03-04T11:17:48.997Z</time>
      </trkpt>
      <trkpt lat="42.879713" lon="-8.559672">
        <ele>183.949</ele>
        <time>2025-03-04T11:17:53.997Z</time>
      </trkpt>
      <trkpt lat="42.879693" lon="-8.559734">
        <ele>183.797</ele>
        <time>2025-03-04T11:17:58.997Z</time>
      </trkpt>
      <trkpt lat="42.879653" lon="-8.559789">
        <ele>183.329</ele>
        <time>2025-03-04T11:18:03.997Z</time>
      </trkpt>
      <trkpt lat="42.879632" lon="-8.559849">
        <ele>183.068</ele>
        <time>2025-03-04T11:18:06.997Z</time>
      </trkpt>
      <trkpt lat="42.879589" lon="-8.559894">
        <ele>182.954</ele>
        <time>2025-03-04T11:18:11.997Z</time>
      </trkpt>
      <trkpt lat="42.879554" lon="-8.559938">
        <ele>182.856</ele>
        <time>2025-03-04T11:18:15.997Z</time>
      </trkpt>
      <trkpt lat="42.879506" lon="-8.559969">
        <ele>182.711</ele>
        <time>2025-03-04T11:18:19.997Z</time>
      </trkpt>
      <trkpt lat="42.879466" lon="-8.560014">
        <ele>182.609</ele>
        <time>2025-03-04T11:18:23.997Z</time>
      </trkpt>
      <trkpt lat="42.879472" lon="-8.560078">
        <ele>182.617</ele>
        <time>2025-03-04T11:18:27.997Z</time>
      </trkpt>
      <trkpt lat="42.879462" lon="-8.560147">
        <ele>182.635</ele>
        <time>2025-03-04T11:18:34.997Z</time>
      </trkpt>
      <trkpt lat="42.879429" lon="-8.560197">
        <ele>182.738</ele>
        <time>2025-03-04T11:18:40.997Z</time>
      </trkpt>
      <trkpt lat="42.879401" lon="-8.560257">
        <ele>182.892</ele>
        <time>2025-03-04T11:18:45.997Z</time>
      </trkpt>
      <trkpt lat="42.879368" lon="-8.560325">
        <ele>182.987</ele>
        <time>2025-03-04T11:18:50.997Z</time>
      </trkpt>
      <trkpt lat="42.879332" lon="-8.560377">
        <ele>183.229</ele>
        <time>2025-03-04T11:18:56.997Z</time>
      </trkpt>
      <trkpt lat="42.879288" lon="-8.560392">
        <ele>183.657</ele>
        <time>2025-03-04T11:19:00.997Z</time>
      </trkpt>
      <trkpt lat="42.879240" lon="-8.560422">
        <ele>183.789</ele>
        <time>2025-03-04T11:19:05.997Z</time>
      </trkpt>
      <trkpt lat="42.879193" lon="-8.560441">
        <ele>183.748</ele>
        <time>2025-03-04T11:19:17.997Z</time>
      </trkpt>
      <trkpt lat="42.879141" lon="-8.560424">
        <ele>183.792</ele>
        <time>2025-03-04T11:19:22.997Z</time>
      </trkpt>
      <trkpt lat="42.879095" lon="-8.560434">
        <ele>183.773</ele>
        <time>2025-03-04T11:20:07.997Z</time>
      </trkpt>
      <trkpt lat="42.879052" lon="-8.560412">
        <ele>183.720</ele>
        <time>2025-03-04T11:20:11.997Z</time>
      </trkpt>
      <trkpt lat="42.879002" lon="-8.560390">
        <ele>183.709</ele>
        <time>2025-03-04T11:20:17.997Z</time>
      </trkpt>
      <trkpt lat="42.878953" lon="-8.560364">
        <ele>183.891</ele>
        <time>2025-03-04T11:20:23.997Z</time>
      </trkpt>
      <trkpt lat="42.878928" lon="-8.560310">
        <ele>183.999</ele>
        <time>2025-03-04T11:20:34.997Z</time>
      </trkpt>
      <trkpt lat="42.878940" lon="-8.560373">
        <ele>184.512</ele>
        <time>2025-03-04T11:20:42.997Z</time>
      </trkpt>
      <trkpt lat="42.878978" lon="-8.560407">
        <ele>185.426</ele>
        <time>2025-03-04T11:21:03.997Z</time>
      </trkpt>
      <trkpt lat="42.879020" lon="-8.560442">
        <ele>185.871</ele>
        <time>2025-03-04T11:21:27.997Z</time>
      </trkpt>
      <trkpt lat="42.879068" lon="-8.560465">
        <ele>185.853</ele>
        <time>2025-03-04T11:21:33.997Z</time>
      </trkpt>
      <trkpt lat="42.879112" lon="-8.560486">
        <ele>185.891</ele>
        <time>2025-03-04T11:21:37.997Z</time>
      </trkpt>
      <trkpt lat="42.879140" lon="-8.560542">
        <ele>185.633</ele>
        <time>2025-03-04T11:21:44.997Z</time>
      </trkpt>
      <trkpt lat="42.879112" lon="-8.560617">
        <ele>185.252</ele>
        <time>2025-03-04T11:21:49.997Z</time>
      </trkpt>
      <trkpt lat="42.879092" lon="-8.560674">
        <ele>184.763</ele>
        <time>2025-03-04T11:21:53.997Z</time>
      </trkpt>
      <trkpt lat="42.879073" lon="-8.560740">
        <ele>184.044</ele>
        <time>2025-03-04T11:21:57.997Z</time>
      </trkpt>
      <trkpt lat="42.879065" lon="-8.560811">
        <ele>183.418</ele>
        <time>2025-03-04T11:22:01.997Z</time>
      </trkpt>
      <trkpt lat="42.879069" lon="-8.560890">
        <ele>182.909</ele>
        <time>2025-03-04T11:22:06.997Z</time>
      </trkpt>
      <trkpt lat="42.879084" lon="-8.560950">
        <ele>182.848</ele>
        <time>2025-03-04T11:22:12.997Z</time>
      </trkpt>
      <trkpt lat="42.879075" lon="-8.561010">
        <ele>182.636</ele>
        <time>2025-03-04T11:22:15.997Z</time>
      </trkpt>
      <trkpt lat="42.879061" lon="-8.561077">
        <ele>182.439</ele>
        <time>2025-03-04T11:22:20.997Z</time>
      </trkpt>
      <trkpt lat="42.879042" lon="-8.561133">
        <ele>182.323</ele>
        <time>2025-03-04T11:22:24.997Z</time>
      </trkpt>
      <trkpt lat="42.879016" lon="-8.561200">
        <ele>182.248</ele>
        <time>2025-03-04T11:22:29.997Z</time>
      </trkpt>
      <trkpt lat="42.879002" lon="-8.561264">
        <ele>182.120</ele>
        <time>2025-03-04T11:22:34.997Z</time>
      </trkpt>
      <trkpt lat="42.878990" lon="-8.561325">
        <ele>181.918</ele>
        <time>2025-03-04T11:22:49.997Z</time>
      </trkpt>
      <trkpt lat="42.878986" lon="-8.561395">
        <ele>181.710</ele>
        <time>2025-03-04T11:22:54.997Z</time>
      </trkpt>
      <trkpt lat="42.878998" lon="-8.561464">
        <ele>181.749</ele>
        <time>2025-03-04T11:22:59.997Z</time>
      </trkpt>
      <trkpt lat="42.879013" lon="-8.561538">
        <ele>181.798</ele>
        <time>2025-03-04T11:23:04.997Z</time>
      </trkpt>
      <trkpt lat="42.879029" lon="-8.561596">
        <ele>181.715</ele>
        <time>2025-03-04T11:23:08.997Z</time>
      </trkpt>
      <trkpt lat="42.879050" lon="-8.561658">
        <ele>181.926</ele>
        <time>2025-03-04T11:23:15.997Z</time>
      </trkpt>
      <trkpt lat="42.879062" lon="-8.561725">
        <ele>182.009</ele>
        <time>2025-03-04T11:23:20.997Z</time>
      </trkpt>
      <trkpt lat="42.879051" lon="-8.561798">
        <ele>182.161</ele>
        <time>2025-03-04T11:23:25.997Z</time>
      </trkpt>
      <trkpt lat="42.879036" lon="-8.561869">
        <ele>182.249</ele>
        <time>2025-03-04T11:23:31.997Z</time>
      </trkpt>
      <trkpt lat="42.879046" lon="-8.561945">
        <ele>182.282</ele>
        <time>2025-03-04T11:23:36.997Z</time>
      </trkpt>
      <trkpt lat="42.879031" lon="-8.562012">
        <ele>182.346</ele>
        <time>2025-03-04T11:23:40.997Z</time>
      </trkpt>
      <trkpt lat="42.879027" lon="-8.562074">
        <ele>182.531</ele>
        <time>2025-03-04T11:23:43.997Z</time>
      </trkpt>
      <trkpt lat="42.879043" lon="-8.562139">
        <ele>182.713</ele>
        <time>2025-03-04T11:23:48.997Z</time>
      </trkpt>
      <trkpt lat="42.879060" lon="-8.562199">
        <ele>182.911</ele>
        <time>2025-03-04T11:23:53.997Z</time>
      </trkpt>
      <trkpt lat="42.879061" lon="-8.562268">
        <ele>183.183</ele>
        <time>2025-03-04T11:23:59.997Z</time>
      </trkpt>
      <trkpt lat="42.879076" lon="-8.562327">
        <ele>183.442</ele>
        <time>2025-03-04T11:24:04.997Z</time>
      </trkpt>
      <trkpt lat="42.879093" lon="-8.562385">
        <ele>183.858</ele>
        <time>2025-03-04T11:24:09.997Z</time>
      </trkpt>
      <trkpt lat="42.879098" lon="-8.562449">
        <ele>184.352</ele>
        <time>2025-03-04T11:24:14.997Z</time>
      </trkpt>
      <trkpt lat="42.879119" lon="-8.562509">
        <ele>184.817</ele>
        <time>2025-03-04T11:24:18.997Z</time>
      </trkpt>
      <trkpt lat="42.879153" lon="-8.562565">
        <ele>184.809</ele>
        <time>2025-03-04T11:24:23.997Z</time>
      </trkpt>
      <trkpt lat="42.879194" lon="-8.562612">
        <ele>184.867</ele>
        <time>2025-03-04T11:24:28.997Z</time>
      </trkpt>
      <trkpt lat="42.879198" lon="-8.562682">
        <ele>184.875</ele>
        <time>2025-03-04T11:24:32.997Z</time>
      </trkpt>
      <trkpt lat="42.879199" lon="-8.562751">
        <ele>184.518</ele>
        <time>2025-03-04T11:24:37.997Z</time>
      </trkpt>
      <trkpt lat="42.879198" lon="-8.562825">
        <ele>184.262</ele>
        <time>2025-03-04T11:24:42.997Z</time>
      </trkpt>
      <trkpt lat="42.879193" lon="-8.562887">
        <ele>183.917</ele>
        <time>2025-03-04T11:24:46.997Z</time>
      </trkpt>
      <trkpt lat="42.879188" lon="-8.562949">
        <ele>183.559</ele>
        <time>2025-03-04T11:24:50.997Z</time>
      </trkpt>
      <trkpt lat="42.879179" lon="-8.563024">
        <ele>183.127</ele>
        <time>2025-03-04T11:24:54.997Z</time>
      </trkpt>
      <trkpt lat="42.879181" lon="-8.563089">
        <ele>182.669</ele>
        <time>2025-03-04T11:24:58.997Z</time>
      </trkpt>
      <trkpt lat="42.879169" lon="-8.563152">
        <ele>182.288</ele>
        <time>2025-03-04T11:25:03.997Z</time>
      </trkpt>
      <trkpt lat="42.879192" lon="-8.563209">
        <ele>182.166</ele>
        <time>2025-03-04T11:25:07.997Z</time>
      </trkpt>
      <trkpt lat="42.879211" lon="-8.563281">
        <ele>182.129</ele>
        <time>2025-03-04T11:25:13.997Z</time>
      </trkpt>
      <trkpt lat="42.879210" lon="-8.563345">
        <ele>182.121</ele>
        <time>2025-03-04T11:25:18.997Z</time>
      </trkpt>
      <trkpt lat="42.879199" lon="-8.563405">
        <ele>182.509</ele>
        <time>2025-03-04T11:25:23.997Z</time>
      </trkpt>
      <trkpt lat="42.879187" lon="-8.563473">
        <ele>183.368</ele>
        <time>2025-03-04T11:25:28.997Z</time>
      </trkpt>
      <trkpt lat="42.879166" lon="-8.563532">
        <ele>184.396</ele>
        <time>2025-03-04T11:25:38.997Z</time>
      </trkpt>
      <trkpt lat="42.879151" lon="-8.563595">
        <ele>185.289</ele>
        <time>2025-03-04T11:25:43.997Z</time>
      </trkpt>
      <trkpt lat="42.879121" lon="-8.563654">
        <ele>185.953</ele>
        <time>2025-03-04T11:25:48.997Z</time>
      </trkpt>
      <trkpt lat="42.879086" lon="-8.563696">
        <ele>186.348</ele>
        <time>2025-03-04T11:25:52.997Z</time>
      </trkpt>
      <trkpt lat="42.879046" lon="-8.563744">
        <ele>186.550</ele>
        <time>2025-03-04T11:25:56.997Z</time>
      </trkpt>
      <trkpt lat="42.879014" lon="-8.563796">
        <ele>186.898</ele>
        <time>2025-03-04T11:26:01.997Z</time>
      </trkpt>
      <trkpt lat="42.878967" lon="-8.563833">
        <ele>187.160</ele>
        <time>2025-03-04T11:26:06.997Z</time>
      </trkpt>
      <trkpt lat="42.878932" lon="-8.563875">
        <ele>187.469</ele>
        <time>2025-03-04T11:26:11.997Z</time>
      </trkpt>
      <trkpt lat="42.878892" lon="-8.563917">
        <ele>187.712</ele>
        <time>2025-03-04T11:26:16.997Z</time>
      </trkpt>
      <trkpt lat="42.878847" lon="-8.563963">
        <ele>188.132</ele>
        <time>2025-03-04T11:26:21.997Z</time>
      </trkpt>
      <trkpt lat="42.878826" lon="-8.564029">
        <ele>188.605</ele>
        <time>2025-03-04T11:26:28.997Z</time>
      </trkpt>
      <trkpt lat="42.878816" lon="-8.564090">
        <ele>189.209</ele>
        <time>2025-03-04T11:26:33.997Z</time>
      </trkpt>
      <trkpt lat="42.878797" lon="-8.564147">
        <ele>190.373</ele>
        <time>2025-03-04T11:26:36.997Z</time>
      </trkpt>
      <trkpt lat="42.878786" lon="-8.564219">
        <ele>191.441</ele>
        <time>2025-03-04T11:26:41.997Z</time>
      </trkpt>
      <trkpt lat="42.878787" lon="-8.564283">
        <ele>191.994</ele>
        <time>2025-03-04T11:26:45.997Z</time>
      </trkpt>
      <trkpt lat="42.878790" lon="-8.564349">
        <ele>192.388</ele>
        <time>2025-03-04T11:26:52.997Z</time>
      </trkpt>
      <trkpt lat="42.878792" lon="-8.564418">
        <ele>192.873</ele>
        <time>2025-03-04T11:26:57.997Z</time>
      </trkpt>
      <trkpt lat="42.878789" lon="-8.564493">
        <ele>193.295</ele>
        <time>2025-03-04T11:27:03.997Z</time>
      </trkpt>
      <trkpt lat="42.878795" lon="-8.564560">
        <ele>193.693</ele>
        <time>2025-03-04T11:27:08.997Z</time>
      </trkpt>
      <trkpt lat="42.878817" lon="-8.564503">
        <ele>194.045</ele>
        <time>2025-03-04T11:29:11.997Z</time>
      </trkpt>
      <trkpt lat="42.878825" lon="-8.564584">
        <ele>194.594</ele>
        <time>2025-03-04T11:29:27.997Z</time>
      </trkpt>
      <trkpt lat="42.878779" lon="-8.564569">
        <ele>195.098</ele>
        <time>2025-03-04T11:31:24.997Z</time>
      </trkpt>
      <trkpt lat="42.878811" lon="-8.564525">
        <ele>195.315</ele>
        <time>2025-03-04T11:31:52.997Z</time>
      </trkpt>
      <trkpt lat="42.878824" lon="-8.564588">
        <ele>195.426</ele>
        <time>2025-03-04T11:31:58.997Z</time>
      </trkpt>
      <trkpt lat="42.878824" lon="-8.564661">
        <ele>195.509</ele>
        <time>2025-03-04T11:32:02.997Z</time>
      </trkpt>
      <trkpt lat="42.878836" lon="-8.564725">
        <ele>195.541</ele>
        <time>2025-03-04T11:32:06.997Z</time>
      </trkpt>
      <trkpt lat="42.878845" lon="-8.564789">
        <ele>195.539</ele>
        <time>2025-03-04T11:32:10.997Z</time>
      </trkpt>
      <trkpt lat="42.878857" lon="-8.564855">
        <ele>195.852</ele>
        <time>2025-03-04T11:32:14.997Z</time>
      </trkpt>
      <trkpt lat="42.878871" lon="-8.564919">
        <ele>196.356</ele>
        <time>2025-03-04T11:32:19.997Z</time>
      </trkpt>
      <trkpt lat="42.878905" lon="-8.564973">
        <ele>196.871</ele>
        <time>2025-03-04T11:32:24.997Z</time>
      </trkpt>
      <trkpt lat="42.878948" lon="-8.565004">
        <ele>197.493</ele>
        <time>2025-03-04T11:32:29.997Z</time>
      </trkpt>
      <trkpt lat="42.878973" lon="-8.565069">
        <ele>198.121</ele>
        <time>2025-03-04T11:32:34.997Z</time>
      </trkpt>
      <trkpt lat="42.878992" lon="-8.565132">
        <ele>199.083</ele>
        <time>2025-03-04T11:32:39.997Z</time>
      </trkpt>
      <trkpt lat="42.879001" lon="-8.565195">
        <ele>199.862</ele>
        <time>2025-03-04T11:32:43.997Z</time>
      </trkpt>
      <trkpt lat="42.878999" lon="-8.565259">
        <ele>200.675</ele>
        <time>2025-03-04T11:32:48.997Z</time>
      </trkpt>
      <trkpt lat="42.879005" lon="-8.565324">
        <ele>201.228</ele>
        <time>2025-03-04T11:32:54.997Z</time>
      </trkpt>
      <trkpt lat="42.878998" lon="-8.565386">
        <ele>201.420</ele>
        <time>2025-03-04T11:32:58.997Z</time>
      </trkpt>
      <trkpt lat="42.878993" lon="-8.565455">
        <ele>201.509</ele>
        <time>2025-03-04T11:33:02.997Z</time>
      </trkpt>
      <trkpt lat="42.878981" lon="-8.565539">
        <ele>201.579</ele>
        <time>2025-03-04T11:33:07.997Z</time>
      </trkpt>
      <trkpt lat="42.878978" lon="-8.565600">
        <ele>201.517</ele>
        <time>2025-03-04T11:33:11.997Z</time>
      </trkpt>
      <trkpt lat="42.878976" lon="-8.565671">
        <ele>201.580</ele>
        <time>2025-03-04T11:33:16.997Z</time>
      </trkpt>
      <trkpt lat="42.878971" lon="-8.565738">
        <ele>201.554</ele>
        <time>2025-03-04T11:33:20.997Z</time>
      </trkpt>
      <trkpt lat="42.878961" lon="-8.565807">
        <ele>201.599</ele>
        <time>2025-03-04T11:33:25.997Z</time>
      </trkpt>
      <trkpt lat="42.878963" lon="-8.565884">
        <ele>201.581</ele>
        <time>2025-03-04T11:33:30.997Z</time>
      </trkpt>
      <trkpt lat="42.878964" lon="-8.565950">
        <ele>201.639</ele>
        <time>2025-03-04T11:33:35.997Z</time>
      </trkpt>
      <trkpt lat="42.878979" lon="-8.566020">
        <ele>201.951</ele>
        <time>2025-03-04T11:33:39.997Z</time>
      </trkpt>
      <trkpt lat="42.879000" lon="-8.566079">
        <ele>202.430</ele>
        <time>2025-03-04T11:33:43.997Z</time>
      </trkpt>
      <trkpt lat="42.879021" lon="-8.566134">
        <ele>202.969</ele>
        <time>2025-03-04T11:33:47.997Z</time>
      </trkpt>
      <trkpt lat="42.879038" lon="-8.566203">
        <ele>203.404</ele>
        <time>2025-03-04T11:33:52.997Z</time>
      </trkpt>
      <trkpt lat="42.879043" lon="-8.566267">
        <ele>203.924</ele>
        <time>2025-03-04T11:33:57.997Z</time>
      </trkpt>
      <trkpt lat="42.879040" lon="-8.566331">
        <ele>204.509</ele>
        <time>2025-03-04T11:34:02.997Z</time>
      </trkpt>
      <trkpt lat="42.879038" lon="-8.566404">
        <ele>205.288</ele>
        <time>2025-03-04T11:34:08.997Z</time>
      </trkpt>
      <trkpt lat="42.879045" lon="-8.566469">
        <ele>206.126</ele>
        <time>2025-03-04T11:34:13.997Z</time>
      </trkpt>
      <trkpt lat="42.879058" lon="-8.566535">
        <ele>207.289</ele>
        <time>2025-03-04T11:34:18.997Z</time>
      </trkpt>
      <trkpt lat="42.879067" lon="-8.566598">
        <ele>208.113</ele>
        <time>2025-03-04T11:34:23.997Z</time>
      </trkpt>
      <trkpt lat="42.879078" lon="-8.566659">
        <ele>209.018</ele>
        <time>2025-03-04T11:34:28.997Z</time>
      </trkpt>
      <trkpt lat="42.879080" lon="-8.566734">
        <ele>210.110</ele>
        <time>2025-03-04T11:34:34.997Z</time>
      </trkpt>
      <trkpt lat="42.879106" lon="-8.566792">
        <ele>211.078</ele>
        <time>2025-03-04T11:34:40.997Z</time>
      </trkpt>
      <trkpt lat="42.879138" lon="-8.566851">
        <ele>211.760</ele>
        <time>2025-03-04T11:34:46.997Z</time>
      </trkpt>
      <trkpt lat="42.879164" lon="-8.566910">
        <ele>212.549</ele>
        <time>2025-03-04T11:34:51.997Z</time>
      </trkpt>
      <trkpt lat="42.879192" lon="-8.566965">
        <ele>213.351</ele>
        <time>2025-03-04T11:34:56.997Z</time>
      </trkpt>
      <trkpt lat="42.879236" lon="-8.567004">
        <ele>214.001</ele>
        <time>2025-03-04T11:35:02.997Z</time>
      </trkpt>
      <trkpt lat="42.879267" lon="-8.567061">
        <ele>214.811</ele>
        <time>2025-03-04T11:35:08.997Z</time>
      </trkpt>
      <trkpt lat="42.879302" lon="-8.567118">
        <ele>215.609</ele>
        <time>2025-03-04T11:35:14.997Z</time>
      </trkpt>
      <trkpt lat="42.879325" lon="-8.567175">
        <ele>216.537</ele>
        <time>2025-03-04T11:35:19.997Z</time>
      </trkpt>
      <trkpt lat="42.879343" lon="-8.567242">
        <ele>217.515</ele>
        <time>2025-03-04T11:35:25.997Z</time>
      </trkpt>
      <trkpt lat="42.879365" lon="-8.567297">
        <ele>218.368</ele>
        <time>2025-03-04T11:35:32.997Z</time>
      </trkpt>
      <trkpt lat="42.879390" lon="-8.567363">
        <ele>219.072</ele>
        <time>2025-03-04T11:35:37.997Z</time>
      </trkpt>
      <trkpt lat="42.879410" lon="-8.567429">
        <ele>219.877</ele>
        <time>2025-03-04T11:35:42.997Z</time>
      </trkpt>
      <trkpt lat="42.879435" lon="-8.567492">
        <ele>220.549</ele>
        <time>2025-03-04T11:35:47.997Z</time>
      </trkpt>
      <trkpt lat="42.879454" lon="-8.567553">
        <ele>221.227</ele>
        <time>2025-03-04T11:35:52.997Z</time>
      </trkpt>
      <trkpt lat="42.879468" lon="-8.567619">
        <ele>221.949</ele>
        <time>2025-03-04T11:35:57.997Z</time>
      </trkpt>
      <trkpt lat="42.879478" lon="-8.567682">
        <ele>222.668</ele>
        <time>2025-03-04T11:36:02.997Z</time>
      </trkpt>
      <trkpt lat="42.879481" lon="-8.567754">
        <ele>223.497</ele>
        <time>2025-03-04T11:36:07.997Z</time>
      </trkpt>
      <trkpt lat="42.879469" lon="-8.567829">
        <ele>224.123</ele>
        <time>2025-03-04T11:36:12.997Z</time>
      </trkpt>
      <trkpt lat="42.879447" lon="-8.567890">
        <ele>224.825</ele>
        <time>2025-03-04T11:36:17.997Z</time>
      </trkpt>
      <trkpt lat="42.879425" lon="-8.567945">
        <ele>225.609</ele>
        <time>2025-03-04T11:36:22.997Z</time>
      </trkpt>
      <trkpt lat="42.879401" lon="-8.568006">
        <ele>226.381</ele>
        <time>2025-03-04T11:36:27.997Z</time>
      </trkpt>
      <trkpt lat="42.879375" lon="-8.568066">
        <ele>226.879</ele>
        <time>2025-03-04T11:36:32.997Z</time>
      </trkpt>
      <trkpt lat="42.879356" lon="-8.568129">
        <ele>227.432</ele>
        <time>2025-03-04T11:36:37.997Z</time>
      </trkpt>
      <trkpt lat="42.879328" lon="-8.568184">
        <ele>228.086</ele>
        <time>2025-03-04T11:36:41.997Z</time>
      </trkpt>
      <trkpt lat="42.879297" lon="-8.568238">
        <ele>228.551</ele>
        <time>2025-03-04T11:36:47.997Z</time>
      </trkpt>
      <trkpt lat="42.879274" lon="-8.568298">
        <ele>228.723</ele>
        <time>2025-03-04T11:36:52.997Z</time>
      </trkpt>
      <trkpt lat="42.879246" lon="-8.568364">
        <ele>228.991</ele>
        <time>2025-03-04T11:36:58.997Z</time>
      </trkpt>
      <trkpt lat="42.879223" lon="-8.568432">
        <ele>229.263</ele>
        <time>2025-03-04T11:37:04.997Z</time>
      </trkpt>
      <trkpt lat="42.879194" lon="-8.568491">
        <ele>229.582</ele>
        <time>2025-03-04T11:37:10.997Z</time>
      </trkpt>
      <trkpt lat="42.879170" lon="-8.568545">
        <ele>229.836</ele>
        <time>2025-03-04T11:37:43.997Z</time>
      </trkpt>
      <trkpt lat="42.879124" lon="-8.568559">
        <ele>230.017</ele>
        <time>2025-03-04T11:38:00.997Z</time>
      </trkpt>
      <trkpt lat="42.879073" lon="-8.568552">
        <ele>230.018</ele>
        <time>2025-03-04T11:38:04.997Z</time>
      </trkpt>
      <trkpt lat="42.879009" lon="-8.568513">
        <ele>230.009</ele>
        <time>2025-03-04T11:38:10.997Z</time>
      </trkpt>
      <trkpt lat="42.878961" lon="-8.568495">
        <ele>230.085</ele>
        <time>2025-03-04T11:38:18.997Z</time>
      </trkpt>
      <trkpt lat="42.878916" lon="-8.568457">
        <ele>229.413</ele>
        <time>2025-03-04T11:38:24.997Z</time>
      </trkpt>
      <trkpt lat="42.878874" lon="-8.568436">
        <ele>229.246</ele>
        <time>2025-03-04T11:38:29.997Z</time>
      </trkpt>
      <trkpt lat="42.878832" lon="-8.568412">
        <ele>228.940</ele>
        <time>2025-03-04T11:38:34.997Z</time>
      </trkpt>
      <trkpt lat="42.878790" lon="-8.568377">
        <ele>228.755</ele>
        <time>2025-03-04T11:38:40.997Z</time>
      </trkpt>
      <trkpt lat="42.878749" lon="-8.568343">
        <ele>228.577</ele>
        <time>2025-03-04T11:38:45.997Z</time>
      </trkpt>
      <trkpt lat="42.878711" lon="-8.568307">
        <ele>228.355</ele>
        <time>2025-03-04T11:38:50.997Z</time>
      </trkpt>
      <trkpt lat="42.878672" lon="-8.568264">
        <ele>228.147</ele>
        <time>2025-03-04T11:38:55.997Z</time>
      </trkpt>
      <trkpt lat="42.878636" lon="-8.568213">
        <ele>228.176</ele>
        <time>2025-03-04T11:39:01.997Z</time>
      </trkpt>
      <trkpt lat="42.878603" lon="-8.568164">
        <ele>228.115</ele>
        <time>2025-03-04T11:39:05.997Z</time>
      </trkpt>
      <trkpt lat="42.878567" lon="-8.568120">
        <ele>228.165</ele>
        <time>2025-03-04T11:39:10.997Z</time>
      </trkpt>
      <trkpt lat="42.878534" lon="-8.568068">
        <ele>228.011</ele>
        <time>2025-03-04T11:39:15.997Z</time>
      </trkpt>
      <trkpt lat="42.878504" lon="-8.568014">
        <ele>227.709</ele>
        <time>2025-03-04T11:39:20.997Z</time>
      </trkpt>
      <trkpt lat="42.878463" lon="-8.567970">
        <ele>227.393</ele>
        <time>2025-03-04T11:39:25.997Z</time>
      </trkpt>
      <trkpt lat="42.878429" lon="-8.567921">
        <ele>227.151</ele>
        <time>2025-03-04T11:39:30.997Z</time>
      </trkpt>
      <trkpt lat="42.878387" lon="-8.567897">
        <ele>226.894</ele>
        <time>2025-03-04T11:39:34.997Z</time>
      </trkpt>
      <trkpt lat="42.878360" lon="-8.567844">
        <ele>226.688</ele>
        <time>2025-03-04T11:39:39.997Z</time>
      </trkpt>
      <trkpt lat="42.878321" lon="-8.567799">
        <ele>226.443</ele>
        <time>2025-03-04T11:39:44.997Z</time>
      </trkpt>
      <trkpt lat="42.878288" lon="-8.567749">
        <ele>226.115</ele>
        <time>2025-03-04T11:39:49.997Z</time>
      </trkpt>
      <trkpt lat="42.878249" lon="-8.567718">
        <ele>225.733</ele>
        <time>2025-03-04T11:39:53.997Z</time>
      </trkpt>
      <trkpt lat="42.878210" lon="-8.567665">
        <ele>225.375</ele>
        <time>2025-03-04T11:39:59.997Z</time>
      </trkpt>
      <trkpt lat="42.878173" lon="-8.567619">
        <ele>225.074</ele>
        <time>2025-03-04T11:40:04.997Z</time>
      </trkpt>
      <trkpt lat="42.878133" lon="-8.567579">
        <ele>224.859</ele>
        <time>2025-03-04T11:40:09.997Z</time>
      </trkpt>
      <trkpt lat="42.878089" lon="-8.567544">
        <ele>224.603</ele>
        <time>2025-03-04T11:40:14.997Z</time>
      </trkpt>
      <trkpt lat="42.878044" lon="-8.567512">
        <ele>224.223</ele>
        <time>2025-03-04T11:40:19.997Z</time>
      </trkpt>
      <trkpt lat="42.877998" lon="-8.567478">
        <ele>223.809</ele>
        <time>2025-03-04T11:40:24.997Z</time>
      </trkpt>
      <trkpt lat="42.877959" lon="-8.567446">
        <ele>223.447</ele>
        <time>2025-03-04T11:40:29.997Z</time>
      </trkpt>
      <trkpt lat="42.877912" lon="-8.567407">
        <ele>222.725</ele>
        <time>2025-03-04T11:40:34.997Z</time>
      </trkpt>
      <trkpt lat="42.877861" lon="-8.567382">
        <ele>222.188</ele>
        <time>2025-03-04T11:40:39.997Z</time>
      </trkpt>
      <trkpt lat="42.877812" lon="-8.567367">
        <ele>221.432</ele>
        <time>2025-03-04T11:40:43.997Z</time>
      </trkpt>
      <trkpt lat="42.877766" lon="-8.567367">
        <ele>220.717</ele>
        <time>2025-03-04T11:40:47.997Z</time>
      </trkpt>
      <trkpt lat="42.877721" lon="-8.567385">
        <ele>220.249</ele>
        <time>2025-03-04T11:40:51.997Z</time>
      </trkpt>
      <trkpt lat="42.877670" lon="-8.567408">
        <ele>219.877</ele>
        <time>2025-03-04T11:40:56.997Z</time>
      </trkpt>
      <trkpt lat="42.877624" lon="-8.567432">
        <ele>219.499</ele>
        <time>2025-03-04T11:41:00.997Z</time>
      </trkpt>
      <trkpt lat="42.877577" lon="-8.567457">
        <ele>219.038</ele>
        <time>2025-03-04T11:41:04.997Z</time>
      </trkpt>
      <trkpt lat="42.877533" lon="-8.567486">
        <ele>218.798</ele>
        <time>2025-03-04T11:41:08.997Z</time>
      </trkpt>
      <trkpt lat="42.877491" lon="-8.567511">
        <ele>218.415</ele>
        <time>2025-03-04T11:41:13.997Z</time>
      </trkpt>
      <trkpt lat="42.877440" lon="-8.567521">
        <ele>218.226</ele>
        <time>2025-03-04T11:41:21.997Z</time>
      </trkpt>
      <trkpt lat="42.877398" lon="-8.567552">
        <ele>218.009</ele>
        <time>2025-03-04T11:41:28.997Z</time>
      </trkpt>
      <trkpt lat="42.877348" lon="-8.567572">
        <ele>217.811</ele>
        <time>2025-03-04T11:41:34.997Z</time>
      </trkpt>
      <trkpt lat="42.877298" lon="-8.567603">
        <ele>217.779</ele>
        <time>2025-03-04T11:41:40.997Z</time>
      </trkpt>
      <trkpt lat="42.877252" lon="-8.567618">
        <ele>217.632</ele>
        <time>2025-03-04T11:41:45.997Z</time>
      </trkpt>
      <trkpt lat="42.877207" lon="-8.567631">
        <ele>217.496</ele>
        <time>2025-03-04T11:41:50.997Z</time>
      </trkpt>
      <trkpt lat="42.877154" lon="-8.567652">
        <ele>217.181</ele>
        <time>2025-03-04T11:41:55.997Z</time>
      </trkpt>
      <trkpt lat="42.877110" lon="-8.567674">
        <ele>216.843</ele>
        <time>2025-03-04T11:41:58.997Z</time>
      </trkpt>
      <trkpt lat="42.877061" lon="-8.567690">
        <ele>216.451</ele>
        <time>2025-03-04T11:42:02.997Z</time>
      </trkpt>
      <trkpt lat="42.877018" lon="-8.567723">
        <ele>216.193</ele>
        <time>2025-03-04T11:42:07.997Z</time>
      </trkpt>
      <trkpt lat="42.876973" lon="-8.567733">
        <ele>215.812</ele>
        <time>2025-03-04T11:42:11.997Z</time>
      </trkpt>
      <trkpt lat="42.876922" lon="-8.567729">
        <ele>215.348</ele>
        <time>2025-03-04T11:42:16.997Z</time>
      </trkpt>
      <trkpt lat="42.876875" lon="-8.567715">
        <ele>214.761</ele>
        <time>2025-03-04T11:42:21.997Z</time>
      </trkpt>
      <trkpt lat="42.876845" lon="-8.567662">
        <ele>214.017</ele>
        <time>2025-03-04T11:42:27.997Z</time>
      </trkpt>
      <trkpt lat="42.876852" lon="-8.567597">
        <ele>213.109</ele>
        <time>2025-03-04T11:42:36.997Z</time>
      </trkpt>
      <trkpt lat="42.876868" lon="-8.567531">
        <ele>212.166</ele>
        <time>2025-03-04T11:42:49.997Z</time>
      </trkpt>
      <trkpt lat="42.876880" lon="-8.567472">
        <ele>211.494</ele>
        <time>2025-03-04T11:42:54.997Z</time>
      </trkpt>
      <trkpt lat="42.876897" lon="-8.567404">
        <ele>211.147</ele>
        <time>2025-03-04T11:43:00.997Z</time>
      </trkpt>
      <trkpt lat="42.876927" lon="-8.567344">
        <ele>210.891</ele>
        <time>2025-03-04T11:43:04.997Z</time>
      </trkpt>
      <trkpt lat="42.876935" lon="-8.567278">
        <ele>210.116</ele>
        <time>2025-03-04T11:43:08.997Z</time>
      </trkpt>
      <trkpt lat="42.876927" lon="-8.567214">
        <ele>209.358</ele>
        <time>2025-03-04T11:43:12.997Z</time>
      </trkpt>
      <trkpt lat="42.876902" lon="-8.567150">
        <ele>208.426</ele>
        <time>2025-03-04T11:43:17.997Z</time>
      </trkpt>
      <trkpt lat="42.876863" lon="-8.567108">
        <ele>207.338</ele>
        <time>2025-03-04T11:43:21.997Z</time>
      </trkpt>
      <trkpt lat="42.876824" lon="-8.567075">
        <ele>206.467</ele>
        <time>2025-03-04T11:43:25.997Z</time>
      </trkpt>
      <trkpt lat="42.876777" lon="-8.567045">
        <ele>205.694</ele>
        <time>2025-03-04T11:43:29.997Z</time>
      </trkpt>
      <trkpt lat="42.876731" lon="-8.567015">
        <ele>204.957</ele>
        <time>2025-03-04T11:43:33.997Z</time>
      </trkpt>
      <trkpt lat="42.876684" lon="-8.566977">
        <ele>204.222</ele>
        <time>2025-03-04T11:43:37.997Z</time>
      </trkpt>
      <trkpt lat="42.876640" lon="-8.566957">
        <ele>203.509</ele>
        <time>2025-03-04T11:43:41.997Z</time>
      </trkpt>
      <trkpt lat="42.876594" lon="-8.566929">
        <ele>203.191</ele>
        <time>2025-03-04T11:43:45.997Z</time>
      </trkpt>
      <trkpt lat="42.876550" lon="-8.566898">
        <ele>202.829</ele>
        <time>2025-03-04T11:43:49.997Z</time>
      </trkpt>
      <trkpt lat="42.876498" lon="-8.566866">
        <ele>202.452</ele>
        <time>2025-03-04T11:43:54.997Z</time>
      </trkpt>
      <trkpt lat="42.876456" lon="-8.566837">
        <ele>202.096</ele>
        <time>2025-03-04T11:43:58.997Z</time>
      </trkpt>
      <trkpt lat="42.876409" lon="-8.566811">
        <ele>201.791</ele>
        <time>2025-03-04T11:44:02.997Z</time>
      </trkpt>
      <trkpt lat="42.876355" lon="-8.566783">
        <ele>201.463</ele>
        <time>2025-03-04T11:44:07.997Z</time>
      </trkpt>
      <trkpt lat="42.876307" lon="-8.566758">
        <ele>201.111</ele>
        <time>2025-03-04T11:44:11.997Z</time>
      </trkpt>
      <trkpt lat="42.876262" lon="-8.566734">
        <ele>201.063</ele>
        <time>2025-03-04T11:44:15.997Z</time>
      </trkpt>
      <trkpt lat="42.876217" lon="-8.566727">
        <ele>200.982</ele>
        <time>2025-03-04T11:44:19.997Z</time>
      </trkpt>
      <trkpt lat="42.876168" lon="-8.566750">
        <ele>200.795</ele>
        <time>2025-03-04T11:44:24.997Z</time>
      </trkpt>
      <trkpt lat="42.876116" lon="-8.566771">
        <ele>200.649</ele>
        <time>2025-03-04T11:44:29.997Z</time>
      </trkpt>
      <trkpt lat="42.876090" lon="-8.566823">
        <ele>200.623</ele>
        <time>2025-03-04T11:44:34.997Z</time>
      </trkpt>
      <trkpt lat="42.876072" lon="-8.566886">
        <ele>200.609</ele>
        <time>2025-03-04T11:44:40.997Z</time>
      </trkpt>
      <trkpt lat="42.876065" lon="-8.566952">
        <ele>200.641</ele>
        <time>2025-03-04T11:44:45.997Z</time>
      </trkpt>
      <trkpt lat="42.876050" lon="-8.567015">
        <ele>200.729</ele>
        <time>2025-03-04T11:44:50.997Z</time>
      </trkpt>
      <trkpt lat="42.876039" lon="-8.567088">
        <ele>200.822</ele>
        <time>2025-03-04T11:44:55.997Z</time>
      </trkpt>
      <trkpt lat="42.876017" lon="-8.567155">
        <ele>200.876</ele>
        <time>2025-03-04T11:45:00.997Z</time>
      </trkpt>
      <trkpt lat="42.875986" lon="-8.567215">
        <ele>200.881</ele>
        <time>2025-03-04T11:45:05.997Z</time>
      </trkpt>
      <trkpt lat="42.875951" lon="-8.567259">
        <ele>200.793</ele>
        <time>2025-03-04T11:45:09.997Z</time>
      </trkpt>
      <trkpt lat="42.875907" lon="-8.567297">
        <ele>200.691</ele>
        <time>2025-03-04T11:45:14.997Z</time>
      </trkpt>
      <trkpt lat="42.875858" lon="-8.567329">
        <ele>200.433</ele>
        <time>2025-03-04T11:45:19.997Z</time>
      </trkpt>
      <trkpt lat="42.875812" lon="-8.567358">
        <ele>200.132</ele>
        <time>2025-03-04T11:45:24.997Z</time>
      </trkpt>
      <trkpt lat="42.875760" lon="-8.567378">
        <ele>199.662</ele>
        <time>2025-03-04T11:45:29.997Z</time>
      </trkpt>
      <trkpt lat="42.875710" lon="-8.567393">
        <ele>199.083</ele>
        <time>2025-03-04T11:45:34.997Z</time>
      </trkpt>
      <trkpt lat="42.875660" lon="-8.567421">
        <ele>198.411</ele>
        <time>2025-03-04T11:45:39.997Z</time>
      </trkpt>
      <trkpt lat="42.875611" lon="-8.567430">
        <ele>197.609</ele>
        <time>2025-03-04T11:45:46.997Z</time>
      </trkpt>
      <trkpt lat="42.875575" lon="-8.567383">
        <ele>196.798</ele>
        <time>2025-03-04T11:45:51.997Z</time>
      </trkpt>
      <trkpt lat="42.875535" lon="-8.567348">
        <ele>195.986</ele>
        <time>2025-03-04T11:46:00.997Z</time>
      </trkpt>
      <trkpt lat="42.875504" lon="-8.567293">
        <ele>195.269</ele>
        <time>2025-03-04T11:46:07.997Z</time>
      </trkpt>
      <trkpt lat="42.875474" lon="-8.567230">
        <ele>194.313</ele>
        <time>2025-03-04T11:46:12.997Z</time>
      </trkpt>
      <trkpt lat="42.875461" lon="-8.567162">
        <ele>193.638</ele>
        <time>2025-03-04T11:46:17.997Z</time>
      </trkpt>
      <trkpt lat="42.875436" lon="-8.567100">
        <ele>193.240</ele>
        <time>2025-03-04T11:46:22.997Z</time>
      </trkpt>
      <trkpt lat="42.875421" lon="-8.567010">
        <ele>192.378</ele>
        <time>2025-03-04T11:46:26.997Z</time>
      </trkpt>
      <trkpt lat="42.875371" lon="-8.567006">
        <ele>191.820</ele>
        <time>2025-03-04T11:46:31.997Z</time>
      </trkpt>
      <trkpt lat="42.875355" lon="-8.566932">
        <ele>191.399</ele>
        <time>2025-03-04T11:46:36.997Z</time>
      </trkpt>
      <trkpt lat="42.875330" lon="-8.566880">
        <ele>191.121</ele>
        <time>2025-03-04T11:46:40.997Z</time>
      </trkpt>
      <trkpt lat="42.875303" lon="-8.566824">
        <ele>190.941</ele>
        <time>2025-03-04T11:46:45.997Z</time>
      </trkpt>
      <trkpt lat="42.875262" lon="-8.566776">
        <ele>190.505</ele>
        <time>2025-03-04T11:46:50.997Z</time>
      </trkpt>
      <trkpt lat="42.875234" lon="-8.566725">
        <ele>190.009</ele>
        <time>2025-03-04T11:46:55.997Z</time>
      </trkpt>
      <trkpt lat="42.875200" lon="-8.566683">
        <ele>189.594</ele>
        <time>2025-03-04T11:46:59.997Z</time>
      </trkpt>
      <trkpt lat="42.875166" lon="-8.566629">
        <ele>189.222</ele>
        <time>2025-03-04T11:47:04.997Z</time>
      </trkpt>
      <trkpt lat="42.875130" lon="-8.566587">
        <ele>189.015</ele>
        <time>2025-03-04T11:47:08.997Z</time>
      </trkpt>
      <trkpt lat="42.875092" lon="-8.566540">
        <ele>188.849</ele>
        <time>2025-03-04T11:47:14.996Z</time>
      </trkpt>
      <trkpt lat="42.875047" lon="-8.566507">
        <ele>188.664</ele>
        <time>2025-03-04T11:47:19.996Z</time>
      </trkpt>
      <trkpt lat="42.875005" lon="-8.566483">
        <ele>188.546</ele>
        <time>2025-03-04T11:47:24.996Z</time>
      </trkpt>
      <trkpt lat="42.874960" lon="-8.566467">
        <ele>188.484</ele>
        <time>2025-03-04T11:47:29.996Z</time>
      </trkpt>
      <trkpt lat="42.874905" lon="-8.566456">
        <ele>188.076</ele>
        <time>2025-03-04T11:47:34.996Z</time>
      </trkpt>
      <trkpt lat="42.874862" lon="-8.566437">
        <ele>187.485</ele>
        <time>2025-03-04T11:47:38.996Z</time>
      </trkpt>
      <trkpt lat="42.874809" lon="-8.566428">
        <ele>186.927</ele>
        <time>2025-03-04T11:47:43.996Z</time>
      </trkpt>
      <trkpt lat="42.874760" lon="-8.566405">
        <ele>186.568</ele>
        <time>2025-03-04T11:47:48.996Z</time>
      </trkpt>
      <trkpt lat="42.874709" lon="-8.566394">
        <ele>186.214</ele>
        <time>2025-03-04T11:47:53.996Z</time>
      </trkpt>
      <trkpt lat="42.874662" lon="-8.566373">
        <ele>186.009</ele>
        <time>2025-03-04T11:47:58.996Z</time>
      </trkpt>
      <trkpt lat="42.874617" lon="-8.566361">
        <ele>185.994</ele>
        <time>2025-03-04T11:48:02.996Z</time>
      </trkpt>
      <trkpt lat="42.874565" lon="-8.566334">
        <ele>185.952</ele>
        <time>2025-03-04T11:48:07.996Z</time>
      </trkpt>
      <trkpt lat="42.874512" lon="-8.566303">
        <ele>185.915</ele>
        <time>2025-03-04T11:48:12.996Z</time>
      </trkpt>
      <trkpt lat="42.874470" lon="-8.566269">
        <ele>185.979</ele>
        <time>2025-03-04T11:48:16.996Z</time>
      </trkpt>
      <trkpt lat="42.874435" lon="-8.566214">
        <ele>186.184</ele>
        <time>2025-03-04T11:48:20.996Z</time>
      </trkpt>
      <trkpt lat="42.874408" lon="-8.566158">
        <ele>186.196</ele>
        <time>2025-03-04T11:48:24.996Z</time>
      </trkpt>
      <trkpt lat="42.874367" lon="-8.566099">
        <ele>186.134</ele>
        <time>2025-03-04T11:48:29.996Z</time>
      </trkpt>
      <trkpt lat="42.874340" lon="-8.566038">
        <ele>186.136</ele>
        <time>2025-03-04T11:48:34.996Z</time>
      </trkpt>
      <trkpt lat="42.874319" lon="-8.565976">
        <ele>185.715</ele>
        <time>2025-03-04T11:48:39.996Z</time>
      </trkpt>
      <trkpt lat="42.874291" lon="-8.565924">
        <ele>185.395</ele>
        <time>2025-03-04T11:48:42.996Z</time>
      </trkpt>
      <trkpt lat="42.874264" lon="-8.565861">
        <ele>185.049</ele>
        <time>2025-03-04T11:48:47.996Z</time>
      </trkpt>
      <trkpt lat="42.874227" lon="-8.565817">
        <ele>184.723</ele>
        <time>2025-03-04T11:48:52.996Z</time>
      </trkpt>
      <trkpt lat="42.874196" lon="-8.565770">
        <ele>184.309</ele>
        <time>2025-03-04T11:48:56.996Z</time>
      </trkpt>
      <trkpt lat="42.874188" lon="-8.565698">
        <ele>183.771</ele>
        <time>2025-03-04T11:49:02.996Z</time>
      </trkpt>
      <trkpt lat="42.874165" lon="-8.565644">
        <ele>183.379</ele>
        <time>2025-03-04T11:49:07.996Z</time>
      </trkpt>
      <trkpt lat="42.874145" lon="-8.565586">
        <ele>182.822</ele>
        <time>2025-03-04T11:49:11.996Z</time>
      </trkpt>
      <trkpt lat="42.874127" lon="-8.565521">
        <ele>182.296</ele>
        <time>2025-03-04T11:49:15.996Z</time>
      </trkpt>
      <trkpt lat="42.874102" lon="-8.565460">
        <ele>181.751</ele>
        <time>2025-03-04T11:49:20.995Z</time>
      </trkpt>
      <trkpt lat="42.874067" lon="-8.565410">
        <ele>181.273</ele>
        <time>2025-03-04T11:49:24.995Z</time>
      </trkpt>
      <trkpt lat="42.874038" lon="-8.565360">
        <ele>180.681</ele>
        <time>2025-03-04T11:49:27.995Z</time>
      </trkpt>
      <trkpt lat="42.873999" lon="-8.565309">
        <ele>180.093</ele>
        <time>2025-03-04T11:49:31.995Z</time>
      </trkpt>
      <trkpt lat="42.873953" lon="-8.565274">
        <ele>179.642</ele>
        <time>2025-03-04T11:49:35.995Z</time>
      </trkpt>
      <trkpt lat="42.873914" lon="-8.565222">
        <ele>179.391</ele>
        <time>2025-03-04T11:49:40.995Z</time>
      </trkpt>
      <trkpt lat="42.873863" lon="-8.565192">
        <ele>179.081</ele>
        <time>2025-03-04T11:49:45.995Z</time>
      </trkpt>
      <trkpt lat="42.873814" lon="-8.565170">
        <ele>178.819</ele>
        <time>2025-03-04T11:49:49.995Z</time>
      </trkpt>
      <trkpt lat="42.873765" lon="-8.565148">
        <ele>178.509</ele>
        <time>2025-03-04T11:49:54.995Z</time>
      </trkpt>
      <trkpt lat="42.873711" lon="-8.565125">
        <ele>178.281</ele>
        <time>2025-03-04T11:49:59.995Z</time>
      </trkpt>
      <trkpt lat="42.873668" lon="-8.565093">
        <ele>177.899</ele>
        <time>2025-03-04T11:50:03.995Z</time>
      </trkpt>
      <trkpt lat="42.873622" lon="-8.565058">
        <ele>177.282</ele>
        <time>2025-03-04T11:50:07.995Z</time>
      </trkpt>
      <trkpt lat="42.873583" lon="-8.565022">
        <ele>176.696</ele>
        <time>2025-03-04T11:50:11.995Z</time>
      </trkpt>
      <trkpt lat="42.873538" lon="-8.564983">
        <ele>176.121</ele>
        <time>2025-03-04T11:50:15.995Z</time>
      </trkpt>
      <trkpt lat="42.873496" lon="-8.564942">
        <ele>175.623</ele>
        <time>2025-03-04T11:50:20.995Z</time>
      </trkpt>
      <trkpt lat="42.873451" lon="-8.564927">
        <ele>175.121</ele>
        <time>2025-03-04T11:50:25.995Z</time>
      </trkpt>
      <trkpt lat="42.873410" lon="-8.564899">
        <ele>174.553</ele>
        <time>2025-03-04T11:50:31.995Z</time>
      </trkpt>
      <trkpt lat="42.873366" lon="-8.564934">
        <ele>173.822</ele>
        <time>2025-03-04T11:50:47.995Z</time>
      </trkpt>
      <trkpt lat="42.873330" lon="-8.564987">
        <ele>173.116</ele>
        <time>2025-03-04T11:50:52.995Z</time>
      </trkpt>
      <trkpt lat="42.873288" lon="-8.565016">
        <ele>172.676</ele>
        <time>2025-03-04T11:50:58.995Z</time>
      </trkpt>
      <trkpt lat="42.873258" lon="-8.565063">
        <ele>172.513</ele>
        <time>2025-03-04T11:51:06.995Z</time>
      </trkpt>
      <trkpt lat="42.873233" lon="-8.565115">
        <ele>172.309</ele>
        <time>2025-03-04T11:51:11.995Z</time>
      </trkpt>
      <trkpt lat="42.873205" lon="-8.565172">
        <ele>172.053</ele>
        <time>2025-03-04T11:51:16.995Z</time>
      </trkpt>
      <trkpt lat="42.873167" lon="-8.565216">
        <ele>171.721</ele>
        <time>2025-03-04T11:51:20.995Z</time>
      </trkpt>
      <trkpt lat="42.873131" lon="-8.565259">
        <ele>171.194</ele>
        <time>2025-03-04T11:51:24.994Z</time>
      </trkpt>
      <trkpt lat="42.873100" lon="-8.565308">
        <ele>170.538</ele>
        <time>2025-03-04T11:51:29.994Z</time>
      </trkpt>
      <trkpt lat="42.873061" lon="-8.565345">
        <ele>170.283</ele>
        <time>2025-03-04T11:51:33.994Z</time>
      </trkpt>
      <trkpt lat="42.873021" lon="-8.565387">
        <ele>169.895</ele>
        <time>2025-03-04T11:51:38.994Z</time>
      </trkpt>
      <trkpt lat="42.872984" lon="-8.565423">
        <ele>169.593</ele>
        <time>2025-03-04T11:51:43.994Z</time>
      </trkpt>
      <trkpt lat="42.872943" lon="-8.565450">
        <ele>169.365</ele>
        <time>2025-03-04T11:51:47.994Z</time>
      </trkpt>
      <trkpt lat="42.872899" lon="-8.565492">
        <ele>169.174</ele>
        <time>2025-03-04T11:51:52.994Z</time>
      </trkpt>
      <trkpt lat="42.872860" lon="-8.565533">
        <ele>169.099</ele>
        <time>2025-03-04T11:51:58.994Z</time>
      </trkpt>
      <trkpt lat="42.872833" lon="-8.565583">
        <ele>169.007</ele>
        <time>2025-03-04T11:52:02.994Z</time>
      </trkpt>
      <trkpt lat="42.872793" lon="-8.565624">
        <ele>168.927</ele>
        <time>2025-03-04T11:52:07.994Z</time>
      </trkpt>
      <trkpt lat="42.872748" lon="-8.565667">
        <ele>168.809</ele>
        <time>2025-03-04T11:52:13.994Z</time>
      </trkpt>
      <trkpt lat="42.872701" lon="-8.565700">
        <ele>168.741</ele>
        <time>2025-03-04T11:52:18.994Z</time>
      </trkpt>
      <trkpt lat="42.872657" lon="-8.565743">
        <ele>168.629</ele>
        <time>2025-03-04T11:52:23.994Z</time>
      </trkpt>
      <trkpt lat="42.872612" lon="-8.565787">
        <ele>168.672</ele>
        <time>2025-03-04T11:52:28.994Z</time>
      </trkpt>
      <trkpt lat="42.872571" lon="-8.565823">
        <ele>168.696</ele>
        <time>2025-03-04T11:52:32.994Z</time>
      </trkpt>
      <trkpt lat="42.872532" lon="-8.565863">
        <ele>168.621</ele>
        <time>2025-03-04T11:52:36.994Z</time>
      </trkpt>
      <trkpt lat="42.872487" lon="-8.565905">
        <ele>168.753</ele>
        <time>2025-03-04T11:52:41.994Z</time>
      </trkpt>
      <trkpt lat="42.872437" lon="-8.565943">
        <ele>168.891</ele>
        <time>2025-03-04T11:52:46.994Z</time>
      </trkpt>
      <trkpt lat="42.872381" lon="-8.565964">
        <ele>168.913</ele>
        <time>2025-03-04T11:52:51.994Z</time>
      </trkpt>
      <trkpt lat="42.872323" lon="-8.565991">
        <ele>168.942</ele>
        <time>2025-03-04T11:52:56.994Z</time>
      </trkpt>
      <trkpt lat="42.872275" lon="-8.566018">
        <ele>168.981</ele>
        <time>2025-03-04T11:53:01.994Z</time>
      </trkpt>
      <trkpt lat="42.872228" lon="-8.566031">
        <ele>169.061</ele>
        <time>2025-03-04T11:53:05.994Z</time>
      </trkpt>
      <trkpt lat="42.872180" lon="-8.566056">
        <ele>169.017</ele>
        <time>2025-03-04T11:53:10.994Z</time>
      </trkpt>
      <trkpt lat="42.872129" lon="-8.566082">
        <ele>169.009</ele>
        <time>2025-03-04T11:53:15.994Z</time>
      </trkpt>
      <trkpt lat="42.872082" lon="-8.566117">
        <ele>169.090</ele>
        <time>2025-03-04T11:53:18.994Z</time>
      </trkpt>
      <trkpt lat="42.872021" lon="-8.566130">
        <ele>169.048</ele>
        <time>2025-03-04T11:53:24.994Z</time>
      </trkpt>
      <trkpt lat="42.871974" lon="-8.566157">
        <ele>169.011</ele>
        <time>2025-03-04T11:53:29.994Z</time>
      </trkpt>
      <trkpt lat="42.871927" lon="-8.566195">
        <ele>169.085</ele>
        <time>2025-03-04T11:53:33.994Z</time>
      </trkpt>
      <trkpt lat="42.871886" lon="-8.566244">
        <ele>169.090</ele>
        <time>2025-03-04T11:53:37.994Z</time>
      </trkpt>
      <trkpt lat="42.871860" lon="-8.566299">
        <ele>169.022</ele>
        <time>2025-03-04T11:53:42.994Z</time>
      </trkpt>
      <trkpt lat="42.871818" lon="-8.566344">
        <ele>169.110</ele>
        <time>2025-03-04T11:53:47.994Z</time>
      </trkpt>
      <trkpt lat="42.871782" lon="-8.566395">
        <ele>169.322</ele>
        <time>2025-03-04T11:53:51.994Z</time>
      </trkpt>
      <trkpt lat="42.871733" lon="-8.566446">
        <ele>169.461</ele>
        <time>2025-03-04T11:53:57.994Z</time>
      </trkpt>
      <trkpt lat="42.871697" lon="-8.566486">
        <ele>169.452</ele>
        <time>2025-03-04T11:54:01.994Z</time>
      </trkpt>
      <trkpt lat="42.871660" lon="-8.566521">
        <ele>169.553</ele>
        <time>2025-03-04T11:54:05.994Z</time>
      </trkpt>
      <trkpt lat="42.871616" lon="-8.566565">
        <ele>169.608</ele>
        <time>2025-03-04T11:54:10.994Z</time>
      </trkpt>
      <trkpt lat="42.871575" lon="-8.566606">
        <ele>169.609</ele>
        <time>2025-03-04T11:54:14.994Z</time>
      </trkpt>
      <trkpt lat="42.871528" lon="-8.566652">
        <ele>169.717</ele>
        <time>2025-03-04T11:54:19.994Z</time>
      </trkpt>
      <trkpt lat="42.871489" lon="-8.566696">
        <ele>169.915</ele>
        <time>2025-03-04T11:54:23.994Z</time>
      </trkpt>
      <trkpt lat="42.871456" lon="-8.566740">
        <ele>170.148</ele>
        <time>2025-03-04T11:54:27.994Z</time>
      </trkpt>
      <trkpt lat="42.871415" lon="-8.566789">
        <ele>170.182</ele>
        <time>2025-03-04T11:54:31.994Z</time>
      </trkpt>
      <trkpt lat="42.871377" lon="-8.566836">
        <ele>170.157</ele>
        <time>2025-03-04T11:54:36.994Z</time>
      </trkpt>
      <trkpt lat="42.871351" lon="-8.566888">
        <ele>170.199</ele>
        <time>2025-03-04T11:54:40.994Z</time>
      </trkpt>
      <trkpt lat="42.871331" lon="-8.566957">
        <ele>169.857</ele>
        <time>2025-03-04T11:54:45.994Z</time>
      </trkpt>
      <trkpt lat="42.871303" lon="-8.567016">
        <ele>169.659</ele>
        <time>2025-03-04T11:54:49.994Z</time>
      </trkpt>
      <trkpt lat="42.871278" lon="-8.567080">
        <ele>169.648</ele>
        <time>2025-03-04T11:54:53.994Z</time>
      </trkpt>
      <trkpt lat="42.871258" lon="-8.567140">
        <ele>169.628</ele>
        <time>2025-03-04T11:54:57.994Z</time>
      </trkpt>
      <trkpt lat="42.871233" lon="-8.567205">
        <ele>169.789</ele>
        <time>2025-03-04T11:55:02.994Z</time>
      </trkpt>
      <trkpt lat="42.871212" lon="-8.567264">
        <ele>170.017</ele>
        <time>2025-03-04T11:55:06.994Z</time>
      </trkpt>
      <trkpt lat="42.871187" lon="-8.567330">
        <ele>170.309</ele>
        <time>2025-03-04T11:55:10.994Z</time>
      </trkpt>
      <trkpt lat="42.871177" lon="-8.567396">
        <ele>170.454</ele>
        <time>2025-03-04T11:55:15.994Z</time>
      </trkpt>
      <trkpt lat="42.871145" lon="-8.567441">
        <ele>170.412</ele>
        <time>2025-03-04T11:55:18.994Z</time>
      </trkpt>
      <trkpt lat="42.871132" lon="-8.567514">
        <ele>170.485</ele>
        <time>2025-03-04T11:55:23.994Z</time>
      </trkpt>
      <trkpt lat="42.871081" lon="-8.567544">
        <ele>170.479</ele>
        <time>2025-03-04T11:55:27.994Z</time>
      </trkpt>
      <trkpt lat="42.871024" lon="-8.567514">
        <ele>170.374</ele>
        <time>2025-03-04T11:55:36.994Z</time>
      </trkpt>
      <trkpt lat="42.870986" lon="-8.567474">
        <ele>170.226</ele>
        <time>2025-03-04T11:55:41.994Z</time>
      </trkpt>
      <trkpt lat="42.870939" lon="-8.567456">
        <ele>170.214</ele>
        <time>2025-03-04T11:55:44.994Z</time>
      </trkpt>
      <trkpt lat="42.870892" lon="-8.567417">
        <ele>170.256</ele>
        <time>2025-03-04T11:55:49.994Z</time>
      </trkpt>
      <trkpt lat="42.870856" lon="-8.567369">
        <ele>170.265</ele>
        <time>2025-03-04T11:55:53.994Z</time>
      </trkpt>
      <trkpt lat="42.870821" lon="-8.567331">
        <ele>170.256</ele>
        <time>2025-03-04T11:55:58.994Z</time>
      </trkpt>
    </trkseg>
  </trk></gpx>