<?xml version="1.0" encoding="UTF-8"?>
<gpx creator="Wikiloc - https://www.wikiloc.com" version="1.1" xmlns="http://www.topografix.com/GPX/1/1" xmlns:xsi="http://www.w3.org/2001/XMLSchema-instance" xsi:schemaLocation="http://www.topografix.com/GPX/1/1 http://www.topografix.com/GPX/1/1/gpx.xsd">
  <metadata>
    <name>Wikiloc - Pardaces de Arriba - Ponte Dos Tres Ollos - Fonte lavadoiro - Pontella da Ribeira de San Lourenzo - Laraño</name>
    <author>
      <name>Obradoiro Autoctonos</name>
      <link href="https://www.wikiloc.com/wikiloc/user.do?id=17517498">
        <text>Obradoiro Autoctonos on Wikiloc</text>
      </link>
    </author>
    <link href="https://www.wikiloc.com/hiking-trails/pardaces-de-arriba-ponte-dos-tres-ollos-fonte-lavadoiro-pontella-da-ribeira-de-san-lourenzo-larano-213590114">
      <text>Pardaces de Arriba - Ponte Dos Tres Ollos - Fonte lavadoiro - Pontella da Ribeira de San Lourenzo - Laraño on Wikiloc</text>
    </link>
    <time>2025-05-15T09:06:07.997Z</time>
  </metadata>
  <wpt lat="42.904731" lon="-8.546495">
    <ele>254.0</ele>
    <time>2025-05-15T06:39:32Z</time>
    <name>Waypoint</name>
    <cmt></cmt>
    <desc></desc>
  </wpt>
  <wpt lat="42.899984" lon="-8.549847">
    <ele>243.0</ele>
    <time>2025-05-15T06:52:24Z</time>
    <name>Ponte Dos Tres Ollos</name>
    <cmt></cmt>
    <desc></desc>
  </wpt>
  <wpt lat="42.882063" lon="-8.553476">
    <ele>226.0</ele>
    <time>2025-05-15T08:21:37Z</time>
    <name>Fonte lavadoiro</name>
    <cmt></cmt>
    <desc></desc>
  </wpt>
  <wpt lat="42.882070" lon="-8.553483">
    <ele>226.0</ele>
    <time>2025-05-15T08:21:52Z</time>
    <name>Fonte lavadoiro</name>
    <cmt></cmt>
    <desc></desc>
  </wpt>
  <wpt lat="42.882128" lon="-8.553571">
    <ele>225.0</ele>
    <time>2025-05-15T08:22:07Z</time>
    <name>Fonte lavadoiro</name>
    <cmt></cmt>
    <desc></desc>
  </wpt>
  <wpt lat="42.883207" lon="-8.554917">
    <ele>218.0</ele>
    <time>2025-05-15T08:26:27Z</time>
    <name>Waypoint</name>
    <cmt></cmt>
    <desc></desc>
  </wpt>
  <wpt lat="42.883673" lon="-8.555273">
    <ele>220.0</ele>
    <time>2025-05-15T08:27:56Z</time>
    <name>Waypoint</name>
    <cmt></cmt>
    <desc></desc>
  </wpt>
  <wpt lat="42.883535" lon="-8.555852">
    <ele>218.0</ele>
    <time>2025-05-15T08:29:01Z</time>
    <name>Waypoint</name>
    <cmt></cmt>
    <desc></desc>
  </wpt>
  <wpt lat="42.883198" lon="-8.557803">
    <ele>213.0</ele>
    <time>2025-05-15T08:33:34Z</time>
    <name>Pontella da Ribeira de San Lourenzo</name>
    <cmt></cmt>
    <desc></desc>
  </wpt>
  <wpt lat="42.881612" lon="-8.558515">
    <ele>200.0</ele>
    <time>2025-05-15T08:37:10Z</time>
    <name>Waypoint</name>
    <cmt></cmt>
    <desc></desc>
  </wpt>
  <wpt lat="42.881457" lon="-8.558307">
    <ele>199.0</ele>
    <time>2025-05-15T08:38:09Z</time>
    <name>Waypoint</name>
    <cmt></cmt>
    <desc></desc>
  </wpt>
  <wpt lat="42.881087" lon="-8.558323">
    <ele>198.0</ele>
    <time>2025-05-15T08:38:53Z</time>
    <name>Waypoint</name>
    <cmt></cmt>
    <desc></desc>
  </wpt>
  <wpt lat="42.880162" lon="-8.559384">
    <ele>193.0</ele>
    <time>2025-05-15T08:41:54Z</time>
    <name>Waypoint</name>
    <cmt></cmt>
    <desc></desc>
  </wpt>
  <wpt lat="42.878471" lon="-8.561759">
    <ele>194.0</ele>
    <time>2025-05-15T08:47:04Z</time>
    <name>Waypoint</name>
    <cmt></cmt>
    <desc></desc>
  </wpt>
  <wpt lat="42.876958" lon="-8.563479">
    <ele>181.0</ele>
    <time>2025-05-15T08:52:44Z</time>
    <name>Waypoint</name>
    <cmt></cmt>
    <desc></desc>
  </wpt>
  <wpt lat="42.876169" lon="-8.563695">
    <ele>180.0</ele>
    <time>2025-05-15T08:54:14Z</time>
    <name>Waypoint</name>
    <cmt></cmt>
    <desc></desc>
  </wpt>
  <wpt lat="42.872080" lon="-8.566109">
    <ele>175.0</ele>
    <time>2025-05-15T09:02:01Z</time>
    <name>Waypoint</name>
    <cmt></cmt>
    <desc></desc>
  </wpt>
  <wpt lat="42.871949" lon="-8.566165">
    <ele>175.0</ele>
    <time>2025-05-15T09:02:25Z</time>
    <name>Waypoint</name>
    <cmt></cmt>
    <desc></desc>
  </wpt>
  <wpt lat="42.871726" lon="-8.566401">
    <ele>175.0</ele>
    <time>2025-05-15T09:03:14Z</time>
    <name>Waypoint</name>
    <cmt></cmt>
    <desc></desc>
  </wpt>
  <trk>
    <name>Pardaces de Arriba - Ponte Dos Tres Ollos - Fonte lavadoiro - Pontella da Ribeira de San Lourenzo - Laraño</name>
    <cmt>Ruta de Pardaces de Arriba a Laraño pasando por:
- Ponte Dos Tres Ollos (0.7 km)
- Ponte Asén (2.4 km)
- Parque de Galeras (2.6 km)
- Capela do Carme de Abaixo (2.8 km)
- Fonte lavadoiro (3.1 km)
- Pontella da Ribeira de San Lourenzo (3.4 km)
- Ponte Sarela (4.0 km)</cmt>
    <desc>Ruta de Pardaces de Arriba a Laraño pasando por:
- Ponte Dos Tres Ollos (0.7 km)
- Ponte Asén (2.4 km)
- Parque de Galeras (2.6 km)
- Capela do Carme de Abaixo (2.8 km)
- Fonte lavadoiro (3.1 km)
- Pontella da Ribeira de San Lourenzo (3.4 km)
- Ponte Sarela (4.0 km)</desc>
    <trkseg>
      <trkpt lat="42.904601" lon="-8.546524">
        <ele>247.867</ele>
        <time>2025-05-15T06:39:19.023Z</time>
      </trkpt>
      <trkpt lat="42.904658" lon="-8.546514">
        <ele>248.381</ele>
        <time>2025-05-15T06:39:22.026Z</time>
      </trkpt>
      <trkpt lat="42.904707" lon="-8.546507">
        <ele>248.819</ele>
        <time>2025-05-15T06:39:25.001Z</time>
      </trkpt>
      <trkpt lat="42.904772" lon="-8.546504">
        <ele>248.809</ele>
        <time>2025-05-15T06:39:52.001Z</time>
      </trkpt>
      <trkpt lat="42.904820" lon="-8.546527">
        <ele>248.848</ele>
        <time>2025-05-15T06:39:59.001Z</time>
      </trkpt>
      <trkpt lat="42.904805" lon="-8.546590">
        <ele>248.867</ele>
        <time>2025-05-15T06:40:38.001Z</time>
      </trkpt>
      <trkpt lat="42.904841" lon="-8.546636">
        <ele>248.849</ele>
        <time>2025-05-15T06:40:53.001Z</time>
      </trkpt>
      <trkpt lat="42.904853" lon="-8.546695">
        <ele>248.821</ele>
        <time>2025-05-15T06:41:01.001Z</time>
      </trkpt>
      <trkpt lat="42.904861" lon="-8.546767">
        <ele>248.855</ele>
        <time>2025-05-15T06:41:07.001Z</time>
      </trkpt>
      <trkpt lat="42.904883" lon="-8.546829">
        <ele>248.896</ele>
        <time>2025-05-15T06:41:11.001Z</time>
      </trkpt>
      <trkpt lat="42.904884" lon="-8.546902">
        <ele>248.897</ele>
        <time>2025-05-15T06:41:16.001Z</time>
      </trkpt>
      <trkpt lat="42.904852" lon="-8.546959">
        <ele>248.987</ele>
        <time>2025-05-15T06:41:22.001Z</time>
      </trkpt>
      <trkpt lat="42.904811" lon="-8.547032">
        <ele>249.020</ele>
        <time>2025-05-15T06:41:28.001Z</time>
      </trkpt>
      <trkpt lat="42.904782" lon="-8.547084">
        <ele>249.536</ele>
        <time>2025-05-15T06:41:34.001Z</time>
      </trkpt>
      <trkpt lat="42.904743" lon="-8.547133">
        <ele>250.017</ele>
        <time>2025-05-15T06:41:40.001Z</time>
      </trkpt>
      <trkpt lat="42.904704" lon="-8.547173">
        <ele>250.618</ele>
        <time>2025-05-15T06:41:45.001Z</time>
      </trkpt>
      <trkpt lat="42.904666" lon="-8.547209">
        <ele>250.809</ele>
        <time>2025-05-15T06:41:50.001Z</time>
      </trkpt>
      <trkpt lat="42.904628" lon="-8.547250">
        <ele>251.285</ele>
        <time>2025-05-15T06:41:54.001Z</time>
      </trkpt>
      <trkpt lat="42.904614" lon="-8.547326">
        <ele>251.534</ele>
        <time>2025-05-15T06:41:59.001Z</time>
      </trkpt>
      <trkpt lat="42.904574" lon="-8.547376">
        <ele>251.656</ele>
        <time>2025-05-15T06:42:04.001Z</time>
      </trkpt>
      <trkpt lat="42.904534" lon="-8.547425">
        <ele>251.688</ele>
        <time>2025-05-15T06:42:09.001Z</time>
      </trkpt>
      <trkpt lat="42.904505" lon="-8.547478">
        <ele>251.662</ele>
        <time>2025-05-15T06:42:14.001Z</time>
      </trkpt>
      <trkpt lat="42.904484" lon="-8.547538">
        <ele>251.643</ele>
        <time>2025-05-15T06:42:18.001Z</time>
      </trkpt>
      <trkpt lat="42.904436" lon="-8.547582">
        <ele>251.554</ele>
        <time>2025-05-15T06:42:23.001Z</time>
      </trkpt>
      <trkpt lat="42.904386" lon="-8.547610">
        <ele>251.384</ele>
        <time>2025-05-15T06:42:26.001Z</time>
      </trkpt>
      <trkpt lat="42.904356" lon="-8.547667">
        <ele>251.057</ele>
        <time>2025-05-15T06:42:31.001Z</time>
      </trkpt>
      <trkpt lat="42.904324" lon="-8.547710">
        <ele>250.625</ele>
        <time>2025-05-15T06:42:36.001Z</time>
      </trkpt>
      <trkpt lat="42.904293" lon="-8.547766">
        <ele>250.426</ele>
        <time>2025-05-15T06:42:40.001Z</time>
      </trkpt>
      <trkpt lat="42.904313" lon="-8.547826">
        <ele>250.108</ele>
        <time>2025-05-15T06:42:46.001Z</time>
      </trkpt>
      <trkpt lat="42.904273" lon="-8.547870">
        <ele>249.909</ele>
        <time>2025-05-15T06:42:50.001Z</time>
      </trkpt>
      <trkpt lat="42.904244" lon="-8.547925">
        <ele>249.754</ele>
        <time>2025-05-15T06:42:53.001Z</time>
      </trkpt>
      <trkpt lat="42.904205" lon="-8.547962">
        <ele>249.513</ele>
        <time>2025-05-15T06:42:56.001Z</time>
      </trkpt>
      <trkpt lat="42.904178" lon="-8.548018">
        <ele>249.445</ele>
        <time>2025-05-15T06:43:00.001Z</time>
      </trkpt>
      <trkpt lat="42.904156" lon="-8.548136">
        <ele>249.367</ele>
        <time>2025-05-15T06:43:06.001Z</time>
      </trkpt>
      <trkpt lat="42.904153" lon="-8.548206">
        <ele>249.391</ele>
        <time>2025-05-15T06:43:13.001Z</time>
      </trkpt>
      <trkpt lat="42.904110" lon="-8.548227">
        <ele>249.132</ele>
        <time>2025-05-15T06:43:17.001Z</time>
      </trkpt>
      <trkpt lat="42.904083" lon="-8.548277">
        <ele>249.153</ele>
        <time>2025-05-15T06:43:22.001Z</time>
      </trkpt>
      <trkpt lat="42.904039" lon="-8.548328">
        <ele>249.143</ele>
        <time>2025-05-15T06:43:30.001Z</time>
      </trkpt>
      <trkpt lat="42.903996" lon="-8.548379">
        <ele>249.166</ele>
        <time>2025-05-15T06:43:34.001Z</time>
      </trkpt>
      <trkpt lat="42.903973" lon="-8.548433">
        <ele>249.199</ele>
        <time>2025-05-15T06:43:40.001Z</time>
      </trkpt>
      <trkpt lat="42.903939" lon="-8.548484">
        <ele>249.107</ele>
        <time>2025-05-15T06:43:44.001Z</time>
      </trkpt>
      <trkpt lat="42.903896" lon="-8.548505">
        <ele>249.127</ele>
        <time>2025-05-15T06:43:47.001Z</time>
      </trkpt>
      <trkpt lat="42.903898" lon="-8.548572">
        <ele>249.109</ele>
        <time>2025-05-15T06:43:51.001Z</time>
      </trkpt>
      <trkpt lat="42.903847" lon="-8.548612">
        <ele>249.131</ele>
        <time>2025-05-15T06:43:56.001Z</time>
      </trkpt>
      <trkpt lat="42.903820" lon="-8.548665">
        <ele>249.140</ele>
        <time>2025-05-15T06:43:59.001Z</time>
      </trkpt>
      <trkpt lat="42.903767" lon="-8.548722">
        <ele>249.162</ele>
        <time>2025-05-15T06:44:05.001Z</time>
      </trkpt>
      <trkpt lat="42.903726" lon="-8.548752">
        <ele>249.154</ele>
        <time>2025-05-15T06:44:08.001Z</time>
      </trkpt>
      <trkpt lat="42.903705" lon="-8.548818">
        <ele>249.138</ele>
        <time>2025-05-15T06:44:13.001Z</time>
      </trkpt>
      <trkpt lat="42.903718" lon="-8.548882">
        <ele>249.139</ele>
        <time>2025-05-15T06:44:17.001Z</time>
      </trkpt>
      <trkpt lat="42.903687" lon="-8.548928">
        <ele>249.130</ele>
        <time>2025-05-15T06:44:22.001Z</time>
      </trkpt>
      <trkpt lat="42.903641" lon="-8.548988">
        <ele>249.190</ele>
        <time>2025-05-15T06:44:26.001Z</time>
      </trkpt>
      <trkpt lat="42.903650" lon="-8.549064">
        <ele>249.123</ele>
        <time>2025-05-15T06:44:32.001Z</time>
      </trkpt>
      <trkpt lat="42.903636" lon="-8.549123">
        <ele>249.115</ele>
        <time>2025-05-15T06:44:37.001Z</time>
      </trkpt>
      <trkpt lat="42.903640" lon="-8.549194">
        <ele>249.165</ele>
        <time>2025-05-15T06:44:43.001Z</time>
      </trkpt>
      <trkpt lat="42.903628" lon="-8.549272">
        <ele>249.111</ele>
        <time>2025-05-15T06:44:49.001Z</time>
      </trkpt>
      <trkpt lat="42.903592" lon="-8.549310">
        <ele>249.109</ele>
        <time>2025-05-15T06:44:53.001Z</time>
      </trkpt>
      <trkpt lat="42.903565" lon="-8.549367">
        <ele>249.163</ele>
        <time>2025-05-15T06:44:58.001Z</time>
      </trkpt>
      <trkpt lat="42.903532" lon="-8.549427">
        <ele>249.192</ele>
        <time>2025-05-15T06:45:03.001Z</time>
      </trkpt>
      <trkpt lat="42.903480" lon="-8.549438">
        <ele>249.134</ele>
        <time>2025-05-15T06:45:06.001Z</time>
      </trkpt>
      <trkpt lat="42.903435" lon="-8.549460">
        <ele>249.226</ele>
        <time>2025-05-15T06:45:09.001Z</time>
      </trkpt>
      <trkpt lat="42.903377" lon="-8.549479">
        <ele>249.220</ele>
        <time>2025-05-15T06:45:14.001Z</time>
      </trkpt>
      <trkpt lat="42.903322" lon="-8.549502">
        <ele>249.281</ele>
        <time>2025-05-15T06:45:19.001Z</time>
      </trkpt>
      <trkpt lat="42.903270" lon="-8.549528">
        <ele>249.072</ele>
        <time>2025-05-15T06:45:24.001Z</time>
      </trkpt>
      <trkpt lat="42.903226" lon="-8.549545">
        <ele>249.042</ele>
        <time>2025-05-15T06:45:28.001Z</time>
      </trkpt>
      <trkpt lat="42.903190" lon="-8.549591">
        <ele>248.975</ele>
        <time>2025-05-15T06:45:33.001Z</time>
      </trkpt>
      <trkpt lat="42.903146" lon="-8.549621">
        <ele>248.876</ele>
        <time>2025-05-15T06:45:37.001Z</time>
      </trkpt>
      <trkpt lat="42.903112" lon="-8.549663">
        <ele>248.790</ele>
        <time>2025-05-15T06:45:41.001Z</time>
      </trkpt>
      <trkpt lat="42.903062" lon="-8.549686">
        <ele>248.619</ele>
        <time>2025-05-15T06:45:45.001Z</time>
      </trkpt>
      <trkpt lat="42.903007" lon="-8.549702">
        <ele>248.609</ele>
        <time>2025-05-15T06:45:51.001Z</time>
      </trkpt>
      <trkpt lat="42.902958" lon="-8.549737">
        <ele>248.579</ele>
        <time>2025-05-15T06:45:59.001Z</time>
      </trkpt>
      <trkpt lat="42.902915" lon="-8.549763">
        <ele>248.478</ele>
        <time>2025-05-15T06:46:02.001Z</time>
      </trkpt>
      <trkpt lat="42.902869" lon="-8.549800">
        <ele>248.320</ele>
        <time>2025-05-15T06:46:06.001Z</time>
      </trkpt>
      <trkpt lat="42.902796" lon="-8.549824">
        <ele>248.292</ele>
        <time>2025-05-15T06:46:11.001Z</time>
      </trkpt>
      <trkpt lat="42.902741" lon="-8.549833">
        <ele>248.246</ele>
        <time>2025-05-15T06:46:19.001Z</time>
      </trkpt>
      <trkpt lat="42.902693" lon="-8.549858">
        <ele>248.137</ele>
        <time>2025-05-15T06:46:26.001Z</time>
      </trkpt>
      <trkpt lat="42.902636" lon="-8.549871">
        <ele>248.028</ele>
        <time>2025-05-15T06:46:30.001Z</time>
      </trkpt>
      <trkpt lat="42.902593" lon="-8.549891">
        <ele>247.998</ele>
        <time>2025-05-15T06:46:34.001Z</time>
      </trkpt>
      <trkpt lat="42.902542" lon="-8.549871">
        <ele>247.921</ele>
        <time>2025-05-15T06:46:37.001Z</time>
      </trkpt>
      <trkpt lat="42.902496" lon="-8.549884">
        <ele>247.872</ele>
        <time>2025-05-15T06:46:41.001Z</time>
      </trkpt>
      <trkpt lat="42.902441" lon="-8.549889">
        <ele>247.813</ele>
        <time>2025-05-15T06:46:47.001Z</time>
      </trkpt>
      <trkpt lat="42.902395" lon="-8.549891">
        <ele>247.814</ele>
        <time>2025-05-15T06:46:54.001Z</time>
      </trkpt>
      <trkpt lat="42.902344" lon="-8.549928">
        <ele>247.709</ele>
        <time>2025-05-15T06:46:58.001Z</time>
      </trkpt>
      <trkpt lat="42.902295" lon="-8.549935">
        <ele>247.759</ele>
        <time>2025-05-15T06:47:02.001Z</time>
      </trkpt>
      <trkpt lat="42.902243" lon="-8.549939">
        <ele>247.728</ele>
        <time>2025-05-15T06:47:07.001Z</time>
      </trkpt>
      <trkpt lat="42.902192" lon="-8.549918">
        <ele>247.680</ele>
        <time>2025-05-15T06:47:13.001Z</time>
      </trkpt>
      <trkpt lat="42.902142" lon="-8.549879">
        <ele>247.662</ele>
        <time>2025-05-15T06:47:17.001Z</time>
      </trkpt>
      <trkpt lat="42.902105" lon="-8.549842">
        <ele>247.656</ele>
        <time>2025-05-15T06:47:22.001Z</time>
      </trkpt>
      <trkpt lat="42.902055" lon="-8.549828">
        <ele>247.467</ele>
        <time>2025-05-15T06:47:26.001Z</time>
      </trkpt>
      <trkpt lat="42.902040" lon="-8.549769">
        <ele>246.988</ele>
        <time>2025-05-15T06:47:40.001Z</time>
      </trkpt>
      <trkpt lat="42.901993" lon="-8.549759">
        <ele>246.468</ele>
        <time>2025-05-15T06:47:45.001Z</time>
      </trkpt>
      <trkpt lat="42.901942" lon="-8.549728">
        <ele>245.851</ele>
        <time>2025-05-15T06:47:52.001Z</time>
      </trkpt>
      <trkpt lat="42.901887" lon="-8.549728">
        <ele>245.349</ele>
        <time>2025-05-15T06:47:58.001Z</time>
      </trkpt>
      <trkpt lat="42.901830" lon="-8.549729">
        <ele>244.702</ele>
        <time>2025-05-15T06:48:04.001Z</time>
      </trkpt>
      <trkpt lat="42.901782" lon="-8.549708">
        <ele>244.022</ele>
        <time>2025-05-15T06:48:08.001Z</time>
      </trkpt>
      <trkpt lat="42.901736" lon="-8.549690">
        <ele>243.409</ele>
        <time>2025-05-15T06:48:14.001Z</time>
      </trkpt>
      <trkpt lat="42.901686" lon="-8.549684">
        <ele>243.056</ele>
        <time>2025-05-15T06:48:19.001Z</time>
      </trkpt>
      <trkpt lat="42.901629" lon="-8.549676">
        <ele>242.665</ele>
        <time>2025-05-15T06:48:24.001Z</time>
      </trkpt>
      <trkpt lat="42.901583" lon="-8.549661">
        <ele>241.977</ele>
        <time>2025-05-15T06:48:29.001Z</time>
      </trkpt>
      <trkpt lat="42.901540" lon="-8.549639">
        <ele>241.339</ele>
        <time>2025-05-15T06:48:34.001Z</time>
      </trkpt>
      <trkpt lat="42.901489" lon="-8.549611">
        <ele>241.093</ele>
        <time>2025-05-15T06:48:39.001Z</time>
      </trkpt>
      <trkpt lat="42.901448" lon="-8.549585">
        <ele>240.714</ele>
        <time>2025-05-15T06:48:44.001Z</time>
      </trkpt>
      <trkpt lat="42.901396" lon="-8.549597">
        <ele>240.575</ele>
        <time>2025-05-15T06:48:49.001Z</time>
      </trkpt>
      <trkpt lat="42.901344" lon="-8.549614">
        <ele>240.375</ele>
        <time>2025-05-15T06:48:54.001Z</time>
      </trkpt>
      <trkpt lat="42.901300" lon="-8.549627">
        <ele>239.978</ele>
        <time>2025-05-15T06:48:58.001Z</time>
      </trkpt>
      <trkpt lat="42.901247" lon="-8.549611">
        <ele>239.514</ele>
        <time>2025-05-15T06:49:05.001Z</time>
      </trkpt>
      <trkpt lat="42.901204" lon="-8.549633">
        <ele>239.454</ele>
        <time>2025-05-15T06:49:11.001Z</time>
      </trkpt>
      <trkpt lat="42.901158" lon="-8.549625">
        <ele>239.409</ele>
        <time>2025-05-15T06:49:18.001Z</time>
      </trkpt>
      <trkpt lat="42.901114" lon="-8.549590">
        <ele>239.409</ele>
        <time>2025-05-15T06:49:22.001Z</time>
      </trkpt>
      <trkpt lat="42.901070" lon="-8.549623">
        <ele>239.473</ele>
        <time>2025-05-15T06:49:31.001Z</time>
      </trkpt>
      <trkpt lat="42.901026" lon="-8.549657">
        <ele>239.462</ele>
        <time>2025-05-15T06:49:36.001Z</time>
      </trkpt>
      <trkpt lat="42.900975" lon="-8.549634">
        <ele>239.194</ele>
        <time>2025-05-15T06:49:45.001Z</time>
      </trkpt>
      <trkpt lat="42.900904" lon="-8.549680">
        <ele>238.836</ele>
        <time>2025-05-15T06:49:56.001Z</time>
      </trkpt>
      <trkpt lat="42.900939" lon="-8.549641">
        <ele>238.710</ele>
        <time>2025-05-15T06:50:07.001Z</time>
      </trkpt>
      <trkpt lat="42.900890" lon="-8.549682">
        <ele>238.731</ele>
        <time>2025-05-15T06:50:37.001Z</time>
      </trkpt>
      <trkpt lat="42.900844" lon="-8.549670">
        <ele>238.652</ele>
        <time>2025-05-15T06:50:43.001Z</time>
      </trkpt>
      <trkpt lat="42.900775" lon="-8.549677">
        <ele>238.512</ele>
        <time>2025-05-15T06:50:48.001Z</time>
      </trkpt>
      <trkpt lat="42.900727" lon="-8.549691">
        <ele>238.585</ele>
        <time>2025-05-15T06:50:52.001Z</time>
      </trkpt>
      <trkpt lat="42.900677" lon="-8.549705">
        <ele>238.559</ele>
        <time>2025-05-15T06:50:56.001Z</time>
      </trkpt>
      <trkpt lat="42.900630" lon="-8.549720">
        <ele>238.503</ele>
        <time>2025-05-15T06:51:01.001Z</time>
      </trkpt>
      <trkpt lat="42.900575" lon="-8.549732">
        <ele>238.423</ele>
        <time>2025-05-15T06:51:06.001Z</time>
      </trkpt>
      <trkpt lat="42.900523" lon="-8.549766">
        <ele>238.409</ele>
        <time>2025-05-15T06:51:11.001Z</time>
      </trkpt>
      <trkpt lat="42.900485" lon="-8.549801">
        <ele>238.417</ele>
        <time>2025-05-15T06:51:14.001Z</time>
      </trkpt>
      <trkpt lat="42.900441" lon="-8.549786">
        <ele>238.456</ele>
        <time>2025-05-15T06:51:19.001Z</time>
      </trkpt>
      <trkpt lat="42.900402" lon="-8.549828">
        <ele>238.488</ele>
        <time>2025-05-15T06:51:25.001Z</time>
      </trkpt>
      <trkpt lat="42.900357" lon="-8.549846">
        <ele>238.340</ele>
        <time>2025-05-15T06:51:32.001Z</time>
      </trkpt>
      <trkpt lat="42.900304" lon="-8.549866">
        <ele>238.234</ele>
        <time>2025-05-15T06:51:40.001Z</time>
      </trkpt>
      <trkpt lat="42.900251" lon="-8.549881">
        <ele>238.275</ele>
        <time>2025-05-15T06:51:48.001Z</time>
      </trkpt>
      <trkpt lat="42.900202" lon="-8.549883">
        <ele>238.296</ele>
        <time>2025-05-15T06:51:54.001Z</time>
      </trkpt>
      <trkpt lat="42.900158" lon="-8.549917">
        <ele>238.466</ele>
        <time>2025-05-15T06:52:01.001Z</time>
      </trkpt>
      <trkpt lat="42.900121" lon="-8.549875">
        <ele>238.699</ele>
        <time>2025-05-15T06:52:04.001Z</time>
      </trkpt>
      <trkpt lat="42.900067" lon="-8.549858">
        <ele>238.658</ele>
        <time>2025-05-15T06:52:10.001Z</time>
      </trkpt>
      <trkpt lat="42.900022" lon="-8.549846">
        <ele>238.652</ele>
        <time>2025-05-15T06:52:16.001Z</time>
      </trkpt>
      <trkpt lat="42.899970" lon="-8.549843">
        <ele>238.417</ele>
        <time>2025-05-15T06:52:27.001Z</time>
      </trkpt>
      <trkpt lat="42.899936" lon="-8.549789">
        <ele>238.209</ele>
        <time>2025-05-15T06:52:42.001Z</time>
      </trkpt>
      <trkpt lat="42.899991" lon="-8.549827">
        <ele>238.127</ele>
        <time>2025-05-15T06:52:56.001Z</time>
      </trkpt>
      <trkpt lat="42.899956" lon="-8.549756">
        <ele>238.046</ele>
        <time>2025-05-15T06:53:22.001Z</time>
      </trkpt>
      <trkpt lat="42.899948" lon="-8.549690">
        <ele>237.828</ele>
        <time>2025-05-15T06:53:32.001Z</time>
      </trkpt>
      <trkpt lat="42.899903" lon="-8.549684">
        <ele>237.630</ele>
        <time>2025-05-15T06:53:45.001Z</time>
      </trkpt>
      <trkpt lat="42.899902" lon="-8.549614">
        <ele>237.524</ele>
        <time>2025-05-15T06:54:14.001Z</time>
      </trkpt>
      <trkpt lat="42.899880" lon="-8.549541">
        <ele>237.545</ele>
        <time>2025-05-15T06:54:20.001Z</time>
      </trkpt>
      <trkpt lat="42.899844" lon="-8.549488">
        <ele>237.586</ele>
        <time>2025-05-15T06:54:25.001Z</time>
      </trkpt>
      <trkpt lat="42.899812" lon="-8.549432">
        <ele>237.356</ele>
        <time>2025-05-15T06:54:29.001Z</time>
      </trkpt>
      <trkpt lat="42.899788" lon="-8.549366">
        <ele>237.069</ele>
        <time>2025-05-15T06:54:35.001Z</time>
      </trkpt>
      <trkpt lat="42.899769" lon="-8.549309">
        <ele>236.825</ele>
        <time>2025-05-15T06:54:40.001Z</time>
      </trkpt>
      <trkpt lat="42.899708" lon="-8.549349">
        <ele>236.726</ele>
        <time>2025-05-15T06:55:09.001Z</time>
      </trkpt>
      <trkpt lat="42.899670" lon="-8.549387">
        <ele>236.708</ele>
        <time>2025-05-15T06:55:14.001Z</time>
      </trkpt>
      <trkpt lat="42.899631" lon="-8.549429">
        <ele>236.609</ele>
        <time>2025-05-15T06:55:19.001Z</time>
      </trkpt>
      <trkpt lat="42.899609" lon="-8.549501">
        <ele>236.534</ele>
        <time>2025-05-15T06:55:24.001Z</time>
      </trkpt>
      <trkpt lat="42.899588" lon="-8.549558">
        <ele>236.423</ele>
        <time>2025-05-15T06:55:29.001Z</time>
      </trkpt>
      <trkpt lat="42.899572" lon="-8.549621">
        <ele>236.475</ele>
        <time>2025-05-15T06:55:34.001Z</time>
      </trkpt>
      <trkpt lat="42.899528" lon="-8.549674">
        <ele>236.417</ele>
        <time>2025-05-15T06:55:40.001Z</time>
      </trkpt>
      <trkpt lat="42.899495" lon="-8.549717">
        <ele>236.421</ele>
        <time>2025-05-15T06:55:43.001Z</time>
      </trkpt>
      <trkpt lat="42.899441" lon="-8.549748">
        <ele>236.482</ele>
        <time>2025-05-15T06:55:49.001Z</time>
      </trkpt>
      <trkpt lat="42.899405" lon="-8.549806">
        <ele>236.473</ele>
        <time>2025-05-15T06:55:54.001Z</time>
      </trkpt>
      <trkpt lat="42.899361" lon="-8.549850">
        <ele>236.483</ele>
        <time>2025-05-15T06:56:01.001Z</time>
      </trkpt>
      <trkpt lat="42.899319" lon="-8.549906">
        <ele>236.476</ele>
        <time>2025-05-15T06:56:06.001Z</time>
      </trkpt>
      <trkpt lat="42.899284" lon="-8.549949">
        <ele>236.354</ele>
        <time>2025-05-15T06:56:09.001Z</time>
      </trkpt>
      <trkpt lat="42.899265" lon="-8.550007">
        <ele>236.356</ele>
        <time>2025-05-15T06:56:16.001Z</time>
      </trkpt>
      <trkpt lat="42.899217" lon="-8.550080">
        <ele>236.311</ele>
        <time>2025-05-15T06:56:19.001Z</time>
      </trkpt>
      <trkpt lat="42.899171" lon="-8.550081">
        <ele>236.209</ele>
        <time>2025-05-15T06:56:25.001Z</time>
      </trkpt>
      <trkpt lat="42.899101" lon="-8.550095">
        <ele>236.257</ele>
        <time>2025-05-15T06:56:28.001Z</time>
      </trkpt>
      <trkpt lat="42.899105" lon="-8.550027">
        <ele>236.166</ele>
        <time>2025-05-15T06:56:33.001Z</time>
      </trkpt>
      <trkpt lat="42.899063" lon="-8.550081">
        <ele>236.018</ele>
        <time>2025-05-15T06:56:39.001Z</time>
      </trkpt>
      <trkpt lat="42.899018" lon="-8.550098">
        <ele>235.910</ele>
        <time>2025-05-15T06:56:47.001Z</time>
      </trkpt>
      <trkpt lat="42.898971" lon="-8.550111">
        <ele>235.874</ele>
        <time>2025-05-15T06:56:59.001Z</time>
      </trkpt>
      <trkpt lat="42.898927" lon="-8.550099">
        <ele>235.855</ele>
        <time>2025-05-15T06:57:18.001Z</time>
      </trkpt>
      <trkpt lat="42.898887" lon="-8.550050">
        <ele>235.836</ele>
        <time>2025-05-15T06:57:42.001Z</time>
      </trkpt>
      <trkpt lat="42.898846" lon="-8.550015">
        <ele>235.956</ele>
        <time>2025-05-15T06:57:50.001Z</time>
      </trkpt>
      <trkpt lat="42.898836" lon="-8.549954">
        <ele>235.979</ele>
        <time>2025-05-15T06:57:55.001Z</time>
      </trkpt>
      <trkpt lat="42.898822" lon="-8.549888">
        <ele>235.959</ele>
        <time>2025-05-15T06:58:00.001Z</time>
      </trkpt>
      <trkpt lat="42.898807" lon="-8.549823">
        <ele>235.903</ele>
        <time>2025-05-15T06:58:04.001Z</time>
      </trkpt>
      <trkpt lat="42.898778" lon="-8.549756">
        <ele>235.923</ele>
        <time>2025-05-15T06:58:10.001Z</time>
      </trkpt>
      <trkpt lat="42.898749" lon="-8.549705">
        <ele>235.909</ele>
        <time>2025-05-15T06:58:14.001Z</time>
      </trkpt>
      <trkpt lat="42.898728" lon="-8.549633">
        <ele>235.877</ele>
        <time>2025-05-15T06:58:20.001Z</time>
      </trkpt>
      <trkpt lat="42.898702" lon="-8.549582">
        <ele>235.776</ele>
        <time>2025-05-15T06:58:25.001Z</time>
      </trkpt>
      <trkpt lat="42.898668" lon="-8.549533">
        <ele>235.638</ele>
        <time>2025-05-15T06:58:29.001Z</time>
      </trkpt>
      <trkpt lat="42.898632" lon="-8.549496">
        <ele>235.680</ele>
        <time>2025-05-15T06:58:34.001Z</time>
      </trkpt>
      <trkpt lat="42.898592" lon="-8.549465">
        <ele>235.694</ele>
        <time>2025-05-15T06:58:37.001Z</time>
      </trkpt>
      <trkpt lat="42.898549" lon="-8.549438">
        <ele>235.525</ele>
        <time>2025-05-15T06:58:40.001Z</time>
      </trkpt>
      <trkpt lat="42.898506" lon="-8.549403">
        <ele>235.346</ele>
        <time>2025-05-15T06:58:46.001Z</time>
      </trkpt>
      <trkpt lat="42.898456" lon="-8.549400">
        <ele>235.296</ele>
        <time>2025-05-15T06:58:50.001Z</time>
      </trkpt>
      <trkpt lat="42.898409" lon="-8.549387">
        <ele>235.149</ele>
        <time>2025-05-15T06:58:53.001Z</time>
      </trkpt>
      <trkpt lat="42.898352" lon="-8.549407">
        <ele>235.098</ele>
        <time>2025-05-15T06:58:59.001Z</time>
      </trkpt>
      <trkpt lat="42.898300" lon="-8.549433">
        <ele>235.015</ele>
        <time>2025-05-15T06:59:04.001Z</time>
      </trkpt>
      <trkpt lat="42.898274" lon="-8.549504">
        <ele>234.926</ele>
        <time>2025-05-15T06:59:09.001Z</time>
      </trkpt>
      <trkpt lat="42.898240" lon="-8.549548">
        <ele>234.809</ele>
        <time>2025-05-15T06:59:15.001Z</time>
      </trkpt>
      <trkpt lat="42.898211" lon="-8.549605">
        <ele>234.871</ele>
        <time>2025-05-15T06:59:30.001Z</time>
      </trkpt>
      <trkpt lat="42.898158" lon="-8.549652">
        <ele>234.750</ele>
        <time>2025-05-15T06:59:34.001Z</time>
      </trkpt>
      <trkpt lat="42.898110" lon="-8.549627">
        <ele>234.662</ele>
        <time>2025-05-15T06:59:43.001Z</time>
      </trkpt>
      <trkpt lat="42.898061" lon="-8.549593">
        <ele>234.724</ele>
        <time>2025-05-15T06:59:49.001Z</time>
      </trkpt>
      <trkpt lat="42.898021" lon="-8.549554">
        <ele>234.758</ele>
        <time>2025-05-15T06:59:52.001Z</time>
      </trkpt>
      <trkpt lat="42.897973" lon="-8.549524">
        <ele>234.779</ele>
        <time>2025-05-15T06:59:57.001Z</time>
      </trkpt>
      <trkpt lat="42.897948" lon="-8.549471">
        <ele>234.740</ele>
        <time>2025-05-15T07:00:05.001Z</time>
      </trkpt>
      <trkpt lat="42.897896" lon="-8.549448">
        <ele>234.740</ele>
        <time>2025-05-15T07:00:08.001Z</time>
      </trkpt>
      <trkpt lat="42.897858" lon="-8.549404">
        <ele>234.773</ele>
        <time>2025-05-15T07:00:13.001Z</time>
      </trkpt>
      <trkpt lat="42.897815" lon="-8.549376">
        <ele>234.795</ele>
        <time>2025-05-15T07:00:18.001Z</time>
      </trkpt>
      <trkpt lat="42.897770" lon="-8.549347">
        <ele>234.749</ele>
        <time>2025-05-15T07:00:24.001Z</time>
      </trkpt>
      <trkpt lat="42.897730" lon="-8.549306">
        <ele>234.823</ele>
        <time>2025-05-15T07:00:28.001Z</time>
      </trkpt>
      <trkpt lat="42.897708" lon="-8.549250">
        <ele>234.909</ele>
        <time>2025-05-15T07:00:32.001Z</time>
      </trkpt>
      <trkpt lat="42.897691" lon="-8.549190">
        <ele>235.091</ele>
        <time>2025-05-15T07:00:36.001Z</time>
      </trkpt>
      <trkpt lat="42.897644" lon="-8.549162">
        <ele>235.070</ele>
        <time>2025-05-15T07:00:40.001Z</time>
      </trkpt>
      <trkpt lat="42.897596" lon="-8.549132">
        <ele>235.062</ele>
        <time>2025-05-15T07:00:44.001Z</time>
      </trkpt>
      <trkpt lat="42.897549" lon="-8.549096">
        <ele>235.084</ele>
        <time>2025-05-15T07:00:49.001Z</time>
      </trkpt>
      <trkpt lat="42.897493" lon="-8.549064">
        <ele>234.928</ele>
        <time>2025-05-15T07:00:54.001Z</time>
      </trkpt>
      <trkpt lat="42.897444" lon="-8.549037">
        <ele>234.849</ele>
        <time>2025-05-15T07:01:01.001Z</time>
      </trkpt>
      <trkpt lat="42.897397" lon="-8.549003">
        <ele>234.790</ele>
        <time>2025-05-15T07:01:06.001Z</time>
      </trkpt>
      <trkpt lat="42.897350" lon="-8.548974">
        <ele>234.750</ele>
        <time>2025-05-15T07:01:10.001Z</time>
      </trkpt>
      <trkpt lat="42.897304" lon="-8.548932">
        <ele>234.553</ele>
        <time>2025-05-15T07:01:14.001Z</time>
      </trkpt>
      <trkpt lat="42.897259" lon="-8.548907">
        <ele>234.392</ele>
        <time>2025-05-15T07:01:17.001Z</time>
      </trkpt>
      <trkpt lat="42.897213" lon="-8.548909">
        <ele>234.073</ele>
        <time>2025-05-15T07:01:21.001Z</time>
      </trkpt>
      <trkpt lat="42.897165" lon="-8.548922">
        <ele>233.820</ele>
        <time>2025-05-15T07:01:25.001Z</time>
      </trkpt>
      <trkpt lat="42.897130" lon="-8.548973">
        <ele>233.709</ele>
        <time>2025-05-15T07:01:30.001Z</time>
      </trkpt>
      <trkpt lat="42.897146" lon="-8.549034">
        <ele>233.611</ele>
        <time>2025-05-15T07:01:35.001Z</time>
      </trkpt>
      <trkpt lat="42.897135" lon="-8.549105">
        <ele>233.470</ele>
        <time>2025-05-15T07:01:40.001Z</time>
      </trkpt>
      <trkpt lat="42.897117" lon="-8.549167">
        <ele>233.352</ele>
        <time>2025-05-15T07:01:45.001Z</time>
      </trkpt>
      <trkpt lat="42.897077" lon="-8.549200">
        <ele>233.244</ele>
        <time>2025-05-15T07:01:48.001Z</time>
      </trkpt>
      <trkpt lat="42.897039" lon="-8.549247">
        <ele>233.278</ele>
        <time>2025-05-15T07:01:53.001Z</time>
      </trkpt>
      <trkpt lat="42.897006" lon="-8.549306">
        <ele>233.269</ele>
        <time>2025-05-15T07:01:58.001Z</time>
      </trkpt>
      <trkpt lat="42.896965" lon="-8.549344">
        <ele>233.120</ele>
        <time>2025-05-15T07:02:02.001Z</time>
      </trkpt>
      <trkpt lat="42.896920" lon="-8.549364">
        <ele>233.130</ele>
        <time>2025-05-15T07:02:06.001Z</time>
      </trkpt>
      <trkpt lat="42.896886" lon="-8.549404">
        <ele>233.163</ele>
        <time>2025-05-15T07:02:10.001Z</time>
      </trkpt>
      <trkpt lat="42.896829" lon="-8.549437">
        <ele>233.134</ele>
        <time>2025-05-15T07:02:16.001Z</time>
      </trkpt>
      <trkpt lat="42.896805" lon="-8.549511">
        <ele>233.155</ele>
        <time>2025-05-15T07:02:25.001Z</time>
      </trkpt>
      <trkpt lat="42.896766" lon="-8.549542">
        <ele>233.010</ele>
        <time>2025-05-15T07:02:29.001Z</time>
      </trkpt>
      <trkpt lat="42.896737" lon="-8.549605">
        <ele>232.909</ele>
        <time>2025-05-15T07:02:33.001Z</time>
      </trkpt>
      <trkpt lat="42.896691" lon="-8.549650">
        <ele>232.865</ele>
        <time>2025-05-15T07:02:38.001Z</time>
      </trkpt>
      <trkpt lat="42.896652" lon="-8.549697">
        <ele>232.874</ele>
        <time>2025-05-15T07:02:41.001Z</time>
      </trkpt>
      <trkpt lat="42.896618" lon="-8.549764">
        <ele>232.836</ele>
        <time>2025-05-15T07:02:48.001Z</time>
      </trkpt>
      <trkpt lat="42.896590" lon="-8.549823">
        <ele>232.758</ele>
        <time>2025-05-15T07:02:54.001Z</time>
      </trkpt>
      <trkpt lat="42.896553" lon="-8.549871">
        <ele>232.782</ele>
        <time>2025-05-15T07:02:58.001Z</time>
      </trkpt>
      <trkpt lat="42.896524" lon="-8.549921">
        <ele>232.743</ele>
        <time>2025-05-15T07:03:02.001Z</time>
      </trkpt>
      <trkpt lat="42.896515" lon="-8.549982">
        <ele>232.724</ele>
        <time>2025-05-15T07:03:07.001Z</time>
      </trkpt>
      <trkpt lat="42.896480" lon="-8.550039">
        <ele>232.824</ele>
        <time>2025-05-15T07:03:13.001Z</time>
      </trkpt>
      <trkpt lat="42.896524" lon="-8.550008">
        <ele>233.267</ele>
        <time>2025-05-15T07:03:17.001Z</time>
      </trkpt>
      <trkpt lat="42.896462" lon="-8.549996">
        <ele>233.915</ele>
        <time>2025-05-15T07:03:18.001Z</time>
      </trkpt>
      <trkpt lat="42.896412" lon="-8.550000">
        <ele>234.465</ele>
        <time>2025-05-15T07:03:21.001Z</time>
      </trkpt>
      <trkpt lat="42.896372" lon="-8.549965">
        <ele>234.511</ele>
        <time>2025-05-15T07:03:25.001Z</time>
      </trkpt>
      <trkpt lat="42.896332" lon="-8.549929">
        <ele>234.509</ele>
        <time>2025-05-15T07:03:30.001Z</time>
      </trkpt>
      <trkpt lat="42.896295" lon="-8.549884">
        <ele>234.593</ele>
        <time>2025-05-15T07:03:35.001Z</time>
      </trkpt>
      <trkpt lat="42.896251" lon="-8.549850">
        <ele>234.572</ele>
        <time>2025-05-15T07:03:40.001Z</time>
      </trkpt>
      <trkpt lat="42.896201" lon="-8.549812">
        <ele>234.544</ele>
        <time>2025-05-15T07:03:45.001Z</time>
      </trkpt>
      <trkpt lat="42.896168" lon="-8.549764">
        <ele>234.556</ele>
        <time>2025-05-15T07:03:50.001Z</time>
      </trkpt>
      <trkpt lat="42.896152" lon="-8.549846">
        <ele>234.460</ele>
        <time>2025-05-15T07:04:02.001Z</time>
      </trkpt>
      <trkpt lat="42.896134" lon="-8.549787">
        <ele>234.081</ele>
        <time>2025-05-15T07:04:09.001Z</time>
      </trkpt>
      <trkpt lat="42.896096" lon="-8.549820">
        <ele>233.792</ele>
        <time>2025-05-15T07:04:33.001Z</time>
      </trkpt>
      <trkpt lat="42.896043" lon="-8.549845">
        <ele>233.742</ele>
        <time>2025-05-15T07:04:39.001Z</time>
      </trkpt>
      <trkpt lat="42.896001" lon="-8.549872">
        <ele>233.675</ele>
        <time>2025-05-15T07:04:41.001Z</time>
      </trkpt>
      <trkpt lat="42.895955" lon="-8.549875">
        <ele>233.218</ele>
        <time>2025-05-15T07:04:47.001Z</time>
      </trkpt>
      <trkpt lat="42.895908" lon="-8.549867">
        <ele>232.898</ele>
        <time>2025-05-15T07:04:49.001Z</time>
      </trkpt>
      <trkpt lat="42.895861" lon="-8.549842">
        <ele>232.417</ele>
        <time>2025-05-15T07:04:55.001Z</time>
      </trkpt>
      <trkpt lat="42.895813" lon="-8.549832">
        <ele>232.109</ele>
        <time>2025-05-15T07:05:04.001Z</time>
      </trkpt>
      <trkpt lat="42.895766" lon="-8.549824">
        <ele>232.183</ele>
        <time>2025-05-15T07:05:13.001Z</time>
      </trkpt>
      <trkpt lat="42.895725" lon="-8.549784">
        <ele>232.012</ele>
        <time>2025-05-15T07:05:17.001Z</time>
      </trkpt>
      <trkpt lat="42.895715" lon="-8.549715">
        <ele>231.974</ele>
        <time>2025-05-15T07:05:25.001Z</time>
      </trkpt>
      <trkpt lat="42.895685" lon="-8.549661">
        <ele>231.926</ele>
        <time>2025-05-15T07:05:30.001Z</time>
      </trkpt>
      <trkpt lat="42.895666" lon="-8.549590">
        <ele>231.850</ele>
        <time>2025-05-15T07:05:35.001Z</time>
      </trkpt>
      <trkpt lat="42.895638" lon="-8.549537">
        <ele>231.841</ele>
        <time>2025-05-15T07:05:40.001Z</time>
      </trkpt>
      <trkpt lat="42.895594" lon="-8.549505">
        <ele>231.832</ele>
        <time>2025-05-15T07:05:44.001Z</time>
      </trkpt>
      <trkpt lat="42.895544" lon="-8.549496">
        <ele>232.072</ele>
        <time>2025-05-15T07:05:49.001Z</time>
      </trkpt>
      <trkpt lat="42.895496" lon="-8.549503">
        <ele>232.375</ele>
        <time>2025-05-15T07:05:53.001Z</time>
      </trkpt>
      <trkpt lat="42.895456" lon="-8.549556">
        <ele>232.338</ele>
        <time>2025-05-15T07:05:58.001Z</time>
      </trkpt>
      <trkpt lat="42.895415" lon="-8.549588">
        <ele>232.370</ele>
        <time>2025-05-15T07:06:02.001Z</time>
      </trkpt>
      <trkpt lat="42.895370" lon="-8.549620">
        <ele>232.317</ele>
        <time>2025-05-15T07:06:07.001Z</time>
      </trkpt>
      <trkpt lat="42.895327" lon="-8.549646">
        <ele>232.209</ele>
        <time>2025-05-15T07:06:11.001Z</time>
      </trkpt>
      <trkpt lat="42.895276" lon="-8.549655">
        <ele>232.265</ele>
        <time>2025-05-15T07:06:16.001Z</time>
      </trkpt>
      <trkpt lat="42.895233" lon="-8.549676">
        <ele>232.124</ele>
        <time>2025-05-15T07:06:20.001Z</time>
      </trkpt>
      <trkpt lat="42.895188" lon="-8.549708">
        <ele>231.866</ele>
        <time>2025-05-15T07:06:24.001Z</time>
      </trkpt>
      <trkpt lat="42.895139" lon="-8.549733">
        <ele>231.698</ele>
        <time>2025-05-15T07:06:29.001Z</time>
      </trkpt>
      <trkpt lat="42.895103" lon="-8.549777">
        <ele>231.562</ele>
        <time>2025-05-15T07:06:33.001Z</time>
      </trkpt>
      <trkpt lat="42.895063" lon="-8.549814">
        <ele>231.333</ele>
        <time>2025-05-15T07:06:37.001Z</time>
      </trkpt>
      <trkpt lat="42.895018" lon="-8.549839">
        <ele>231.154</ele>
        <time>2025-05-15T07:06:42.001Z</time>
      </trkpt>
      <trkpt lat="42.894965" lon="-8.549832">
        <ele>231.134</ele>
        <time>2025-05-15T07:06:47.001Z</time>
      </trkpt>
      <trkpt lat="42.894918" lon="-8.549807">
        <ele>231.147</ele>
        <time>2025-05-15T07:06:53.001Z</time>
      </trkpt>
      <trkpt lat="42.894866" lon="-8.549787">
        <ele>231.164</ele>
        <time>2025-05-15T07:06:57.001Z</time>
      </trkpt>
      <trkpt lat="42.894824" lon="-8.549750">
        <ele>231.206</ele>
        <time>2025-05-15T07:07:01.001Z</time>
      </trkpt>
      <trkpt lat="42.894771" lon="-8.549738">
        <ele>231.216</ele>
        <time>2025-05-15T07:07:06.001Z</time>
      </trkpt>
      <trkpt lat="42.894724" lon="-8.549698">
        <ele>231.209</ele>
        <time>2025-05-15T07:07:11.001Z</time>
      </trkpt>
      <trkpt lat="42.894676" lon="-8.549670">
        <ele>231.188</ele>
        <time>2025-05-15T07:07:16.001Z</time>
      </trkpt>
      <trkpt lat="42.894629" lon="-8.549663">
        <ele>230.957</ele>
        <time>2025-05-15T07:07:21.001Z</time>
      </trkpt>
      <trkpt lat="42.894582" lon="-8.549654">
        <ele>230.989</ele>
        <time>2025-05-15T07:07:26.001Z</time>
      </trkpt>
      <trkpt lat="42.894539" lon="-8.549635">
        <ele>230.921</ele>
        <time>2025-05-15T07:07:31.001Z</time>
      </trkpt>
      <trkpt lat="42.894492" lon="-8.549600">
        <ele>230.925</ele>
        <time>2025-05-15T07:07:36.001Z</time>
      </trkpt>
      <trkpt lat="42.894443" lon="-8.549570">
        <ele>231.096</ele>
        <time>2025-05-15T07:07:41.001Z</time>
      </trkpt>
      <trkpt lat="42.894396" lon="-8.549538">
        <ele>231.117</ele>
        <time>2025-05-15T07:07:46.001Z</time>
      </trkpt>
      <trkpt lat="42.894336" lon="-8.549550">
        <ele>231.117</ele>
        <time>2025-05-15T07:07:50.001Z</time>
      </trkpt>
      <trkpt lat="42.894285" lon="-8.549534">
        <ele>231.210</ele>
        <time>2025-05-15T07:07:55.001Z</time>
      </trkpt>
      <trkpt lat="42.894235" lon="-8.549526">
        <ele>231.326</ele>
        <time>2025-05-15T07:07:59.001Z</time>
      </trkpt>
      <trkpt lat="42.894189" lon="-8.549498">
        <ele>231.547</ele>
        <time>2025-05-15T07:08:03.001Z</time>
      </trkpt>
      <trkpt lat="42.894141" lon="-8.549484">
        <ele>231.611</ele>
        <time>2025-05-15T07:08:07.001Z</time>
      </trkpt>
      <trkpt lat="42.894094" lon="-8.549478">
        <ele>231.609</ele>
        <time>2025-05-15T07:08:11.001Z</time>
      </trkpt>
      <trkpt lat="42.894047" lon="-8.549466">
        <ele>231.624</ele>
        <time>2025-05-15T07:08:15.001Z</time>
      </trkpt>
      <trkpt lat="42.893998" lon="-8.549497">
        <ele>231.613</ele>
        <time>2025-05-15T07:08:19.001Z</time>
      </trkpt>
      <trkpt lat="42.893949" lon="-8.549525">
        <ele>231.615</ele>
        <time>2025-05-15T07:08:23.001Z</time>
      </trkpt>
      <trkpt lat="42.893897" lon="-8.549540">
        <ele>231.647</ele>
        <time>2025-05-15T07:08:27.001Z</time>
      </trkpt>
      <trkpt lat="42.893849" lon="-8.549558">
        <ele>231.481</ele>
        <time>2025-05-15T07:08:31.001Z</time>
      </trkpt>
      <trkpt lat="42.893801" lon="-8.549582">
        <ele>231.132</ele>
        <time>2025-05-15T07:08:35.001Z</time>
      </trkpt>
      <trkpt lat="42.893754" lon="-8.549609">
        <ele>230.883</ele>
        <time>2025-05-15T07:08:39.001Z</time>
      </trkpt>
      <trkpt lat="42.893709" lon="-8.549648">
        <ele>230.633</ele>
        <time>2025-05-15T07:08:43.001Z</time>
      </trkpt>
      <trkpt lat="42.893673" lon="-8.549694">
        <ele>230.566</ele>
        <time>2025-05-15T07:08:47.001Z</time>
      </trkpt>
      <trkpt lat="42.893640" lon="-8.549742">
        <ele>230.492</ele>
        <time>2025-05-15T07:08:51.001Z</time>
      </trkpt>
      <trkpt lat="42.893609" lon="-8.549792">
        <ele>230.373</ele>
        <time>2025-05-15T07:08:55.001Z</time>
      </trkpt>
      <trkpt lat="42.893586" lon="-8.549848">
        <ele>230.220</ele>
        <time>2025-05-15T07:08:59.001Z</time>
      </trkpt>
      <trkpt lat="42.893551" lon="-8.549891">
        <ele>230.109</ele>
        <time>2025-05-15T07:09:03.001Z</time>
      </trkpt>
      <trkpt lat="42.893502" lon="-8.549900">
        <ele>230.111</ele>
        <time>2025-05-15T07:09:08.001Z</time>
      </trkpt>
      <trkpt lat="42.893460" lon="-8.549926">
        <ele>230.140</ele>
        <time>2025-05-15T07:09:12.001Z</time>
      </trkpt>
      <trkpt lat="42.893420" lon="-8.549977">
        <ele>230.012</ele>
        <time>2025-05-15T07:09:16.001Z</time>
      </trkpt>
      <trkpt lat="42.893373" lon="-8.549965">
        <ele>229.964</ele>
        <time>2025-05-15T07:09:22.001Z</time>
      </trkpt>
      <trkpt lat="42.893359" lon="-8.549899">
        <ele>229.858</ele>
        <time>2025-05-15T07:09:26.001Z</time>
      </trkpt>
      <trkpt lat="42.893334" lon="-8.549838">
        <ele>229.889</ele>
        <time>2025-05-15T07:09:30.001Z</time>
      </trkpt>
      <trkpt lat="42.893300" lon="-8.549792">
        <ele>229.860</ele>
        <time>2025-05-15T07:09:34.001Z</time>
      </trkpt>
      <trkpt lat="42.893250" lon="-8.549776">
        <ele>229.840</ele>
        <time>2025-05-15T07:09:43.001Z</time>
      </trkpt>
      <trkpt lat="42.893208" lon="-8.549827">
        <ele>229.813</ele>
        <time>2025-05-15T07:09:47.001Z</time>
      </trkpt>
      <trkpt lat="42.893167" lon="-8.549875">
        <ele>229.966</ele>
        <time>2025-05-15T07:09:52.001Z</time>
      </trkpt>
      <trkpt lat="42.893128" lon="-8.549929">
        <ele>230.029</ele>
        <time>2025-05-15T07:09:57.001Z</time>
      </trkpt>
      <trkpt lat="42.893089" lon="-8.549982">
        <ele>230.021</ele>
        <time>2025-05-15T07:10:02.001Z</time>
      </trkpt>
      <trkpt lat="42.893051" lon="-8.550021">
        <ele>230.009</ele>
        <time>2025-05-15T07:10:08.001Z</time>
      </trkpt>
      <trkpt lat="42.893015" lon="-8.550076">
        <ele>229.988</ele>
        <time>2025-05-15T07:10:13.001Z</time>
      </trkpt>
      <trkpt lat="42.892978" lon="-8.550129">
        <ele>229.787</ele>
        <time>2025-05-15T07:10:17.001Z</time>
      </trkpt>
      <trkpt lat="42.892947" lon="-8.550178">
        <ele>229.649</ele>
        <time>2025-05-15T07:10:21.001Z</time>
      </trkpt>
      <trkpt lat="42.892922" lon="-8.550231">
        <ele>229.511</ele>
        <time>2025-05-15T07:10:25.001Z</time>
      </trkpt>
      <trkpt lat="42.892935" lon="-8.550294">
        <ele>229.435</ele>
        <time>2025-05-15T07:10:29.001Z</time>
      </trkpt>
      <trkpt lat="42.892951" lon="-8.550361">
        <ele>229.326</ele>
        <time>2025-05-15T07:10:34.001Z</time>
      </trkpt>
      <trkpt lat="42.892959" lon="-8.550424">
        <ele>229.317</ele>
        <time>2025-05-15T07:10:38.001Z</time>
      </trkpt>
      <trkpt lat="42.892957" lon="-8.550362">
        <ele>229.347</ele>
        <time>2025-05-15T07:11:00.001Z</time>
      </trkpt>
      <trkpt lat="42.892958" lon="-8.550426">
        <ele>229.250</ele>
        <time>2025-05-15T07:11:20.001Z</time>
      </trkpt>
      <trkpt lat="42.892981" lon="-8.550482">
        <ele>229.199</ele>
        <time>2025-05-15T07:11:26.001Z</time>
      </trkpt>
      <trkpt lat="42.892972" lon="-8.550544">
        <ele>229.007</ele>
        <time>2025-05-15T07:11:32.001Z</time>
      </trkpt>
      <trkpt lat="42.892940" lon="-8.550597">
        <ele>228.927</ele>
        <time>2025-05-15T07:11:36.001Z</time>
      </trkpt>
      <trkpt lat="42.892906" lon="-8.550640">
        <ele>228.909</ele>
        <time>2025-05-15T07:11:40.001Z</time>
      </trkpt>
      <trkpt lat="42.892857" lon="-8.550672">
        <ele>228.891</ele>
        <time>2025-05-15T07:11:44.001Z</time>
      </trkpt>
      <trkpt lat="42.892813" lon="-8.550704">
        <ele>228.720</ele>
        <time>2025-05-15T07:11:48.001Z</time>
      </trkpt>
      <trkpt lat="42.892764" lon="-8.550708">
        <ele>228.642</ele>
        <time>2025-05-15T07:11:53.001Z</time>
      </trkpt>
      <trkpt lat="42.892714" lon="-8.550709">
        <ele>228.654</ele>
        <time>2025-05-15T07:11:57.001Z</time>
      </trkpt>
      <trkpt lat="42.892665" lon="-8.550697">
        <ele>228.648</ele>
        <time>2025-05-15T07:12:01.001Z</time>
      </trkpt>
      <trkpt lat="42.892614" lon="-8.550695">
        <ele>228.629</ele>
        <time>2025-05-15T07:12:05.001Z</time>
      </trkpt>
      <trkpt lat="42.892567" lon="-8.550681">
        <ele>228.660</ele>
        <time>2025-05-15T07:12:10.001Z</time>
      </trkpt>
      <trkpt lat="42.892514" lon="-8.550667">
        <ele>228.650</ele>
        <time>2025-05-15T07:12:15.001Z</time>
      </trkpt>
      <trkpt lat="42.892475" lon="-8.550633">
        <ele>228.843</ele>
        <time>2025-05-15T07:12:19.001Z</time>
      </trkpt>
      <trkpt lat="42.892434" lon="-8.550601">
        <ele>229.133</ele>
        <time>2025-05-15T07:12:23.001Z</time>
      </trkpt>
      <trkpt lat="42.892392" lon="-8.550571">
        <ele>229.223</ele>
        <time>2025-05-15T07:12:26.001Z</time>
      </trkpt>
      <trkpt lat="42.892349" lon="-8.550536">
        <ele>229.215</ele>
        <time>2025-05-15T07:12:31.001Z</time>
      </trkpt>
      <trkpt lat="42.892313" lon="-8.550496">
        <ele>229.209</ele>
        <time>2025-05-15T07:12:35.001Z</time>
      </trkpt>
      <trkpt lat="42.892273" lon="-8.550461">
        <ele>229.075</ele>
        <time>2025-05-15T07:12:39.001Z</time>
      </trkpt>
      <trkpt lat="42.892239" lon="-8.550416">
        <ele>228.884</ele>
        <time>2025-05-15T07:12:43.001Z</time>
      </trkpt>
      <trkpt lat="42.892196" lon="-8.550381">
        <ele>228.776</ele>
        <time>2025-05-15T07:12:47.001Z</time>
      </trkpt>
      <trkpt lat="42.892160" lon="-8.550330">
        <ele>228.618</ele>
        <time>2025-05-15T07:12:51.001Z</time>
      </trkpt>
      <trkpt lat="42.892127" lon="-8.550285">
        <ele>228.572</ele>
        <time>2025-05-15T07:12:55.001Z</time>
      </trkpt>
      <trkpt lat="42.892084" lon="-8.550229">
        <ele>228.563</ele>
        <time>2025-05-15T07:13:00.001Z</time>
      </trkpt>
      <trkpt lat="42.892046" lon="-8.550177">
        <ele>228.534</ele>
        <time>2025-05-15T07:13:05.001Z</time>
      </trkpt>
      <trkpt lat="42.892017" lon="-8.550128">
        <ele>228.524</ele>
        <time>2025-05-15T07:13:09.001Z</time>
      </trkpt>
      <trkpt lat="42.891981" lon="-8.550087">
        <ele>228.697</ele>
        <time>2025-05-15T07:13:13.001Z</time>
      </trkpt>
      <trkpt lat="42.891946" lon="-8.550044">
        <ele>228.777</ele>
        <time>2025-05-15T07:13:17.001Z</time>
      </trkpt>
      <trkpt lat="42.891918" lon="-8.549996">
        <ele>228.761</ele>
        <time>2025-05-15T07:13:21.001Z</time>
      </trkpt>
      <trkpt lat="42.891885" lon="-8.549951">
        <ele>228.727</ele>
        <time>2025-05-15T07:13:25.001Z</time>
      </trkpt>
      <trkpt lat="42.891836" lon="-8.549918">
        <ele>228.709</ele>
        <time>2025-05-15T07:13:30.001Z</time>
      </trkpt>
      <trkpt lat="42.891784" lon="-8.549908">
        <ele>228.729</ele>
        <time>2025-05-15T07:13:34.001Z</time>
      </trkpt>
      <trkpt lat="42.891731" lon="-8.549923">
        <ele>228.718</ele>
        <time>2025-05-15T07:13:41.001Z</time>
      </trkpt>
      <trkpt lat="42.891686" lon="-8.549903">
        <ele>228.730</ele>
        <time>2025-05-15T07:14:06.001Z</time>
      </trkpt>
      <trkpt lat="42.891636" lon="-8.549903">
        <ele>228.772</ele>
        <time>2025-05-15T07:14:12.001Z</time>
      </trkpt>
      <trkpt lat="42.891588" lon="-8.549890">
        <ele>228.626</ele>
        <time>2025-05-15T07:14:18.001Z</time>
      </trkpt>
      <trkpt lat="42.891541" lon="-8.549904">
        <ele>228.497</ele>
        <time>2025-05-15T07:14:23.001Z</time>
      </trkpt>
      <trkpt lat="42.891495" lon="-8.549932">
        <ele>228.228</ele>
        <time>2025-05-15T07:14:28.001Z</time>
      </trkpt>
      <trkpt lat="42.891454" lon="-8.549968">
        <ele>228.188</ele>
        <time>2025-05-15T07:14:33.001Z</time>
      </trkpt>
      <trkpt lat="42.891411" lon="-8.550002">
        <ele>228.161</ele>
        <time>2025-05-15T07:14:38.001Z</time>
      </trkpt>
      <trkpt lat="42.891363" lon="-8.550005">
        <ele>228.184</ele>
        <time>2025-05-15T07:14:43.001Z</time>
      </trkpt>
      <trkpt lat="42.891304" lon="-8.550025">
        <ele>228.107</ele>
        <time>2025-05-15T07:14:48.001Z</time>
      </trkpt>
      <trkpt lat="42.891253" lon="-8.550029">
        <ele>228.117</ele>
        <time>2025-05-15T07:14:54.001Z</time>
      </trkpt>
      <trkpt lat="42.891201" lon="-8.550027">
        <ele>228.109</ele>
        <time>2025-05-15T07:14:59.001Z</time>
      </trkpt>
      <trkpt lat="42.891147" lon="-8.550038">
        <ele>228.070</ele>
        <time>2025-05-15T07:15:04.001Z</time>
      </trkpt>
      <trkpt lat="42.891098" lon="-8.550031">
        <ele>227.839</ele>
        <time>2025-05-15T07:15:08.001Z</time>
      </trkpt>
      <trkpt lat="42.891051" lon="-8.550059">
        <ele>227.791</ele>
        <time>2025-05-15T07:15:13.001Z</time>
      </trkpt>
      <trkpt lat="42.891006" lon="-8.550069">
        <ele>227.773</ele>
        <time>2025-05-15T07:15:17.001Z</time>
      </trkpt>
      <trkpt lat="42.890958" lon="-8.550064">
        <ele>227.797</ele>
        <time>2025-05-15T07:15:21.001Z</time>
      </trkpt>
      <trkpt lat="42.890912" lon="-8.550064">
        <ele>227.638</ele>
        <time>2025-05-15T07:15:25.001Z</time>
      </trkpt>
      <trkpt lat="42.890866" lon="-8.550044">
        <ele>227.519</ele>
        <time>2025-05-15T07:15:29.001Z</time>
      </trkpt>
      <trkpt lat="42.890817" lon="-8.550053">
        <ele>227.449</ele>
        <time>2025-05-15T07:15:34.001Z</time>
      </trkpt>
      <trkpt lat="42.890774" lon="-8.550074">
        <ele>227.362</ele>
        <time>2025-05-15T07:15:38.001Z</time>
      </trkpt>
      <trkpt lat="42.890727" lon="-8.550104">
        <ele>227.332</ele>
        <time>2025-05-15T07:15:43.001Z</time>
      </trkpt>
      <trkpt lat="42.890679" lon="-8.550097">
        <ele>227.392</ele>
        <time>2025-05-15T07:15:47.001Z</time>
      </trkpt>
      <trkpt lat="42.890627" lon="-8.550110">
        <ele>227.311</ele>
        <time>2025-05-15T07:15:53.001Z</time>
      </trkpt>
      <trkpt lat="42.890581" lon="-8.550056">
        <ele>227.309</ele>
        <time>2025-05-15T07:15:58.001Z</time>
      </trkpt>
      <trkpt lat="42.890527" lon="-8.550029">
        <ele>227.225</ele>
        <time>2025-05-15T07:16:05.001Z</time>
      </trkpt>
      <trkpt lat="42.890480" lon="-8.550021">
        <ele>227.284</ele>
        <time>2025-05-15T07:16:09.001Z</time>
      </trkpt>
      <trkpt lat="42.890420" lon="-8.550020">
        <ele>227.126</ele>
        <time>2025-05-15T07:16:14.001Z</time>
      </trkpt>
      <trkpt lat="42.890372" lon="-8.550004">
        <ele>227.178</ele>
        <time>2025-05-15T07:16:18.001Z</time>
      </trkpt>
      <trkpt lat="42.890320" lon="-8.549976">
        <ele>227.052</ele>
        <time>2025-05-15T07:16:23.001Z</time>
      </trkpt>
      <trkpt lat="42.890277" lon="-8.549955">
        <ele>226.923</ele>
        <time>2025-05-15T07:16:28.001Z</time>
      </trkpt>
      <trkpt lat="42.890255" lon="-8.549901">
        <ele>226.954</ele>
        <time>2025-05-15T07:16:34.001Z</time>
      </trkpt>
      <trkpt lat="42.890217" lon="-8.549854">
        <ele>226.914</ele>
        <time>2025-05-15T07:16:39.001Z</time>
      </trkpt>
      <trkpt lat="42.890174" lon="-8.549824">
        <ele>226.817</ele>
        <time>2025-05-15T07:16:43.001Z</time>
      </trkpt>
      <trkpt lat="42.890137" lon="-8.549773">
        <ele>226.783</ele>
        <time>2025-05-15T07:16:48.001Z</time>
      </trkpt>
      <trkpt lat="42.890087" lon="-8.549744">
        <ele>226.625</ele>
        <time>2025-05-15T07:16:54.001Z</time>
      </trkpt>
      <trkpt lat="42.890051" lon="-8.549704">
        <ele>226.617</ele>
        <time>2025-05-15T07:16:59.001Z</time>
      </trkpt>
      <trkpt lat="42.890008" lon="-8.549671">
        <ele>226.609</ele>
        <time>2025-05-15T07:17:04.001Z</time>
      </trkpt>
      <trkpt lat="42.889966" lon="-8.549634">
        <ele>226.590</ele>
        <time>2025-05-15T07:17:08.001Z</time>
      </trkpt>
      <trkpt lat="42.889946" lon="-8.549579">
        <ele>226.599</ele>
        <time>2025-05-15T07:17:13.001Z</time>
      </trkpt>
      <trkpt lat="42.889941" lon="-8.549507">
        <ele>226.591</ele>
        <time>2025-05-15T07:17:19.001Z</time>
      </trkpt>
      <trkpt lat="42.889930" lon="-8.549433">
        <ele>226.533</ele>
        <time>2025-05-15T07:17:24.001Z</time>
      </trkpt>
      <trkpt lat="42.889899" lon="-8.549372">
        <ele>226.517</ele>
        <time>2025-05-15T07:17:29.001Z</time>
      </trkpt>
      <trkpt lat="42.889874" lon="-8.549312">
        <ele>226.588</ele>
        <time>2025-05-15T07:17:34.001Z</time>
      </trkpt>
      <trkpt lat="42.889831" lon="-8.549270">
        <ele>226.689</ele>
        <time>2025-05-15T07:17:40.001Z</time>
      </trkpt>
      <trkpt lat="42.889797" lon="-8.549230">
        <ele>226.749</ele>
        <time>2025-05-15T07:17:44.001Z</time>
      </trkpt>
      <trkpt lat="42.889747" lon="-8.549211">
        <ele>226.732</ele>
        <time>2025-05-15T07:17:50.001Z</time>
      </trkpt>
      <trkpt lat="42.889709" lon="-8.549175">
        <ele>226.771</ele>
        <time>2025-05-15T07:17:54.001Z</time>
      </trkpt>
      <trkpt lat="42.889658" lon="-8.549156">
        <ele>226.841</ele>
        <time>2025-05-15T07:17:59.001Z</time>
      </trkpt>
      <trkpt lat="42.889610" lon="-8.549136">
        <ele>226.815</ele>
        <time>2025-05-15T07:18:04.001Z</time>
      </trkpt>
      <trkpt lat="42.889560" lon="-8.549126">
        <ele>226.809</ele>
        <time>2025-05-15T07:18:08.001Z</time>
      </trkpt>
      <trkpt lat="42.889516" lon="-8.549110">
        <ele>227.099</ele>
        <time>2025-05-15T07:18:12.001Z</time>
      </trkpt>
      <trkpt lat="42.889471" lon="-8.549080">
        <ele>227.238</ele>
        <time>2025-05-15T07:18:16.001Z</time>
      </trkpt>
      <trkpt lat="42.889425" lon="-8.549047">
        <ele>227.390</ele>
        <time>2025-05-15T07:18:20.001Z</time>
      </trkpt>
      <trkpt lat="42.889376" lon="-8.549015">
        <ele>227.342</ele>
        <time>2025-05-15T07:18:25.001Z</time>
      </trkpt>
      <trkpt lat="42.889342" lon="-8.548973">
        <ele>227.386</ele>
        <time>2025-05-15T07:18:29.001Z</time>
      </trkpt>
      <trkpt lat="42.889303" lon="-8.548936">
        <ele>227.367</ele>
        <time>2025-05-15T07:18:34.001Z</time>
      </trkpt>
      <trkpt lat="42.889254" lon="-8.548898">
        <ele>227.368</ele>
        <time>2025-05-15T07:18:40.001Z</time>
      </trkpt>
      <trkpt lat="42.889248" lon="-8.548829">
        <ele>227.148</ele>
        <time>2025-05-15T07:18:44.001Z</time>
      </trkpt>
      <trkpt lat="42.889206" lon="-8.548781">
        <ele>226.721</ele>
        <time>2025-05-15T07:18:48.001Z</time>
      </trkpt>
      <trkpt lat="42.889178" lon="-8.548731">
        <ele>226.637</ele>
        <time>2025-05-15T07:18:53.001Z</time>
      </trkpt>
      <trkpt lat="42.889143" lon="-8.548686">
        <ele>226.649</ele>
        <time>2025-05-15T07:18:57.001Z</time>
      </trkpt>
      <trkpt lat="42.889097" lon="-8.548646">
        <ele>226.613</ele>
        <time>2025-05-15T07:19:02.001Z</time>
      </trkpt>
      <trkpt lat="42.889058" lon="-8.548611">
        <ele>226.809</ele>
        <time>2025-05-15T07:19:07.001Z</time>
      </trkpt>
      <trkpt lat="42.889003" lon="-8.548604">
        <ele>227.275</ele>
        <time>2025-05-15T07:19:12.001Z</time>
      </trkpt>
      <trkpt lat="42.888957" lon="-8.548584">
        <ele>227.754</ele>
        <time>2025-05-15T07:19:16.001Z</time>
      </trkpt>
      <trkpt lat="42.888905" lon="-8.548596">
        <ele>228.176</ele>
        <time>2025-05-15T07:19:20.001Z</time>
      </trkpt>
      <trkpt lat="42.888860" lon="-8.548589">
        <ele>228.298</ele>
        <time>2025-05-15T07:19:26.001Z</time>
      </trkpt>
      <trkpt lat="42.888812" lon="-8.548599">
        <ele>228.212</ele>
        <time>2025-05-15T07:19:29.001Z</time>
      </trkpt>
      <trkpt lat="42.888756" lon="-8.548618">
        <ele>228.243</ele>
        <time>2025-05-15T07:19:34.001Z</time>
      </trkpt>
      <trkpt lat="42.888705" lon="-8.548642">
        <ele>228.014</ele>
        <time>2025-05-15T07:19:40.001Z</time>
      </trkpt>
      <trkpt lat="42.888655" lon="-8.548638">
        <ele>227.614</ele>
        <time>2025-05-15T07:19:47.001Z</time>
      </trkpt>
      <trkpt lat="42.888600" lon="-8.548632">
        <ele>227.217</ele>
        <time>2025-05-15T07:19:55.001Z</time>
      </trkpt>
      <trkpt lat="42.888557" lon="-8.548613">
        <ele>226.797</ele>
        <time>2025-05-15T07:19:59.001Z</time>
      </trkpt>
      <trkpt lat="42.888506" lon="-8.548636">
        <ele>226.123</ele>
        <time>2025-05-15T07:20:04.001Z</time>
      </trkpt>
      <trkpt lat="42.888460" lon="-8.548640">
        <ele>225.825</ele>
        <time>2025-05-15T07:20:08.001Z</time>
      </trkpt>
      <trkpt lat="42.888415" lon="-8.548634">
        <ele>225.609</ele>
        <time>2025-05-15T07:20:13.001Z</time>
      </trkpt>
      <trkpt lat="42.888366" lon="-8.548620">
        <ele>225.461</ele>
        <time>2025-05-15T07:20:17.001Z</time>
      </trkpt>
      <trkpt lat="42.888315" lon="-8.548628">
        <ele>225.490</ele>
        <time>2025-05-15T07:20:21.001Z</time>
      </trkpt>
      <trkpt lat="42.888266" lon="-8.548632">
        <ele>225.352</ele>
        <time>2025-05-15T07:20:25.001Z</time>
      </trkpt>
      <trkpt lat="42.888210" lon="-8.548626">
        <ele>225.334</ele>
        <time>2025-05-15T07:20:30.001Z</time>
      </trkpt>
      <trkpt lat="42.888156" lon="-8.548633">
        <ele>225.268</ele>
        <time>2025-05-15T07:20:35.001Z</time>
      </trkpt>
      <trkpt lat="42.888108" lon="-8.548614">
        <ele>225.279</ele>
        <time>2025-05-15T07:20:39.001Z</time>
      </trkpt>
      <trkpt lat="42.888058" lon="-8.548609">
        <ele>225.190</ele>
        <time>2025-05-15T07:20:45.001Z</time>
      </trkpt>
      <trkpt lat="42.888011" lon="-8.548603">
        <ele>225.180</ele>
        <time>2025-05-15T07:20:50.001Z</time>
      </trkpt>
      <trkpt lat="42.887956" lon="-8.548585">
        <ele>225.123</ele>
        <time>2025-05-15T07:20:57.001Z</time>
      </trkpt>
      <trkpt lat="42.887908" lon="-8.548591">
        <ele>225.152</ele>
        <time>2025-05-15T07:21:02.001Z</time>
      </trkpt>
      <trkpt lat="42.887866" lon="-8.548615">
        <ele>225.153</ele>
        <time>2025-05-15T07:21:07.001Z</time>
      </trkpt>
      <trkpt lat="42.887820" lon="-8.548616">
        <ele>225.108</ele>
        <time>2025-05-15T07:21:11.001Z</time>
      </trkpt>
      <trkpt lat="42.887769" lon="-8.548621">
        <ele>225.209</ele>
        <time>2025-05-15T07:21:16.001Z</time>
      </trkpt>
      <trkpt lat="42.887728" lon="-8.548646">
        <ele>225.227</ele>
        <time>2025-05-15T07:21:20.001Z</time>
      </trkpt>
      <trkpt lat="42.887680" lon="-8.548678">
        <ele>225.266</ele>
        <time>2025-05-15T07:21:25.001Z</time>
      </trkpt>
      <trkpt lat="42.887639" lon="-8.548721">
        <ele>225.148</ele>
        <time>2025-05-15T07:21:31.001Z</time>
      </trkpt>
      <trkpt lat="42.887590" lon="-8.548727">
        <ele>225.090</ele>
        <time>2025-05-15T07:21:36.001Z</time>
      </trkpt>
      <trkpt lat="42.887539" lon="-8.548713">
        <ele>225.044</ele>
        <time>2025-05-15T07:21:43.001Z</time>
      </trkpt>
      <trkpt lat="42.887495" lon="-8.548700">
        <ele>225.025</ele>
        <time>2025-05-15T07:21:46.001Z</time>
      </trkpt>
      <trkpt lat="42.887444" lon="-8.548697">
        <ele>225.026</ele>
        <time>2025-05-15T07:21:52.001Z</time>
      </trkpt>
      <trkpt lat="42.887390" lon="-8.548663">
        <ele>225.196</ele>
        <time>2025-05-15T07:21:57.001Z</time>
      </trkpt>
      <trkpt lat="42.887350" lon="-8.548694">
        <ele>225.149</ele>
        <time>2025-05-15T07:22:02.001Z</time>
      </trkpt>
      <trkpt lat="42.887300" lon="-8.548705">
        <ele>225.114</ele>
        <time>2025-05-15T07:22:09.001Z</time>
      </trkpt>
      <trkpt lat="42.887265" lon="-8.548766">
        <ele>225.154</ele>
        <time>2025-05-15T07:22:14.001Z</time>
      </trkpt>
      <trkpt lat="42.887246" lon="-8.548823">
        <ele>225.109</ele>
        <time>2025-05-15T07:22:20.001Z</time>
      </trkpt>
      <trkpt lat="42.887210" lon="-8.548866">
        <ele>225.109</ele>
        <time>2025-05-15T07:22:25.001Z</time>
      </trkpt>
      <trkpt lat="42.887167" lon="-8.548889">
        <ele>225.053</ele>
        <time>2025-05-15T07:22:31.001Z</time>
      </trkpt>
      <trkpt lat="42.887128" lon="-8.548921">
        <ele>224.872</ele>
        <time>2025-05-15T07:22:36.001Z</time>
      </trkpt>
      <trkpt lat="42.887097" lon="-8.548984">
        <ele>224.724</ele>
        <time>2025-05-15T07:22:42.001Z</time>
      </trkpt>
      <trkpt lat="42.887059" lon="-8.549030">
        <ele>224.766</ele>
        <time>2025-05-15T07:22:47.001Z</time>
      </trkpt>
      <trkpt lat="42.887010" lon="-8.549033">
        <ele>224.710</ele>
        <time>2025-05-15T07:22:51.001Z</time>
      </trkpt>
      <trkpt lat="42.886954" lon="-8.549055">
        <ele>224.791</ele>
        <time>2025-05-15T07:22:57.001Z</time>
      </trkpt>
      <trkpt lat="42.886908" lon="-8.549080">
        <ele>224.672</ele>
        <time>2025-05-15T07:23:01.001Z</time>
      </trkpt>
      <trkpt lat="42.886859" lon="-8.549098">
        <ele>224.552</ele>
        <time>2025-05-15T07:23:06.001Z</time>
      </trkpt>
      <trkpt lat="42.886812" lon="-8.549072">
        <ele>224.575</ele>
        <time>2025-05-15T07:23:14.001Z</time>
      </trkpt>
      <trkpt lat="42.886766" lon="-8.549112">
        <ele>224.624</ele>
        <time>2025-05-15T07:23:21.001Z</time>
      </trkpt>
      <trkpt lat="42.886733" lon="-8.549165">
        <ele>224.604</ele>
        <time>2025-05-15T07:23:25.001Z</time>
      </trkpt>
      <trkpt lat="42.886717" lon="-8.549224">
        <ele>224.814</ele>
        <time>2025-05-15T07:23:32.001Z</time>
      </trkpt>
      <trkpt lat="42.886744" lon="-8.549281">
        <ele>225.009</ele>
        <time>2025-05-15T07:23:43.001Z</time>
      </trkpt>
      <trkpt lat="42.886768" lon="-8.549333">
        <ele>225.164</ele>
        <time>2025-05-15T07:23:52.001Z</time>
      </trkpt>
      <trkpt lat="42.886735" lon="-8.549387">
        <ele>225.153</ele>
        <time>2025-05-15T07:23:58.001Z</time>
      </trkpt>
      <trkpt lat="42.886688" lon="-8.549424">
        <ele>225.075</ele>
        <time>2025-05-15T07:24:03.001Z</time>
      </trkpt>
      <trkpt lat="42.886640" lon="-8.549471">
        <ele>225.097</ele>
        <time>2025-05-15T07:24:09.001Z</time>
      </trkpt>
      <trkpt lat="42.886593" lon="-8.549505">
        <ele>224.961</ele>
        <time>2025-05-15T07:24:15.001Z</time>
      </trkpt>
      <trkpt lat="42.886552" lon="-8.549550">
        <ele>224.632</ele>
        <time>2025-05-15T07:24:20.001Z</time>
      </trkpt>
      <trkpt lat="42.886518" lon="-8.549607">
        <ele>224.533</ele>
        <time>2025-05-15T07:24:26.001Z</time>
      </trkpt>
      <trkpt lat="42.886475" lon="-8.549643">
        <ele>224.513</ele>
        <time>2025-05-15T07:24:31.001Z</time>
      </trkpt>
      <trkpt lat="42.886431" lon="-8.549684">
        <ele>224.576</ele>
        <time>2025-05-15T07:24:37.001Z</time>
      </trkpt>
      <trkpt lat="42.886384" lon="-8.549695">
        <ele>224.556</ele>
        <time>2025-05-15T07:24:42.001Z</time>
      </trkpt>
      <trkpt lat="42.886351" lon="-8.549740">
        <ele>224.559</ele>
        <time>2025-05-15T07:24:47.001Z</time>
      </trkpt>
      <trkpt lat="42.886302" lon="-8.549765">
        <ele>224.514</ele>
        <time>2025-05-15T07:24:53.001Z</time>
      </trkpt>
      <trkpt lat="42.886257" lon="-8.549794">
        <ele>224.509</ele>
        <time>2025-05-15T07:24:58.001Z</time>
      </trkpt>
      <trkpt lat="42.886223" lon="-8.549842">
        <ele>224.567</ele>
        <time>2025-05-15T07:25:02.001Z</time>
      </trkpt>
      <trkpt lat="42.886211" lon="-8.549918">
        <ele>224.556</ele>
        <time>2025-05-15T07:25:07.001Z</time>
      </trkpt>
      <trkpt lat="42.886240" lon="-8.549973">
        <ele>224.548</ele>
        <time>2025-05-15T07:25:12.001Z</time>
      </trkpt>
      <trkpt lat="42.886208" lon="-8.550031">
        <ele>224.580</ele>
        <time>2025-05-15T07:25:18.001Z</time>
      </trkpt>
      <trkpt lat="42.886164" lon="-8.550045">
        <ele>224.524</ele>
        <time>2025-05-15T07:25:21.001Z</time>
      </trkpt>
      <trkpt lat="42.886116" lon="-8.550053">
        <ele>224.555</ele>
        <time>2025-05-15T07:25:25.001Z</time>
      </trkpt>
      <trkpt lat="42.886059" lon="-8.550064">
        <ele>224.566</ele>
        <time>2025-05-15T07:25:30.001Z</time>
      </trkpt>
      <trkpt lat="42.886011" lon="-8.550066">
        <ele>224.596</ele>
        <time>2025-05-15T07:25:34.001Z</time>
      </trkpt>
      <trkpt lat="42.885960" lon="-8.550068">
        <ele>224.789</ele>
        <time>2025-05-15T07:25:39.001Z</time>
      </trkpt>
      <trkpt lat="42.885911" lon="-8.550071">
        <ele>225.041</ele>
        <time>2025-05-15T07:25:43.001Z</time>
      </trkpt>
      <trkpt lat="42.885861" lon="-8.550107">
        <ele>225.281</ele>
        <time>2025-05-15T07:25:51.001Z</time>
      </trkpt>
      <trkpt lat="42.885809" lon="-8.550106">
        <ele>225.309</ele>
        <time>2025-05-15T07:25:56.001Z</time>
      </trkpt>
      <trkpt lat="42.885756" lon="-8.550089">
        <ele>225.309</ele>
        <time>2025-05-15T07:26:01.001Z</time>
      </trkpt>
      <trkpt lat="42.885705" lon="-8.550083">
        <ele>225.376</ele>
        <time>2025-05-15T07:26:06.001Z</time>
      </trkpt>
      <trkpt lat="42.885649" lon="-8.550068">
        <ele>225.445</ele>
        <time>2025-05-15T07:26:11.001Z</time>
      </trkpt>
      <trkpt lat="42.885598" lon="-8.550046">
        <ele>225.487</ele>
        <time>2025-05-15T07:26:16.001Z</time>
      </trkpt>
      <trkpt lat="42.885550" lon="-8.550031">
        <ele>225.469</ele>
        <time>2025-05-15T07:26:20.001Z</time>
      </trkpt>
      <trkpt lat="42.885503" lon="-8.550023">
        <ele>225.473</ele>
        <time>2025-05-15T07:26:24.001Z</time>
      </trkpt>
      <trkpt lat="42.885457" lon="-8.550001">
        <ele>225.424</ele>
        <time>2025-05-15T07:26:28.001Z</time>
      </trkpt>
      <trkpt lat="42.885411" lon="-8.549976">
        <ele>225.425</ele>
        <time>2025-05-15T07:26:33.001Z</time>
      </trkpt>
      <trkpt lat="42.885359" lon="-8.549948">
        <ele>225.415</ele>
        <time>2025-05-15T07:26:38.001Z</time>
      </trkpt>
      <trkpt lat="42.885310" lon="-8.549932">
        <ele>225.458</ele>
        <time>2025-05-15T07:26:42.001Z</time>
      </trkpt>
      <trkpt lat="42.885261" lon="-8.549924">
        <ele>225.445</ele>
        <time>2025-05-15T07:26:46.001Z</time>
      </trkpt>
      <trkpt lat="42.885213" lon="-8.549908">
        <ele>225.447</ele>
        <time>2025-05-15T07:26:50.001Z</time>
      </trkpt>
      <trkpt lat="42.885158" lon="-8.549892">
        <ele>225.411</ele>
        <time>2025-05-15T07:26:55.001Z</time>
      </trkpt>
      <trkpt lat="42.885113" lon="-8.549879">
        <ele>225.509</ele>
        <time>2025-05-15T07:26:59.001Z</time>
      </trkpt>
      <trkpt lat="42.885066" lon="-8.549866">
        <ele>225.636</ele>
        <time>2025-05-15T07:27:03.001Z</time>
      </trkpt>
      <trkpt lat="42.885019" lon="-8.549848">
        <ele>225.665</ele>
        <time>2025-05-15T07:27:08.001Z</time>
      </trkpt>
      <trkpt lat="42.884961" lon="-8.549841">
        <ele>225.797</ele>
        <time>2025-05-15T07:27:13.001Z</time>
      </trkpt>
      <trkpt lat="42.884913" lon="-8.549804">
        <ele>225.959</ele>
        <time>2025-05-15T07:27:18.001Z</time>
      </trkpt>
      <trkpt lat="42.884866" lon="-8.549771">
        <ele>226.113</ele>
        <time>2025-05-15T07:27:28.001Z</time>
      </trkpt>
      <trkpt lat="42.884812" lon="-8.549761">
        <ele>226.174</ele>
        <time>2025-05-15T07:27:33.001Z</time>
      </trkpt>
      <trkpt lat="42.884754" lon="-8.549768">
        <ele>226.235</ele>
        <time>2025-05-15T07:27:39.001Z</time>
      </trkpt>
      <trkpt lat="42.884704" lon="-8.549747">
        <ele>226.055</ele>
        <time>2025-05-15T07:27:44.001Z</time>
      </trkpt>
      <trkpt lat="42.884659" lon="-8.549733">
        <ele>225.868</ele>
        <time>2025-05-15T07:27:48.001Z</time>
      </trkpt>
      <trkpt lat="42.884609" lon="-8.549724">
        <ele>225.542</ele>
        <time>2025-05-15T07:27:52.001Z</time>
      </trkpt>
      <trkpt lat="42.884561" lon="-8.549698">
        <ele>225.222</ele>
        <time>2025-05-15T07:27:58.001Z</time>
      </trkpt>
      <trkpt lat="42.884523" lon="-8.549739">
        <ele>224.914</ele>
        <time>2025-05-15T07:28:02.001Z</time>
      </trkpt>
      <trkpt lat="42.884471" lon="-8.549750">
        <ele>224.609</ele>
        <time>2025-05-15T07:28:06.001Z</time>
      </trkpt>
      <trkpt lat="42.884420" lon="-8.549777">
        <ele>224.416</ele>
        <time>2025-05-15T07:28:10.001Z</time>
      </trkpt>
      <trkpt lat="42.884372" lon="-8.549810">
        <ele>224.375</ele>
        <time>2025-05-15T07:28:14.001Z</time>
      </trkpt>
      <trkpt lat="42.884328" lon="-8.549843">
        <ele>224.377</ele>
        <time>2025-05-15T07:28:19.001Z</time>
      </trkpt>
      <trkpt lat="42.884285" lon="-8.549875">
        <ele>224.359</ele>
        <time>2025-05-15T07:28:23.001Z</time>
      </trkpt>
      <trkpt lat="42.884243" lon="-8.549904">
        <ele>224.323</ele>
        <time>2025-05-15T07:28:27.001Z</time>
      </trkpt>
      <trkpt lat="42.884218" lon="-8.549956">
        <ele>224.394</ele>
        <time>2025-05-15T07:28:31.001Z</time>
      </trkpt>
      <trkpt lat="42.884190" lon="-8.550012">
        <ele>224.395</ele>
        <time>2025-05-15T07:28:36.001Z</time>
      </trkpt>
      <trkpt lat="42.884157" lon="-8.550057">
        <ele>224.335</ele>
        <time>2025-05-15T07:28:41.001Z</time>
      </trkpt>
      <trkpt lat="42.884123" lon="-8.550101">
        <ele>224.448</ele>
        <time>2025-05-15T07:28:45.001Z</time>
      </trkpt>
      <trkpt lat="42.884121" lon="-8.550036">
        <ele>224.651</ele>
        <time>2025-05-15T07:29:15.001Z</time>
      </trkpt>
      <trkpt lat="42.884128" lon="-8.550103">
        <ele>224.801</ele>
        <time>2025-05-15T08:12:38.001Z</time>
      </trkpt>
      <trkpt lat="42.884104" lon="-8.550167">
        <ele>225.211</ele>
        <time>2025-05-15T08:12:42.001Z</time>
      </trkpt>
      <trkpt lat="42.884082" lon="-8.550229">
        <ele>225.809</ele>
        <time>2025-05-15T08:12:45.001Z</time>
      </trkpt>
      <trkpt lat="42.884050" lon="-8.550296">
        <ele>226.277</ele>
        <time>2025-05-15T08:12:49.001Z</time>
      </trkpt>
      <trkpt lat="42.884025" lon="-8.550357">
        <ele>226.276</ele>
        <time>2025-05-15T08:12:53.001Z</time>
      </trkpt>
      <trkpt lat="42.883990" lon="-8.550414">
        <ele>226.248</ele>
        <time>2025-05-15T08:12:57.001Z</time>
      </trkpt>
      <trkpt lat="42.883958" lon="-8.550474">
        <ele>226.280</ele>
        <time>2025-05-15T08:13:02.001Z</time>
      </trkpt>
      <trkpt lat="42.883921" lon="-8.550530">
        <ele>226.294</ele>
        <time>2025-05-15T08:13:07.001Z</time>
      </trkpt>
      <trkpt lat="42.883889" lon="-8.550587">
        <ele>226.255</ele>
        <time>2025-05-15T08:13:11.001Z</time>
      </trkpt>
      <trkpt lat="42.883847" lon="-8.550632">
        <ele>226.296</ele>
        <time>2025-05-15T08:13:15.001Z</time>
      </trkpt>
      <trkpt lat="42.883816" lon="-8.550677">
        <ele>226.286</ele>
        <time>2025-05-15T08:13:19.001Z</time>
      </trkpt>
      <trkpt lat="42.883775" lon="-8.550719">
        <ele>226.239</ele>
        <time>2025-05-15T08:13:24.001Z</time>
      </trkpt>
      <trkpt lat="42.883727" lon="-8.550740">
        <ele>226.342</ele>
        <time>2025-05-15T08:13:28.001Z</time>
      </trkpt>
      <trkpt lat="42.883675" lon="-8.550731">
        <ele>226.422</ele>
        <time>2025-05-15T08:13:31.001Z</time>
      </trkpt>
      <trkpt lat="42.883618" lon="-8.550729">
        <ele>226.514</ele>
        <time>2025-05-15T08:13:37.001Z</time>
      </trkpt>
      <trkpt lat="42.883549" lon="-8.550733">
        <ele>226.609</ele>
        <time>2025-05-15T08:13:41.001Z</time>
      </trkpt>
      <trkpt lat="42.883494" lon="-8.550746">
        <ele>226.816</ele>
        <time>2025-05-15T08:13:44.001Z</time>
      </trkpt>
      <trkpt lat="42.883445" lon="-8.550737">
        <ele>227.235</ele>
        <time>2025-05-15T08:13:49.001Z</time>
      </trkpt>
      <trkpt lat="42.883395" lon="-8.550730">
        <ele>227.457</ele>
        <time>2025-05-15T08:13:54.001Z</time>
      </trkpt>
      <trkpt lat="42.883348" lon="-8.550696">
        <ele>227.619</ele>
        <time>2025-05-15T08:13:58.001Z</time>
      </trkpt>
      <trkpt lat="42.883293" lon="-8.550686">
        <ele>227.653</ele>
        <time>2025-05-15T08:14:03.001Z</time>
      </trkpt>
      <trkpt lat="42.883241" lon="-8.550681">
        <ele>227.634</ele>
        <time>2025-05-15T08:14:08.001Z</time>
      </trkpt>
      <trkpt lat="42.883197" lon="-8.550665">
        <ele>227.635</ele>
        <time>2025-05-15T08:14:12.001Z</time>
      </trkpt>
      <trkpt lat="42.883153" lon="-8.550649">
        <ele>227.615</ele>
        <time>2025-05-15T08:14:15.001Z</time>
      </trkpt>
      <trkpt lat="42.883101" lon="-8.550660">
        <ele>227.658</ele>
        <time>2025-05-15T08:14:20.001Z</time>
      </trkpt>
      <trkpt lat="42.883055" lon="-8.550660">
        <ele>227.517</ele>
        <time>2025-05-15T08:14:23.001Z</time>
      </trkpt>
      <trkpt lat="42.883007" lon="-8.550673">
        <ele>227.387</ele>
        <time>2025-05-15T08:14:29.001Z</time>
      </trkpt>
      <trkpt lat="42.882950" lon="-8.550667">
        <ele>227.215</ele>
        <time>2025-05-15T08:14:33.001Z</time>
      </trkpt>
      <trkpt lat="42.882892" lon="-8.550652">
        <ele>227.109</ele>
        <time>2025-05-15T08:14:38.001Z</time>
      </trkpt>
      <trkpt lat="42.882846" lon="-8.550644">
        <ele>227.043</ele>
        <time>2025-05-15T08:14:41.001Z</time>
      </trkpt>
      <trkpt lat="42.882792" lon="-8.550647">
        <ele>226.892</ele>
        <time>2025-05-15T08:14:46.001Z</time>
      </trkpt>
      <trkpt lat="42.882741" lon="-8.550619">
        <ele>226.674</ele>
        <time>2025-05-15T08:14:51.001Z</time>
      </trkpt>
      <trkpt lat="42.882696" lon="-8.550596">
        <ele>226.576</ele>
        <time>2025-05-15T08:14:57.001Z</time>
      </trkpt>
      <trkpt lat="42.882644" lon="-8.550604">
        <ele>226.380</ele>
        <time>2025-05-15T08:15:03.001Z</time>
      </trkpt>
      <trkpt lat="42.882600" lon="-8.550624">
        <ele>225.741</ele>
        <time>2025-05-15T08:15:04.001Z</time>
      </trkpt>
      <trkpt lat="42.882564" lon="-8.550582">
        <ele>224.912</ele>
        <time>2025-05-15T08:15:07.001Z</time>
      </trkpt>
      <trkpt lat="42.882528" lon="-8.550545">
        <ele>224.592</ele>
        <time>2025-05-15T08:15:11.001Z</time>
      </trkpt>
      <trkpt lat="42.882470" lon="-8.550534">
        <ele>224.395</ele>
        <time>2025-05-15T08:15:15.001Z</time>
      </trkpt>
      <trkpt lat="42.882425" lon="-8.550535">
        <ele>224.099</ele>
        <time>2025-05-15T08:15:20.001Z</time>
      </trkpt>
      <trkpt lat="42.882391" lon="-8.550576">
        <ele>223.907</ele>
        <time>2025-05-15T08:15:24.001Z</time>
      </trkpt>
      <trkpt lat="42.882352" lon="-8.550647">
        <ele>223.827</ele>
        <time>2025-05-15T08:15:30.001Z</time>
      </trkpt>
      <trkpt lat="42.882328" lon="-8.550714">
        <ele>223.709</ele>
        <time>2025-05-15T08:15:34.001Z</time>
      </trkpt>
      <trkpt lat="42.882261" lon="-8.550742">
        <ele>223.641</ele>
        <time>2025-05-15T08:15:39.001Z</time>
      </trkpt>
      <trkpt lat="42.882245" lon="-8.550803">
        <ele>223.640</ele>
        <time>2025-05-15T08:15:45.001Z</time>
      </trkpt>
      <trkpt lat="42.882232" lon="-8.550867">
        <ele>223.632</ele>
        <time>2025-05-15T08:15:49.001Z</time>
      </trkpt>
      <trkpt lat="42.882199" lon="-8.550912">
        <ele>223.574</ele>
        <time>2025-05-15T08:15:55.001Z</time>
      </trkpt>
      <trkpt lat="42.882169" lon="-8.550970">
        <ele>223.418</ele>
        <time>2025-05-15T08:15:59.001Z</time>
      </trkpt>
      <trkpt lat="42.882108" lon="-8.550980">
        <ele>223.319</ele>
        <time>2025-05-15T08:16:02.001Z</time>
      </trkpt>
      <trkpt lat="42.882063" lon="-8.551014">
        <ele>223.240</ele>
        <time>2025-05-15T08:16:05.001Z</time>
      </trkpt>
      <trkpt lat="42.882034" lon="-8.551078">
        <ele>223.270</ele>
        <time>2025-05-15T08:16:08.001Z</time>
      </trkpt>
      <trkpt lat="42.882001" lon="-8.551135">
        <ele>223.233</ele>
        <time>2025-05-15T08:16:13.001Z</time>
      </trkpt>
      <trkpt lat="42.882002" lon="-8.551204">
        <ele>223.243</ele>
        <time>2025-05-15T08:16:18.001Z</time>
      </trkpt>
      <trkpt lat="42.881987" lon="-8.551264">
        <ele>223.264</ele>
        <time>2025-05-15T08:16:23.001Z</time>
      </trkpt>
      <trkpt lat="42.881968" lon="-8.551324">
        <ele>223.210</ele>
        <time>2025-05-15T08:16:28.001Z</time>
      </trkpt>
      <trkpt lat="42.881929" lon="-8.551377">
        <ele>223.209</ele>
        <time>2025-05-15T08:16:33.001Z</time>
      </trkpt>
      <trkpt lat="42.881883" lon="-8.551410">
        <ele>223.246</ele>
        <time>2025-05-15T08:16:38.001Z</time>
      </trkpt>
      <trkpt lat="42.881839" lon="-8.551452">
        <ele>223.235</ele>
        <time>2025-05-15T08:16:43.001Z</time>
      </trkpt>
      <trkpt lat="42.881796" lon="-8.551498">
        <ele>223.277</ele>
        <time>2025-05-15T08:16:48.001Z</time>
      </trkpt>
      <trkpt lat="42.881750" lon="-8.551532">
        <ele>223.249</ele>
        <time>2025-05-15T08:16:52.001Z</time>
      </trkpt>
      <trkpt lat="42.881712" lon="-8.551566">
        <ele>223.283</ele>
        <time>2025-05-15T08:16:57.001Z</time>
      </trkpt>
      <trkpt lat="42.881671" lon="-8.551596">
        <ele>223.244</ele>
        <time>2025-05-15T08:17:01.001Z</time>
      </trkpt>
      <trkpt lat="42.881619" lon="-8.551627">
        <ele>223.215</ele>
        <time>2025-05-15T08:17:07.001Z</time>
      </trkpt>
      <trkpt lat="42.881576" lon="-8.551663">
        <ele>223.225</ele>
        <time>2025-05-15T08:17:11.001Z</time>
      </trkpt>
      <trkpt lat="42.881528" lon="-8.551701">
        <ele>223.258</ele>
        <time>2025-05-15T08:17:16.001Z</time>
      </trkpt>
      <trkpt lat="42.881493" lon="-8.551746">
        <ele>223.217</ele>
        <time>2025-05-15T08:17:20.001Z</time>
      </trkpt>
      <trkpt lat="42.881448" lon="-8.551785">
        <ele>223.287</ele>
        <time>2025-05-15T08:17:24.001Z</time>
      </trkpt>
      <trkpt lat="42.881411" lon="-8.551833">
        <ele>223.115</ele>
        <time>2025-05-15T08:17:30.001Z</time>
      </trkpt>
      <trkpt lat="42.881403" lon="-8.551906">
        <ele>223.009</ele>
        <time>2025-05-15T08:17:36.001Z</time>
      </trkpt>
      <trkpt lat="42.881392" lon="-8.551979">
        <ele>222.833</ele>
        <time>2025-05-15T08:17:41.001Z</time>
      </trkpt>
      <trkpt lat="42.881349" lon="-8.552016">
        <ele>222.532</ele>
        <time>2025-05-15T08:17:46.001Z</time>
      </trkpt>
      <trkpt lat="42.881302" lon="-8.552054">
        <ele>222.224</ele>
        <time>2025-05-15T08:17:50.001Z</time>
      </trkpt>
      <trkpt lat="42.881250" lon="-8.552036">
        <ele>222.156</ele>
        <time>2025-05-15T08:17:58.001Z</time>
      </trkpt>
      <trkpt lat="42.881208" lon="-8.552001">
        <ele>222.040</ele>
        <time>2025-05-15T08:18:03.001Z</time>
      </trkpt>
      <trkpt lat="42.881162" lon="-8.551981">
        <ele>221.951</ele>
        <time>2025-05-15T08:18:09.001Z</time>
      </trkpt>
      <trkpt lat="42.881128" lon="-8.552031">
        <ele>221.892</ele>
        <time>2025-05-15T08:18:16.001Z</time>
      </trkpt>
      <trkpt lat="42.881113" lon="-8.552101">
        <ele>221.762</ele>
        <time>2025-05-15T08:18:22.001Z</time>
      </trkpt>
      <trkpt lat="42.881084" lon="-8.552149">
        <ele>221.775</ele>
        <time>2025-05-15T08:18:42.001Z</time>
      </trkpt>
      <trkpt lat="42.881049" lon="-8.552193">
        <ele>221.757</ele>
        <time>2025-05-15T08:18:57.001Z</time>
      </trkpt>
      <trkpt lat="42.881055" lon="-8.552259">
        <ele>221.800</ele>
        <time>2025-05-15T08:19:11.001Z</time>
      </trkpt>
      <trkpt lat="42.881036" lon="-8.552320">
        <ele>221.820</ele>
        <time>2025-05-15T08:19:19.001Z</time>
      </trkpt>
      <trkpt lat="42.881033" lon="-8.552383">
        <ele>221.909</ele>
        <time>2025-05-15T08:19:25.001Z</time>
      </trkpt>
      <trkpt lat="42.881029" lon="-8.552446">
        <ele>222.187</ele>
        <time>2025-05-15T08:19:30.001Z</time>
      </trkpt>
      <trkpt lat="42.881029" lon="-8.552512">
        <ele>222.186</ele>
        <time>2025-05-15T08:19:35.001Z</time>
      </trkpt>
      <trkpt lat="42.881021" lon="-8.552583">
        <ele>222.178</ele>
        <time>2025-05-15T08:19:38.001Z</time>
      </trkpt>
      <trkpt lat="42.881013" lon="-8.552649">
        <ele>222.120</ele>
        <time>2025-05-15T08:19:45.001Z</time>
      </trkpt>
      <trkpt lat="42.881029" lon="-8.552707">
        <ele>222.134</ele>
        <time>2025-05-15T08:19:49.001Z</time>
      </trkpt>
      <trkpt lat="42.881103" lon="-8.552804">
        <ele>222.025</ele>
        <time>2025-05-15T08:19:54.001Z</time>
      </trkpt>
      <trkpt lat="42.881138" lon="-8.552857">
        <ele>221.926</ele>
        <time>2025-05-15T08:20:05.001Z</time>
      </trkpt>
      <trkpt lat="42.881176" lon="-8.552911">
        <ele>221.726</ele>
        <time>2025-05-15T08:20:10.001Z</time>
      </trkpt>
      <trkpt lat="42.881209" lon="-8.552961">
        <ele>221.599</ele>
        <time>2025-05-15T08:20:15.001Z</time>
      </trkpt>
      <trkpt lat="42.881255" lon="-8.552994">
        <ele>221.539</ele>
        <time>2025-05-15T08:20:20.001Z</time>
      </trkpt>
      <trkpt lat="42.881304" lon="-8.553016">
        <ele>221.501</ele>
        <time>2025-05-15T08:20:24.001Z</time>
      </trkpt>
      <trkpt lat="42.881364" lon="-8.553068">
        <ele>221.521</ele>
        <time>2025-05-15T08:20:27.001Z</time>
      </trkpt>
      <trkpt lat="42.881412" lon="-8.553060">
        <ele>221.609</ele>
        <time>2025-05-15T08:20:32.001Z</time>
      </trkpt>
      <trkpt lat="42.881461" lon="-8.553084">
        <ele>221.775</ele>
        <time>2025-05-15T08:20:36.001Z</time>
      </trkpt>
      <trkpt lat="42.881513" lon="-8.553103">
        <ele>221.764</ele>
        <time>2025-05-15T08:20:41.001Z</time>
      </trkpt>
      <trkpt lat="42.881555" lon="-8.553130">
        <ele>221.776</ele>
        <time>2025-05-15T08:20:45.001Z</time>
      </trkpt>
      <trkpt lat="42.881606" lon="-8.553135">
        <ele>221.768</ele>
        <time>2025-05-15T08:20:49.001Z</time>
      </trkpt>
      <trkpt lat="42.881657" lon="-8.553155">
        <ele>221.612</ele>
        <time>2025-05-15T08:20:54.001Z</time>
      </trkpt>
      <trkpt lat="42.881711" lon="-8.553172">
        <ele>221.673</ele>
        <time>2025-05-15T08:20:59.001Z</time>
      </trkpt>
      <trkpt lat="42.881757" lon="-8.553175">
        <ele>221.654</ele>
        <time>2025-05-15T08:21:03.001Z</time>
      </trkpt>
      <trkpt lat="42.881801" lon="-8.553196">
        <ele>221.624</ele>
        <time>2025-05-15T08:21:07.001Z</time>
      </trkpt>
      <trkpt lat="42.881854" lon="-8.553220">
        <ele>221.647</ele>
        <time>2025-05-15T08:21:12.001Z</time>
      </trkpt>
      <trkpt lat="42.881900" lon="-8.553248">
        <ele>221.779</ele>
        <time>2025-05-15T08:21:16.001Z</time>
      </trkpt>
      <trkpt lat="42.881947" lon="-8.553290">
        <ele>221.805</ele>
        <time>2025-05-15T08:21:21.001Z</time>
      </trkpt>
      <trkpt lat="42.881985" lon="-8.553328">
        <ele>221.925</ele>
        <time>2025-05-15T08:21:25.001Z</time>
      </trkpt>
      <trkpt lat="42.882019" lon="-8.553376">
        <ele>222.109</ele>
        <time>2025-05-15T08:21:29.001Z</time>
      </trkpt>
      <trkpt lat="42.882050" lon="-8.553438">
        <ele>222.339</ele>
        <time>2025-05-15T08:21:34.001Z</time>
      </trkpt>
      <trkpt lat="42.882082" lon="-8.553490">
        <ele>222.498</ele>
        <time>2025-05-15T08:21:55.001Z</time>
      </trkpt>
      <trkpt lat="42.882112" lon="-8.553538">
        <ele>222.550</ele>
        <time>2025-05-15T08:22:03.001Z</time>
      </trkpt>
      <trkpt lat="42.882150" lon="-8.553585">
        <ele>222.532</ele>
        <time>2025-05-15T08:22:10.001Z</time>
      </trkpt>
      <trkpt lat="42.882190" lon="-8.553552">
        <ele>222.566</ele>
        <time>2025-05-15T08:22:15.001Z</time>
      </trkpt>
      <trkpt lat="42.882151" lon="-8.553608">
        <ele>222.457</ele>
        <time>2025-05-15T08:22:41.001Z</time>
      </trkpt>
      <trkpt lat="42.882178" lon="-8.553665">
        <ele>222.378</ele>
        <time>2025-05-15T08:22:46.001Z</time>
      </trkpt>
      <trkpt lat="42.882201" lon="-8.553720">
        <ele>222.318</ele>
        <time>2025-05-15T08:22:51.001Z</time>
      </trkpt>
      <trkpt lat="42.882225" lon="-8.553774">
        <ele>222.371</ele>
        <time>2025-05-15T08:22:56.001Z</time>
      </trkpt>
      <trkpt lat="42.882239" lon="-8.553833">
        <ele>222.395</ele>
        <time>2025-05-15T08:23:01.001Z</time>
      </trkpt>
      <trkpt lat="42.882240" lon="-8.553897">
        <ele>222.749</ele>
        <time>2025-05-15T08:23:05.001Z</time>
      </trkpt>
      <trkpt lat="42.882229" lon="-8.553959">
        <ele>223.123</ele>
        <time>2025-05-15T08:23:10.001Z</time>
      </trkpt>
      <trkpt lat="42.882204" lon="-8.554012">
        <ele>223.109</ele>
        <time>2025-05-15T08:23:14.001Z</time>
      </trkpt>
      <trkpt lat="42.882169" lon="-8.554064">
        <ele>223.171</ele>
        <time>2025-05-15T08:23:18.001Z</time>
      </trkpt>
      <trkpt lat="42.882139" lon="-8.554114">
        <ele>223.010</ele>
        <time>2025-05-15T08:23:21.001Z</time>
      </trkpt>
      <trkpt lat="42.882114" lon="-8.554174">
        <ele>222.682</ele>
        <time>2025-05-15T08:23:25.001Z</time>
      </trkpt>
      <trkpt lat="42.882103" lon="-8.554247">
        <ele>222.254</ele>
        <time>2025-05-15T08:23:30.001Z</time>
      </trkpt>
      <trkpt lat="42.882098" lon="-8.554314">
        <ele>221.848</ele>
        <time>2025-05-15T08:23:34.001Z</time>
      </trkpt>
      <trkpt lat="42.882088" lon="-8.554389">
        <ele>221.389</ele>
        <time>2025-05-15T08:23:38.001Z</time>
      </trkpt>
      <trkpt lat="42.882078" lon="-8.554455">
        <ele>220.810</ele>
        <time>2025-05-15T08:23:42.001Z</time>
      </trkpt>
      <trkpt lat="42.882077" lon="-8.554518">
        <ele>220.520</ele>
        <time>2025-05-15T08:23:46.001Z</time>
      </trkpt>
      <trkpt lat="42.882092" lon="-8.554583">
        <ele>220.343</ele>
        <time>2025-05-15T08:23:50.001Z</time>
      </trkpt>
      <trkpt lat="42.882133" lon="-8.554624">
        <ele>220.255</ele>
        <time>2025-05-15T08:23:54.001Z</time>
      </trkpt>
      <trkpt lat="42.882182" lon="-8.554668">
        <ele>220.107</ele>
        <time>2025-05-15T08:23:58.001Z</time>
      </trkpt>
      <trkpt lat="42.882229" lon="-8.554672">
        <ele>220.117</ele>
        <time>2025-05-15T08:24:01.001Z</time>
      </trkpt>
      <trkpt lat="42.882280" lon="-8.554687">
        <ele>220.109</ele>
        <time>2025-05-15T08:24:05.001Z</time>
      </trkpt>
      <trkpt lat="42.882327" lon="-8.554679">
        <ele>220.127</ele>
        <time>2025-05-15T08:24:08.001Z</time>
      </trkpt>
      <trkpt lat="42.882377" lon="-8.554654">
        <ele>220.076</ele>
        <time>2025-05-15T08:24:12.001Z</time>
      </trkpt>
      <trkpt lat="42.882423" lon="-8.554620">
        <ele>220.078</ele>
        <time>2025-05-15T08:24:16.001Z</time>
      </trkpt>
      <trkpt lat="42.882471" lon="-8.554602">
        <ele>220.010</ele>
        <time>2025-05-15T08:24:33.001Z</time>
      </trkpt>
      <trkpt lat="42.882509" lon="-8.554564">
        <ele>220.064</ele>
        <time>2025-05-15T08:24:40.001Z</time>
      </trkpt>
      <trkpt lat="42.882555" lon="-8.554537">
        <ele>219.985</ele>
        <time>2025-05-15T08:24:47.001Z</time>
      </trkpt>
      <trkpt lat="42.882598" lon="-8.554512">
        <ele>219.956</ele>
        <time>2025-05-15T08:24:51.001Z</time>
      </trkpt>
      <trkpt lat="42.882648" lon="-8.554483">
        <ele>219.996</ele>
        <time>2025-05-15T08:24:56.001Z</time>
      </trkpt>
      <trkpt lat="42.882692" lon="-8.554460">
        <ele>219.959</ele>
        <time>2025-05-15T08:25:00.001Z</time>
      </trkpt>
      <trkpt lat="42.882738" lon="-8.554433">
        <ele>220.158</ele>
        <time>2025-05-15T08:25:05.001Z</time>
      </trkpt>
      <trkpt lat="42.882804" lon="-8.554412">
        <ele>220.352</ele>
        <time>2025-05-15T08:25:10.001Z</time>
      </trkpt>
      <trkpt lat="42.882858" lon="-8.554399">
        <ele>220.417</ele>
        <time>2025-05-15T08:25:16.001Z</time>
      </trkpt>
      <trkpt lat="42.882879" lon="-8.554463">
        <ele>220.409</ele>
        <time>2025-05-15T08:25:21.001Z</time>
      </trkpt>
      <trkpt lat="42.882923" lon="-8.554488">
        <ele>220.377</ele>
        <time>2025-05-15T08:25:29.001Z</time>
      </trkpt>
      <trkpt lat="42.882971" lon="-8.554467">
        <ele>220.126</ele>
        <time>2025-05-15T08:25:33.001Z</time>
      </trkpt>
      <trkpt lat="42.883022" lon="-8.554486">
        <ele>220.058</ele>
        <time>2025-05-15T08:25:39.001Z</time>
      </trkpt>
      <trkpt lat="42.883041" lon="-8.554546">
        <ele>219.770</ele>
        <time>2025-05-15T08:25:43.001Z</time>
      </trkpt>
      <trkpt lat="42.883063" lon="-8.554601">
        <ele>219.484</ele>
        <time>2025-05-15T08:25:47.001Z</time>
      </trkpt>
      <trkpt lat="42.883090" lon="-8.554662">
        <ele>219.335</ele>
        <time>2025-05-15T08:25:51.001Z</time>
      </trkpt>
      <trkpt lat="42.883133" lon="-8.554697">
        <ele>219.376</ele>
        <time>2025-05-15T08:25:58.001Z</time>
      </trkpt>
      <trkpt lat="42.883175" lon="-8.554754">
        <ele>219.266</ele>
        <time>2025-05-15T08:26:01.001Z</time>
      </trkpt>
      <trkpt lat="42.883178" lon="-8.554817">
        <ele>219.099</ele>
        <time>2025-05-15T08:26:05.001Z</time>
      </trkpt>
      <trkpt lat="42.883196" lon="-8.554898">
        <ele>218.697</ele>
        <time>2025-05-15T08:26:10.001Z</time>
      </trkpt>
      <trkpt lat="42.883245" lon="-8.554905">
        <ele>218.523</ele>
        <time>2025-05-15T08:26:14.001Z</time>
      </trkpt>
      <trkpt lat="42.883225" lon="-8.554976">
        <ele>218.025</ele>
        <time>2025-05-15T08:26:23.001Z</time>
      </trkpt>
      <trkpt lat="42.883211" lon="-8.554911">
        <ele>218.009</ele>
        <time>2025-05-15T08:26:26.001Z</time>
      </trkpt>
      <trkpt lat="42.883256" lon="-8.554943">
        <ele>217.991</ele>
        <time>2025-05-15T08:26:52.001Z</time>
      </trkpt>
      <trkpt lat="42.883299" lon="-8.554984">
        <ele>217.860</ele>
        <time>2025-05-15T08:26:58.001Z</time>
      </trkpt>
      <trkpt lat="42.883343" lon="-8.555018">
        <ele>217.722</ele>
        <time>2025-05-15T08:27:03.001Z</time>
      </trkpt>
      <trkpt lat="42.883390" lon="-8.555063">
        <ele>217.564</ele>
        <time>2025-05-15T08:27:09.001Z</time>
      </trkpt>
      <trkpt lat="42.883428" lon="-8.555122">
        <ele>217.478</ele>
        <time>2025-05-15T08:27:14.001Z</time>
      </trkpt>
      <trkpt lat="42.883469" lon="-8.555152">
        <ele>217.389</ele>
        <time>2025-05-15T08:27:19.001Z</time>
      </trkpt>
      <trkpt lat="42.883514" lon="-8.555173">
        <ele>217.110</ele>
        <time>2025-05-15T08:27:24.001Z</time>
      </trkpt>
      <trkpt lat="42.883559" lon="-8.555205">
        <ele>217.040</ele>
        <time>2025-05-15T08:27:30.001Z</time>
      </trkpt>
      <trkpt lat="42.883606" lon="-8.555199">
        <ele>217.013</ele>
        <time>2025-05-15T08:27:38.001Z</time>
      </trkpt>
      <trkpt lat="42.883632" lon="-8.555145">
        <ele>217.067</ele>
        <time>2025-05-15T08:27:43.001Z</time>
      </trkpt>
      <trkpt lat="42.883668" lon="-8.555185">
        <ele>217.381</ele>
        <time>2025-05-15T08:27:48.001Z</time>
      </trkpt>
      <trkpt lat="42.883692" lon="-8.555244">
        <ele>217.419</ele>
        <time>2025-05-15T08:27:54.001Z</time>
      </trkpt>
      <trkpt lat="42.883663" lon="-8.555295">
        <ele>217.709</ele>
        <time>2025-05-15T08:28:08.001Z</time>
      </trkpt>
      <trkpt lat="42.883698" lon="-8.555348">
        <ele>217.858</ele>
        <time>2025-05-15T08:28:15.001Z</time>
      </trkpt>
      <trkpt lat="42.883711" lon="-8.555412">
        <ele>217.947</ele>
        <time>2025-05-15T08:28:22.001Z</time>
      </trkpt>
      <trkpt lat="42.883698" lon="-8.555480">
        <ele>218.089</ele>
        <time>2025-05-15T08:28:27.001Z</time>
      </trkpt>
      <trkpt lat="42.883735" lon="-8.555557">
        <ele>218.491</ele>
        <time>2025-05-15T08:28:32.001Z</time>
      </trkpt>
      <trkpt lat="42.883716" lon="-8.555619">
        <ele>218.985</ele>
        <time>2025-05-15T08:28:37.001Z</time>
      </trkpt>
      <trkpt lat="42.883666" lon="-8.555664">
        <ele>218.926</ele>
        <time>2025-05-15T08:28:41.001Z</time>
      </trkpt>
      <trkpt lat="42.883624" lon="-8.555699">
        <ele>218.927</ele>
        <time>2025-05-15T08:28:49.001Z</time>
      </trkpt>
      <trkpt lat="42.883588" lon="-8.555739">
        <ele>218.737</ele>
        <time>2025-05-15T08:28:52.001Z</time>
      </trkpt>
      <trkpt lat="42.883576" lon="-8.555809">
        <ele>218.370</ele>
        <time>2025-05-15T08:28:58.001Z</time>
      </trkpt>
      <trkpt lat="42.883537" lon="-8.555839">
        <ele>217.763</ele>
        <time>2025-05-15T08:29:04.001Z</time>
      </trkpt>
      <trkpt lat="42.883556" lon="-8.555901">
        <ele>217.144</ele>
        <time>2025-05-15T08:29:17.001Z</time>
      </trkpt>
      <trkpt lat="42.883562" lon="-8.555970">
        <ele>216.718</ele>
        <time>2025-05-15T08:29:21.001Z</time>
      </trkpt>
      <trkpt lat="42.883514" lon="-8.555993">
        <ele>216.709</ele>
        <time>2025-05-15T08:29:26.001Z</time>
      </trkpt>
      <trkpt lat="42.883471" lon="-8.556033">
        <ele>216.758</ele>
        <time>2025-05-15T08:29:28.001Z</time>
      </trkpt>
      <trkpt lat="42.883455" lon="-8.556110">
        <ele>216.737</ele>
        <time>2025-05-15T08:29:32.001Z</time>
      </trkpt>
      <trkpt lat="42.883424" lon="-8.556161">
        <ele>216.779</ele>
        <time>2025-05-15T08:29:37.001Z</time>
      </trkpt>
      <trkpt lat="42.883369" lon="-8.556170">
        <ele>216.621</ele>
        <time>2025-05-15T08:29:41.001Z</time>
      </trkpt>
      <trkpt lat="42.883322" lon="-8.556195">
        <ele>216.565</ele>
        <time>2025-05-15T08:29:48.001Z</time>
      </trkpt>
      <trkpt lat="42.883278" lon="-8.556232">
        <ele>216.346</ele>
        <time>2025-05-15T08:29:53.001Z</time>
      </trkpt>
      <trkpt lat="42.883225" lon="-8.556241">
        <ele>215.927</ele>
        <time>2025-05-15T08:29:58.001Z</time>
      </trkpt>
      <trkpt lat="42.883167" lon="-8.556253">
        <ele>215.317</ele>
        <time>2025-05-15T08:30:04.001Z</time>
      </trkpt>
      <trkpt lat="42.883112" lon="-8.556294">
        <ele>214.160</ele>
        <time>2025-05-15T08:30:10.001Z</time>
      </trkpt>
      <trkpt lat="42.883063" lon="-8.556321">
        <ele>213.866</ele>
        <time>2025-05-15T08:30:15.001Z</time>
      </trkpt>
      <trkpt lat="42.883030" lon="-8.556378">
        <ele>213.529</ele>
        <time>2025-05-15T08:30:19.001Z</time>
      </trkpt>
      <trkpt lat="42.883029" lon="-8.556446">
        <ele>213.321</ele>
        <time>2025-05-15T08:30:23.001Z</time>
      </trkpt>
      <trkpt lat="42.883036" lon="-8.556517">
        <ele>213.109</ele>
        <time>2025-05-15T08:30:27.001Z</time>
      </trkpt>
      <trkpt lat="42.883031" lon="-8.556600">
        <ele>213.048</ele>
        <time>2025-05-15T08:30:32.001Z</time>
      </trkpt>
      <trkpt lat="42.883046" lon="-8.556661">
        <ele>212.937</ele>
        <time>2025-05-15T08:30:37.001Z</time>
      </trkpt>
      <trkpt lat="42.883064" lon="-8.556720">
        <ele>212.769</ele>
        <time>2025-05-15T08:30:41.001Z</time>
      </trkpt>
      <trkpt lat="42.883086" lon="-8.556787">
        <ele>212.011</ele>
        <time>2025-05-15T08:30:47.001Z</time>
      </trkpt>
      <trkpt lat="42.883040" lon="-8.556807">
        <ele>211.295</ele>
        <time>2025-05-15T08:30:51.001Z</time>
      </trkpt>
      <trkpt lat="42.882998" lon="-8.556843">
        <ele>210.366</ele>
        <time>2025-05-15T08:30:56.001Z</time>
      </trkpt>
      <trkpt lat="42.882957" lon="-8.556877">
        <ele>209.617</ele>
        <time>2025-05-15T08:31:02.001Z</time>
      </trkpt>
      <trkpt lat="42.882955" lon="-8.556945">
        <ele>209.467</ele>
        <time>2025-05-15T08:31:06.001Z</time>
      </trkpt>
      <trkpt lat="42.882948" lon="-8.557014">
        <ele>209.440</ele>
        <time>2025-05-15T08:31:12.001Z</time>
      </trkpt>
      <trkpt lat="42.882939" lon="-8.557078">
        <ele>209.421</ele>
        <time>2025-05-15T08:31:19.001Z</time>
      </trkpt>
      <trkpt lat="42.882911" lon="-8.557131">
        <ele>209.441</ele>
        <time>2025-05-15T08:31:25.001Z</time>
      </trkpt>
      <trkpt lat="42.882933" lon="-8.557186">
        <ele>209.905</ele>
        <time>2025-05-15T08:31:29.001Z</time>
      </trkpt>
      <trkpt lat="42.882962" lon="-8.557240">
        <ele>210.309</ele>
        <time>2025-05-15T08:31:33.001Z</time>
      </trkpt>
      <trkpt lat="42.882997" lon="-8.557291">
        <ele>210.314</ele>
        <time>2025-05-15T08:31:40.001Z</time>
      </trkpt>
      <trkpt lat="42.882962" lon="-8.557334">
        <ele>210.353</ele>
        <time>2025-05-15T08:32:00.001Z</time>
      </trkpt>
      <trkpt lat="42.883003" lon="-8.557365">
        <ele>209.945</ele>
        <time>2025-05-15T08:32:21.001Z</time>
      </trkpt>
      <trkpt lat="42.883032" lon="-8.557413">
        <ele>209.317</ele>
        <time>2025-05-15T08:32:27.001Z</time>
      </trkpt>
      <trkpt lat="42.883080" lon="-8.557387">
        <ele>209.181</ele>
        <time>2025-05-15T08:32:35.001Z</time>
      </trkpt>
      <trkpt lat="42.883119" lon="-8.557344">
        <ele>208.422</ele>
        <time>2025-05-15T08:32:41.001Z</time>
      </trkpt>
      <trkpt lat="42.883166" lon="-8.557347">
        <ele>207.063</ele>
        <time>2025-05-15T08:32:46.001Z</time>
      </trkpt>
      <trkpt lat="42.883219" lon="-8.557375">
        <ele>206.443</ele>
        <time>2025-05-15T08:32:51.001Z</time>
      </trkpt>
      <trkpt lat="42.883249" lon="-8.557457">
        <ele>206.326</ele>
        <time>2025-05-15T08:32:56.001Z</time>
      </trkpt>
      <trkpt lat="42.883240" lon="-8.557556">
        <ele>206.584</ele>
        <time>2025-05-15T08:32:59.001Z</time>
      </trkpt>
      <trkpt lat="42.883201" lon="-8.557614">
        <ele>207.107</ele>
        <time>2025-05-15T08:33:05.001Z</time>
      </trkpt>
      <trkpt lat="42.883206" lon="-8.557679">
        <ele>207.317</ele>
        <time>2025-05-15T08:33:09.001Z</time>
      </trkpt>
      <trkpt lat="42.883227" lon="-8.557744">
        <ele>207.409</ele>
        <time>2025-05-15T08:33:17.001Z</time>
      </trkpt>
      <trkpt lat="42.883196" lon="-8.557797">
        <ele>207.580</ele>
        <time>2025-05-15T08:33:27.001Z</time>
      </trkpt>
      <trkpt lat="42.883208" lon="-8.557874">
        <ele>207.949</ele>
        <time>2025-05-15T08:33:48.001Z</time>
      </trkpt>
      <trkpt lat="42.883179" lon="-8.557939">
        <ele>208.191</ele>
        <time>2025-05-15T08:33:52.001Z</time>
      </trkpt>
      <trkpt lat="42.883146" lon="-8.557983">
        <ele>208.183</ele>
        <time>2025-05-15T08:33:54.001Z</time>
      </trkpt>
      <trkpt lat="42.883106" lon="-8.558032">
        <ele>208.117</ele>
        <time>2025-05-15T08:34:01.001Z</time>
      </trkpt>
      <trkpt lat="42.883046" lon="-8.558034">
        <ele>207.838</ele>
        <time>2025-05-15T08:34:05.001Z</time>
      </trkpt>
      <trkpt lat="42.882993" lon="-8.558059">
        <ele>206.979</ele>
        <time>2025-05-15T08:34:10.001Z</time>
      </trkpt>
      <trkpt lat="42.882959" lon="-8.558103">
        <ele>206.479</ele>
        <time>2025-05-15T08:34:14.001Z</time>
      </trkpt>
      <trkpt lat="42.882911" lon="-8.558136">
        <ele>205.662</ele>
        <time>2025-05-15T08:34:20.001Z</time>
      </trkpt>
      <trkpt lat="42.882863" lon="-8.558184">
        <ele>204.849</ele>
        <time>2025-05-15T08:34:25.001Z</time>
      </trkpt>
      <trkpt lat="42.882813" lon="-8.558182">
        <ele>204.602</ele>
        <time>2025-05-15T08:34:29.001Z</time>
      </trkpt>
      <trkpt lat="42.882762" lon="-8.558211">
        <ele>204.422</ele>
        <time>2025-05-15T08:34:34.001Z</time>
      </trkpt>
      <trkpt lat="42.882716" lon="-8.558242">
        <ele>204.009</ele>
        <time>2025-05-15T08:34:39.001Z</time>
      </trkpt>
      <trkpt lat="42.882663" lon="-8.558250">
        <ele>203.136</ele>
        <time>2025-05-15T08:34:43.001Z</time>
      </trkpt>
      <trkpt lat="42.882618" lon="-8.558286">
        <ele>202.355</ele>
        <time>2025-05-15T08:34:46.001Z</time>
      </trkpt>
      <trkpt lat="42.882572" lon="-8.558331">
        <ele>201.917</ele>
        <time>2025-05-15T08:34:51.001Z</time>
      </trkpt>
      <trkpt lat="42.882542" lon="-8.558383">
        <ele>201.619</ele>
        <time>2025-05-15T08:34:56.001Z</time>
      </trkpt>
      <trkpt lat="42.882505" lon="-8.558433">
        <ele>201.343</ele>
        <time>2025-05-15T08:35:00.001Z</time>
      </trkpt>
      <trkpt lat="42.882467" lon="-8.558467">
        <ele>201.084</ele>
        <time>2025-05-15T08:35:03.001Z</time>
      </trkpt>
      <trkpt lat="42.882430" lon="-8.558513">
        <ele>200.915</ele>
        <time>2025-05-15T08:35:08.001Z</time>
      </trkpt>
      <trkpt lat="42.882402" lon="-8.558561">
        <ele>200.945</ele>
        <time>2025-05-15T08:35:13.001Z</time>
      </trkpt>
      <trkpt lat="42.882377" lon="-8.558614">
        <ele>200.938</ele>
        <time>2025-05-15T08:35:17.001Z</time>
      </trkpt>
      <trkpt lat="42.882331" lon="-8.558655">
        <ele>200.988</ele>
        <time>2025-05-15T08:35:21.001Z</time>
      </trkpt>
      <trkpt lat="42.882292" lon="-8.558700">
        <ele>201.024</ele>
        <time>2025-05-15T08:35:25.001Z</time>
      </trkpt>
      <trkpt lat="42.882241" lon="-8.558720">
        <ele>201.226</ele>
        <time>2025-05-15T08:35:30.001Z</time>
      </trkpt>
      <trkpt lat="42.882196" lon="-8.558705">
        <ele>201.209</ele>
        <time>2025-05-15T08:35:33.001Z</time>
      </trkpt>
      <trkpt lat="42.882150" lon="-8.558747">
        <ele>201.230</ele>
        <time>2025-05-15T08:35:37.001Z</time>
      </trkpt>
      <trkpt lat="42.882096" lon="-8.558766">
        <ele>201.269</ele>
        <time>2025-05-15T08:35:41.001Z</time>
      </trkpt>
      <trkpt lat="42.882050" lon="-8.558796">
        <ele>201.091</ele>
        <time>2025-05-15T08:36:01.001Z</time>
      </trkpt>
      <trkpt lat="42.881993" lon="-8.558807">
        <ele>200.983</ele>
        <time>2025-05-15T08:36:06.001Z</time>
      </trkpt>
      <trkpt lat="42.881948" lon="-8.558836">
        <ele>200.877</ele>
        <time>2025-05-15T08:36:10.001Z</time>
      </trkpt>
      <trkpt lat="42.881905" lon="-8.558808">
        <ele>200.788</ele>
        <time>2025-05-15T08:36:14.001Z</time>
      </trkpt>
      <trkpt lat="42.881879" lon="-8.558868">
        <ele>200.789</ele>
        <time>2025-05-15T08:36:18.001Z</time>
      </trkpt>
      <trkpt lat="42.881828" lon="-8.558877">
        <ele>200.779</ele>
        <time>2025-05-15T08:36:22.001Z</time>
      </trkpt>
      <trkpt lat="42.881774" lon="-8.558894">
        <ele>200.812</ele>
        <time>2025-05-15T08:36:26.001Z</time>
      </trkpt>
      <trkpt lat="42.881722" lon="-8.558896">
        <ele>200.988</ele>
        <time>2025-05-15T08:36:30.001Z</time>
      </trkpt>
      <trkpt lat="42.881676" lon="-8.558871">
        <ele>201.124</ele>
        <time>2025-05-15T08:36:35.001Z</time>
      </trkpt>
      <trkpt lat="42.881637" lon="-8.558831">
        <ele>201.226</ele>
        <time>2025-05-15T08:36:39.001Z</time>
      </trkpt>
      <trkpt lat="42.881603" lon="-8.558782">
        <ele>201.209</ele>
        <time>2025-05-15T08:36:42.001Z</time>
      </trkpt>
      <trkpt lat="42.881573" lon="-8.558732">
        <ele>201.240</ele>
        <time>2025-05-15T08:36:47.001Z</time>
      </trkpt>
      <trkpt lat="42.881568" lon="-8.558670">
        <ele>201.289</ele>
        <time>2025-05-15T08:36:51.001Z</time>
      </trkpt>
      <trkpt lat="42.881530" lon="-8.558605">
        <ele>200.871</ele>
        <time>2025-05-15T08:36:56.001Z</time>
      </trkpt>
      <trkpt lat="42.881560" lon="-8.558552">
        <ele>200.343</ele>
        <time>2025-05-15T08:37:01.001Z</time>
      </trkpt>
      <trkpt lat="42.881580" lon="-8.558490">
        <ele>199.967</ele>
        <time>2025-05-15T08:37:06.001Z</time>
      </trkpt>
      <trkpt lat="42.881627" lon="-8.558488">
        <ele>199.418</ele>
        <time>2025-05-15T08:37:21.001Z</time>
      </trkpt>
      <trkpt lat="42.881651" lon="-8.558429">
        <ele>198.949</ele>
        <time>2025-05-15T08:37:35.001Z</time>
      </trkpt>
      <trkpt lat="42.881609" lon="-8.558390">
        <ele>198.639</ele>
        <time>2025-05-15T08:37:51.001Z</time>
      </trkpt>
      <trkpt lat="42.881564" lon="-8.558365">
        <ele>198.342</ele>
        <time>2025-05-15T08:37:55.001Z</time>
      </trkpt>
      <trkpt lat="42.881527" lon="-8.558326">
        <ele>198.021</ele>
        <time>2025-05-15T08:38:01.001Z</time>
      </trkpt>
      <trkpt lat="42.881466" lon="-8.558301">
        <ele>197.741</ele>
        <time>2025-05-15T08:38:08.001Z</time>
      </trkpt>
      <trkpt lat="42.881417" lon="-8.558282">
        <ele>197.405</ele>
        <time>2025-05-15T08:38:13.001Z</time>
      </trkpt>
      <trkpt lat="42.881395" lon="-8.558341">
        <ele>197.109</ele>
        <time>2025-05-15T08:38:18.001Z</time>
      </trkpt>
      <trkpt lat="42.881370" lon="-8.558288">
        <ele>197.034</ele>
        <time>2025-05-15T08:38:23.001Z</time>
      </trkpt>
      <trkpt lat="42.881326" lon="-8.558251">
        <ele>197.073</ele>
        <time>2025-05-15T08:38:30.001Z</time>
      </trkpt>
      <trkpt lat="42.881270" lon="-8.558268">
        <ele>196.885</ele>
        <time>2025-05-15T08:38:35.001Z</time>
      </trkpt>
      <trkpt lat="42.881218" lon="-8.558277">
        <ele>196.737</ele>
        <time>2025-05-15T08:38:40.001Z</time>
      </trkpt>
      <trkpt lat="42.881173" lon="-8.558270">
        <ele>196.191</ele>
        <time>2025-05-15T08:38:46.001Z</time>
      </trkpt>
      <trkpt lat="42.881125" lon="-8.558309">
        <ele>195.652</ele>
        <time>2025-05-15T08:38:51.001Z</time>
      </trkpt>
      <trkpt lat="42.881081" lon="-8.558282">
        <ele>195.243</ele>
        <time>2025-05-15T08:38:57.001Z</time>
      </trkpt>
      <trkpt lat="42.881027" lon="-8.558293">
        <ele>195.033</ele>
        <time>2025-05-15T08:39:04.001Z</time>
      </trkpt>
      <trkpt lat="42.881011" lon="-8.558364">
        <ele>195.076</ele>
        <time>2025-05-15T08:39:08.001Z</time>
      </trkpt>
      <trkpt lat="42.880982" lon="-8.558424">
        <ele>195.037</ele>
        <time>2025-05-15T08:39:13.001Z</time>
      </trkpt>
      <trkpt lat="42.880991" lon="-8.558496">
        <ele>195.049</ele>
        <time>2025-05-15T08:39:18.001Z</time>
      </trkpt>
      <trkpt lat="42.880965" lon="-8.558549">
        <ele>195.113</ele>
        <time>2025-05-15T08:39:22.001Z</time>
      </trkpt>
      <trkpt lat="42.880945" lon="-8.558622">
        <ele>195.109</ele>
        <time>2025-05-15T08:39:27.001Z</time>
      </trkpt>
      <trkpt lat="42.880906" lon="-8.558664">
        <ele>195.185</ele>
        <time>2025-05-15T08:39:30.001Z</time>
      </trkpt>
      <trkpt lat="42.880891" lon="-8.558740">
        <ele>195.154</ele>
        <time>2025-05-15T08:39:36Z</time>
      </trkpt>
      <trkpt lat="42.880884" lon="-8.558805">
        <ele>195.036</ele>
        <time>2025-05-15T08:39:40Z</time>
      </trkpt>
      <trkpt lat="42.880889" lon="-8.558869">
        <ele>195.058</ele>
        <time>2025-05-15T08:39:45Z</time>
      </trkpt>
      <trkpt lat="42.880873" lon="-8.558927">
        <ele>195.042</ele>
        <time>2025-05-15T08:39:50Z</time>
      </trkpt>
      <trkpt lat="42.880831" lon="-8.558949">
        <ele>195.143</ele>
        <time>2025-05-15T08:39:58Z</time>
      </trkpt>
      <trkpt lat="42.880780" lon="-8.558981">
        <ele>195.044</ele>
        <time>2025-05-15T08:40:03Z</time>
      </trkpt>
      <trkpt lat="42.880747" lon="-8.559022">
        <ele>195.074</ele>
        <time>2025-05-15T08:40:07Z</time>
      </trkpt>
      <trkpt lat="42.880707" lon="-8.559059">
        <ele>195.027</ele>
        <time>2025-05-15T08:40:12Z</time>
      </trkpt>
      <trkpt lat="42.880667" lon="-8.559100">
        <ele>194.563</ele>
        <time>2025-05-15T08:40:22Z</time>
      </trkpt>
      <trkpt lat="42.880615" lon="-8.559123">
        <ele>194.044</ele>
        <time>2025-05-15T08:40:30Z</time>
      </trkpt>
      <trkpt lat="42.880579" lon="-8.559160">
        <ele>194.018</ele>
        <time>2025-05-15T08:40:43Z</time>
      </trkpt>
      <trkpt lat="42.880524" lon="-8.559196">
        <ele>193.809</ele>
        <time>2025-05-15T08:40:49Z</time>
      </trkpt>
      <trkpt lat="42.880473" lon="-8.559220">
        <ele>193.888</ele>
        <time>2025-05-15T08:40:54Z</time>
      </trkpt>
      <trkpt lat="42.880420" lon="-8.559210">
        <ele>193.727</ele>
        <time>2025-05-15T08:40:59Z</time>
      </trkpt>
      <trkpt lat="42.880365" lon="-8.559208">
        <ele>193.519</ele>
        <time>2025-05-15T08:41:05Z</time>
      </trkpt>
      <trkpt lat="42.880321" lon="-8.559236">
        <ele>192.861</ele>
        <time>2025-05-15T08:41:13Z</time>
      </trkpt>
      <trkpt lat="42.880286" lon="-8.559285">
        <ele>192.875</ele>
        <time>2025-05-15T08:41:18Z</time>
      </trkpt>
      <trkpt lat="42.880281" lon="-8.559349">
        <ele>192.826</ele>
        <time>2025-05-15T08:41:22Z</time>
      </trkpt>
      <trkpt lat="42.880241" lon="-8.559388">
        <ele>192.877</ele>
        <time>2025-05-15T08:41:30Z</time>
      </trkpt>
      <trkpt lat="42.880199" lon="-8.559415">
        <ele>192.887</ele>
        <time>2025-05-15T08:41:37Z</time>
      </trkpt>
      <trkpt lat="42.880155" lon="-8.559370">
        <ele>192.860</ele>
        <time>2025-05-15T08:41:48Z</time>
      </trkpt>
      <trkpt lat="42.880104" lon="-8.559362">
        <ele>192.848</ele>
        <time>2025-05-15T08:42:28Z</time>
      </trkpt>
      <trkpt lat="42.880050" lon="-8.559391">
        <ele>192.761</ele>
        <time>2025-05-15T08:42:32Z</time>
      </trkpt>
      <trkpt lat="42.879999" lon="-8.559428">
        <ele>192.217</ele>
        <time>2025-05-15T08:42:38Z</time>
      </trkpt>
      <trkpt lat="42.879953" lon="-8.559460">
        <ele>191.709</ele>
        <time>2025-05-15T08:42:42Z</time>
      </trkpt>
      <trkpt lat="42.879911" lon="-8.559514">
        <ele>191.546</ele>
        <time>2025-05-15T08:42:47Z</time>
      </trkpt>
      <trkpt lat="42.879872" lon="-8.559551">
        <ele>191.345</ele>
        <time>2025-05-15T08:42:50Z</time>
      </trkpt>
      <trkpt lat="42.879834" lon="-8.559589">
        <ele>191.277</ele>
        <time>2025-05-15T08:42:54Z</time>
      </trkpt>
      <trkpt lat="42.879783" lon="-8.559617">
        <ele>190.979</ele>
        <time>2025-05-15T08:42:59Z</time>
      </trkpt>
      <trkpt lat="42.879733" lon="-8.559646">
        <ele>190.543</ele>
        <time>2025-05-15T08:43:04Z</time>
      </trkpt>
      <trkpt lat="42.879726" lon="-8.559707">
        <ele>190.394</ele>
        <time>2025-05-15T08:43:08Z</time>
      </trkpt>
      <trkpt lat="42.879700" lon="-8.559777">
        <ele>190.045</ele>
        <time>2025-05-15T08:43:12Z</time>
      </trkpt>
      <trkpt lat="42.879679" lon="-8.559836">
        <ele>189.585</ele>
        <time>2025-05-15T08:43:16Z</time>
      </trkpt>
      <trkpt lat="42.879635" lon="-8.559867">
        <ele>189.388</ele>
        <time>2025-05-15T08:43:20Z</time>
      </trkpt>
      <trkpt lat="42.879601" lon="-8.559924">
        <ele>189.277</ele>
        <time>2025-05-15T08:43:25Z</time>
      </trkpt>
      <trkpt lat="42.879573" lon="-8.559979">
        <ele>189.161</ele>
        <time>2025-05-15T08:43:30Z</time>
      </trkpt>
      <trkpt lat="42.879533" lon="-8.560025">
        <ele>188.927</ele>
        <time>2025-05-15T08:43:34Z</time>
      </trkpt>
      <trkpt lat="42.879515" lon="-8.560101">
        <ele>188.909</ele>
        <time>2025-05-15T08:43:40Z</time>
      </trkpt>
      <trkpt lat="42.879483" lon="-8.560156">
        <ele>188.919</ele>
        <time>2025-05-15T08:43:45Z</time>
      </trkpt>
      <trkpt lat="42.879454" lon="-8.560215">
        <ele>188.988</ele>
        <time>2025-05-15T08:43:48.999Z</time>
      </trkpt>
      <trkpt lat="42.879420" lon="-8.560264">
        <ele>189.040</ele>
        <time>2025-05-15T08:43:53.999Z</time>
      </trkpt>
      <trkpt lat="42.879382" lon="-8.560312">
        <ele>189.142</ele>
        <time>2025-05-15T08:43:58.999Z</time>
      </trkpt>
      <trkpt lat="42.879337" lon="-8.560332">
        <ele>189.426</ele>
        <time>2025-05-15T08:44:02.999Z</time>
      </trkpt>
      <trkpt lat="42.879293" lon="-8.560373">
        <ele>190.047</ele>
        <time>2025-05-15T08:44:06.999Z</time>
      </trkpt>
      <trkpt lat="42.879258" lon="-8.560416">
        <ele>190.538</ele>
        <time>2025-05-15T08:44:10.999Z</time>
      </trkpt>
      <trkpt lat="42.879208" lon="-8.560421">
        <ele>190.578</ele>
        <time>2025-05-15T08:44:14.999Z</time>
      </trkpt>
      <trkpt lat="42.879166" lon="-8.560456">
        <ele>190.561</ele>
        <time>2025-05-15T08:44:19.999Z</time>
      </trkpt>
      <trkpt lat="42.879120" lon="-8.560468">
        <ele>190.488</ele>
        <time>2025-05-15T08:44:23.999Z</time>
      </trkpt>
      <trkpt lat="42.879073" lon="-8.560464">
        <ele>190.424</ele>
        <time>2025-05-15T08:44:28.999Z</time>
      </trkpt>
      <trkpt lat="42.879025" lon="-8.560444">
        <ele>190.426</ele>
        <time>2025-05-15T08:44:33.999Z</time>
      </trkpt>
      <trkpt lat="42.878973" lon="-8.560447">
        <ele>190.609</ele>
        <time>2025-05-15T08:44:38.999Z</time>
      </trkpt>
      <trkpt lat="42.878958" lon="-8.560509">
        <ele>191.260</ele>
        <time>2025-05-15T08:44:43.999Z</time>
      </trkpt>
      <trkpt lat="42.878930" lon="-8.560565">
        <ele>191.679</ele>
        <time>2025-05-15T08:44:48.999Z</time>
      </trkpt>
      <trkpt lat="42.878906" lon="-8.560619">
        <ele>191.671</ele>
        <time>2025-05-15T08:44:52.999Z</time>
      </trkpt>
      <trkpt lat="42.878904" lon="-8.560680">
        <ele>191.613</ele>
        <time>2025-05-15T08:44:57.999Z</time>
      </trkpt>
      <trkpt lat="42.878880" lon="-8.560749">
        <ele>191.667</ele>
        <time>2025-05-15T08:45:08.999Z</time>
      </trkpt>
      <trkpt lat="42.878847" lon="-8.560796">
        <ele>191.498</ele>
        <time>2025-05-15T08:45:13.999Z</time>
      </trkpt>
      <trkpt lat="42.878839" lon="-8.560858">
        <ele>191.329</ele>
        <time>2025-05-15T08:45:17.999Z</time>
      </trkpt>
      <trkpt lat="42.878808" lon="-8.560915">
        <ele>191.299</ele>
        <time>2025-05-15T08:45:22.999Z</time>
      </trkpt>
      <trkpt lat="42.878780" lon="-8.560970">
        <ele>191.062</ele>
        <time>2025-05-15T08:45:27.999Z</time>
      </trkpt>
      <trkpt lat="42.878745" lon="-8.561030">
        <ele>191.087</ele>
        <time>2025-05-15T08:45:32.999Z</time>
      </trkpt>
      <trkpt lat="42.878724" lon="-8.561084">
        <ele>190.942</ele>
        <time>2025-05-15T08:45:36.999Z</time>
      </trkpt>
      <trkpt lat="42.878691" lon="-8.561134">
        <ele>190.926</ele>
        <time>2025-05-15T08:45:42.999Z</time>
      </trkpt>
      <trkpt lat="42.878672" lon="-8.561195">
        <ele>190.909</ele>
        <time>2025-05-15T08:45:53.999Z</time>
      </trkpt>
      <trkpt lat="42.878647" lon="-8.561249">
        <ele>191.080</ele>
        <time>2025-05-15T08:45:59.999Z</time>
      </trkpt>
      <trkpt lat="42.878637" lon="-8.561312">
        <ele>191.179</ele>
        <time>2025-05-15T08:46:03.999Z</time>
      </trkpt>
      <trkpt lat="42.878631" lon="-8.561389">
        <ele>191.241</ele>
        <time>2025-05-15T08:46:09.999Z</time>
      </trkpt>
      <trkpt lat="42.878620" lon="-8.561452">
        <ele>191.313</ele>
        <time>2025-05-15T08:46:13.999Z</time>
      </trkpt>
      <trkpt lat="42.878592" lon="-8.561511">
        <ele>191.447</ele>
        <time>2025-05-15T08:46:17.999Z</time>
      </trkpt>
      <trkpt lat="42.878578" lon="-8.561572">
        <ele>191.588</ele>
        <time>2025-05-15T08:46:21.999Z</time>
      </trkpt>
      <trkpt lat="42.878545" lon="-8.561630">
        <ele>191.769</ele>
        <time>2025-05-15T08:46:26.999Z</time>
      </trkpt>
      <trkpt lat="42.878517" lon="-8.561685">
        <ele>192.079</ele>
        <time>2025-05-15T08:46:31.999Z</time>
      </trkpt>
      <trkpt lat="42.878481" lon="-8.561725">
        <ele>192.632</ele>
        <time>2025-05-15T08:46:36.999Z</time>
      </trkpt>
      <trkpt lat="42.878444" lon="-8.561794">
        <ele>193.262</ele>
        <time>2025-05-15T08:46:40.999Z</time>
      </trkpt>
      <trkpt lat="42.878471" lon="-8.561731">
        <ele>193.783</ele>
        <time>2025-05-15T08:47:01.999Z</time>
      </trkpt>
      <trkpt lat="42.878443" lon="-8.561785">
        <ele>194.211</ele>
        <time>2025-05-15T08:47:14.999Z</time>
      </trkpt>
      <trkpt lat="42.878389" lon="-8.561787">
        <ele>194.809</ele>
        <time>2025-05-15T08:47:20.999Z</time>
      </trkpt>
      <trkpt lat="42.878344" lon="-8.561805">
        <ele>195.168</ele>
        <time>2025-05-15T08:47:24.999Z</time>
      </trkpt>
      <trkpt lat="42.878297" lon="-8.561799">
        <ele>195.217</ele>
        <time>2025-05-15T08:47:27.999Z</time>
      </trkpt>
      <trkpt lat="42.878256" lon="-8.561842">
        <ele>195.569</ele>
        <time>2025-05-15T08:47:31.999Z</time>
      </trkpt>
      <trkpt lat="42.878220" lon="-8.561880">
        <ele>195.821</ele>
        <time>2025-05-15T08:47:35.999Z</time>
      </trkpt>
      <trkpt lat="42.878169" lon="-8.561889">
        <ele>196.235</ele>
        <time>2025-05-15T08:47:39.999Z</time>
      </trkpt>
      <trkpt lat="42.878123" lon="-8.561866">
        <ele>196.766</ele>
        <time>2025-05-15T08:47:43.999Z</time>
      </trkpt>
      <trkpt lat="42.878070" lon="-8.561872">
        <ele>197.137</ele>
        <time>2025-05-15T08:47:47.999Z</time>
      </trkpt>
      <trkpt lat="42.878020" lon="-8.561873">
        <ele>197.367</ele>
        <time>2025-05-15T08:47:54.999Z</time>
      </trkpt>
      <trkpt lat="42.878058" lon="-8.561840">
        <ele>197.550</ele>
        <time>2025-05-15T08:47:57.999Z</time>
      </trkpt>
      <trkpt lat="42.877987" lon="-8.561867">
        <ele>198.055</ele>
        <time>2025-05-15T08:48:44.999Z</time>
      </trkpt>
      <trkpt lat="42.877941" lon="-8.561869">
        <ele>198.007</ele>
        <time>2025-05-15T08:48:49.999Z</time>
      </trkpt>
      <trkpt lat="42.877932" lon="-8.561933">
        <ele>198.117</ele>
        <time>2025-05-15T08:48:53.999Z</time>
      </trkpt>
      <trkpt lat="42.877923" lon="-8.561997">
        <ele>198.109</ele>
        <time>2025-05-15T08:48:58.999Z</time>
      </trkpt>
      <trkpt lat="42.877906" lon="-8.562065">
        <ele>198.147</ele>
        <time>2025-05-15T08:49:02.999Z</time>
      </trkpt>
      <trkpt lat="42.877894" lon="-8.562132">
        <ele>198.066</ele>
        <time>2025-05-15T08:49:07.999Z</time>
      </trkpt>
      <trkpt lat="42.877891" lon="-8.562202">
        <ele>197.628</ele>
        <time>2025-05-15T08:49:13.999Z</time>
      </trkpt>
      <trkpt lat="42.877912" lon="-8.562268">
        <ele>197.030</ele>
        <time>2025-05-15T08:49:19.999Z</time>
      </trkpt>
      <trkpt lat="42.877890" lon="-8.562337">
        <ele>196.434</ele>
        <time>2025-05-15T08:49:24.999Z</time>
      </trkpt>
      <trkpt lat="42.877870" lon="-8.562393">
        <ele>195.895</ele>
        <time>2025-05-15T08:49:28.999Z</time>
      </trkpt>
      <trkpt lat="42.877847" lon="-8.562459">
        <ele>195.266</ele>
        <time>2025-05-15T08:49:33.999Z</time>
      </trkpt>
      <trkpt lat="42.877816" lon="-8.562520">
        <ele>194.456</ele>
        <time>2025-05-15T08:49:37.999Z</time>
      </trkpt>
      <trkpt lat="42.877813" lon="-8.562590">
        <ele>193.669</ele>
        <time>2025-05-15T08:49:41.999Z</time>
      </trkpt>
      <trkpt lat="42.877810" lon="-8.562666">
        <ele>192.844</ele>
        <time>2025-05-15T08:49:46.999Z</time>
      </trkpt>
      <trkpt lat="42.877832" lon="-8.562721">
        <ele>192.005</ele>
        <time>2025-05-15T08:49:51.999Z</time>
      </trkpt>
      <trkpt lat="42.877835" lon="-8.562783">
        <ele>191.215</ele>
        <time>2025-05-15T08:49:57.999Z</time>
      </trkpt>
      <trkpt lat="42.877856" lon="-8.562845">
        <ele>190.309</ele>
        <time>2025-05-15T08:50:02.999Z</time>
      </trkpt>
      <trkpt lat="42.877864" lon="-8.562907">
        <ele>189.316</ele>
        <time>2025-05-15T08:50:07.999Z</time>
      </trkpt>
      <trkpt lat="42.877857" lon="-8.562983">
        <ele>188.315</ele>
        <time>2025-05-15T08:50:11.999Z</time>
      </trkpt>
      <trkpt lat="42.877864" lon="-8.563051">
        <ele>187.257</ele>
        <time>2025-05-15T08:50:15.999Z</time>
      </trkpt>
      <trkpt lat="42.877877" lon="-8.563111">
        <ele>186.069</ele>
        <time>2025-05-15T08:50:20.999Z</time>
      </trkpt>
      <trkpt lat="42.877872" lon="-8.563179">
        <ele>185.043</ele>
        <time>2025-05-15T08:50:24.999Z</time>
      </trkpt>
      <trkpt lat="42.877879" lon="-8.563249">
        <ele>184.584</ele>
        <time>2025-05-15T08:50:29.999Z</time>
      </trkpt>
      <trkpt lat="42.877901" lon="-8.563305">
        <ele>184.385</ele>
        <time>2025-05-15T08:50:33.999Z</time>
      </trkpt>
      <trkpt lat="42.877921" lon="-8.563364">
        <ele>184.195</ele>
        <time>2025-05-15T08:50:37.999Z</time>
      </trkpt>
      <trkpt lat="42.877884" lon="-8.563409">
        <ele>183.838</ele>
        <time>2025-05-15T08:50:44.999Z</time>
      </trkpt>
      <trkpt lat="42.877844" lon="-8.563381">
        <ele>183.542</ele>
        <time>2025-05-15T08:50:48.999Z</time>
      </trkpt>
      <trkpt lat="42.877798" lon="-8.563359">
        <ele>183.222</ele>
        <time>2025-05-15T08:50:52.999Z</time>
      </trkpt>
      <trkpt lat="42.877751" lon="-8.563334">
        <ele>183.014</ele>
        <time>2025-05-15T08:50:56.999Z</time>
      </trkpt>
      <trkpt lat="42.877706" lon="-8.563320">
        <ele>183.009</ele>
        <time>2025-05-15T08:50:59.999Z</time>
      </trkpt>
      <trkpt lat="42.877667" lon="-8.563277">
        <ele>183.036</ele>
        <time>2025-05-15T08:51:16.999Z</time>
      </trkpt>
      <trkpt lat="42.877615" lon="-8.563247">
        <ele>183.085</ele>
        <time>2025-05-15T08:51:21.999Z</time>
      </trkpt>
      <trkpt lat="42.877581" lon="-8.563199">
        <ele>183.087</ele>
        <time>2025-05-15T08:51:25.999Z</time>
      </trkpt>
      <trkpt lat="42.877533" lon="-8.563185">
        <ele>183.089</ele>
        <time>2025-05-15T08:51:30.999Z</time>
      </trkpt>
      <trkpt lat="42.877486" lon="-8.563198">
        <ele>183.093</ele>
        <time>2025-05-15T08:51:35.999Z</time>
      </trkpt>
      <trkpt lat="42.877428" lon="-8.563216">
        <ele>183.084</ele>
        <time>2025-05-15T08:51:40.999Z</time>
      </trkpt>
      <trkpt lat="42.877381" lon="-8.563226">
        <ele>183.085</ele>
        <time>2025-05-15T08:51:44.999Z</time>
      </trkpt>
      <trkpt lat="42.877332" lon="-8.563218">
        <ele>183.065</ele>
        <time>2025-05-15T08:51:48.999Z</time>
      </trkpt>
      <trkpt lat="42.877288" lon="-8.563237">
        <ele>182.938</ele>
        <time>2025-05-15T08:51:51.999Z</time>
      </trkpt>
      <trkpt lat="42.877232" lon="-8.563244">
        <ele>182.819</ele>
        <time>2025-05-15T08:51:55.999Z</time>
      </trkpt>
      <trkpt lat="42.877183" lon="-8.563257">
        <ele>182.709</ele>
        <time>2025-05-15T08:52:00.999Z</time>
      </trkpt>
      <trkpt lat="42.877132" lon="-8.563286">
        <ele>182.519</ele>
        <time>2025-05-15T08:52:05.999Z</time>
      </trkpt>
      <trkpt lat="42.877086" lon="-8.563303">
        <ele>182.309</ele>
        <time>2025-05-15T08:52:09.999Z</time>
      </trkpt>
      <trkpt lat="42.877047" lon="-8.563348">
        <ele>182.113</ele>
        <time>2025-05-15T08:52:13.998Z</time>
      </trkpt>
      <trkpt lat="42.877003" lon="-8.563365">
        <ele>182.152</ele>
        <time>2025-05-15T08:52:17.998Z</time>
      </trkpt>
      <trkpt lat="42.876966" lon="-8.563407">
        <ele>182.014</ele>
        <time>2025-05-15T08:52:21.998Z</time>
      </trkpt>
      <trkpt lat="42.876937" lon="-8.563470">
        <ele>181.916</ele>
        <time>2025-05-15T08:52:27.998Z</time>
      </trkpt>
      <trkpt lat="42.876895" lon="-8.563494">
        <ele>181.970</ele>
        <time>2025-05-15T08:52:59.998Z</time>
      </trkpt>
      <trkpt lat="42.876853" lon="-8.563527">
        <ele>181.991</ele>
        <time>2025-05-15T08:53:05.998Z</time>
      </trkpt>
      <trkpt lat="42.876819" lon="-8.563571">
        <ele>181.842</ele>
        <time>2025-05-15T08:53:10.998Z</time>
      </trkpt>
      <trkpt lat="42.876769" lon="-8.563577">
        <ele>181.822</ele>
        <time>2025-05-15T08:53:16.998Z</time>
      </trkpt>
      <trkpt lat="42.876714" lon="-8.563577">
        <ele>181.685</ele>
        <time>2025-05-15T08:53:21.998Z</time>
      </trkpt>
      <trkpt lat="42.876669" lon="-8.563584">
        <ele>181.483</ele>
        <time>2025-05-15T08:53:25.998Z</time>
      </trkpt>
      <trkpt lat="42.876623" lon="-8.563588">
        <ele>181.325</ele>
        <time>2025-05-15T08:53:29.998Z</time>
      </trkpt>
      <trkpt lat="42.876576" lon="-8.563579">
        <ele>181.217</ele>
        <time>2025-05-15T08:53:34.998Z</time>
      </trkpt>
      <trkpt lat="42.876517" lon="-8.563567">
        <ele>181.109</ele>
        <time>2025-05-15T08:53:38.998Z</time>
      </trkpt>
      <trkpt lat="42.876468" lon="-8.563562">
        <ele>181.040</ele>
        <time>2025-05-15T08:53:43.998Z</time>
      </trkpt>
      <trkpt lat="42.876425" lon="-8.563585">
        <ele>180.989</ele>
        <time>2025-05-15T08:53:46.998Z</time>
      </trkpt>
      <trkpt lat="42.876373" lon="-8.563582">
        <ele>180.851</ele>
        <time>2025-05-15T08:53:52.998Z</time>
      </trkpt>
      <trkpt lat="42.876321" lon="-8.563598">
        <ele>180.843</ele>
        <time>2025-05-15T08:53:56.998Z</time>
      </trkpt>
      <trkpt lat="42.876269" lon="-8.563603">
        <ele>180.857</ele>
        <time>2025-05-15T08:54:01.998Z</time>
      </trkpt>
      <trkpt lat="42.876228" lon="-8.563656">
        <ele>180.738</ele>
        <time>2025-05-15T08:54:07.998Z</time>
      </trkpt>
      <trkpt lat="42.876187" lon="-8.563688">
        <ele>180.799</ele>
        <time>2025-05-15T08:54:12.998Z</time>
      </trkpt>
      <trkpt lat="42.876134" lon="-8.563693">
        <ele>180.779</ele>
        <time>2025-05-15T08:54:16.998Z</time>
      </trkpt>
      <trkpt lat="42.876087" lon="-8.563694">
        <ele>180.682</ele>
        <time>2025-05-15T08:54:21.998Z</time>
      </trkpt>
      <trkpt lat="42.876044" lon="-8.563727">
        <ele>180.576</ele>
        <time>2025-05-15T08:54:27.998Z</time>
      </trkpt>
      <trkpt lat="42.875998" lon="-8.563773">
        <ele>180.490</ele>
        <time>2025-05-15T08:54:32.998Z</time>
      </trkpt>
      <trkpt lat="42.875956" lon="-8.563806">
        <ele>180.319</ele>
        <time>2025-05-15T08:54:36.998Z</time>
      </trkpt>
      <trkpt lat="42.875912" lon="-8.563824">
        <ele>180.009</ele>
        <time>2025-05-15T08:54:41.998Z</time>
      </trkpt>
      <trkpt lat="42.875865" lon="-8.563851">
        <ele>179.769</ele>
        <time>2025-05-15T08:54:45.998Z</time>
      </trkpt>
      <trkpt lat="42.875821" lon="-8.563887">
        <ele>179.748</ele>
        <time>2025-05-15T08:54:49.998Z</time>
      </trkpt>
      <trkpt lat="42.875769" lon="-8.563911">
        <ele>179.740</ele>
        <time>2025-05-15T08:54:53.998Z</time>
      </trkpt>
      <trkpt lat="42.875729" lon="-8.563949">
        <ele>179.762</ele>
        <time>2025-05-15T08:54:57.998Z</time>
      </trkpt>
      <trkpt lat="42.875706" lon="-8.564004">
        <ele>179.756</ele>
        <time>2025-05-15T08:55:05.998Z</time>
      </trkpt>
      <trkpt lat="42.875660" lon="-8.564030">
        <ele>179.617</ele>
        <time>2025-05-15T08:55:10.998Z</time>
      </trkpt>
      <trkpt lat="42.875611" lon="-8.564047">
        <ele>179.468</ele>
        <time>2025-05-15T08:55:14.998Z</time>
      </trkpt>
      <trkpt lat="42.875572" lon="-8.564080">
        <ele>179.388</ele>
        <time>2025-05-15T08:55:18.998Z</time>
      </trkpt>
      <trkpt lat="42.875528" lon="-8.564117">
        <ele>179.391</ele>
        <time>2025-05-15T08:55:22.998Z</time>
      </trkpt>
      <trkpt lat="42.875478" lon="-8.564157">
        <ele>179.229</ele>
        <time>2025-05-15T08:55:26.998Z</time>
      </trkpt>
      <trkpt lat="42.875436" lon="-8.564193">
        <ele>179.100</ele>
        <time>2025-05-15T08:55:30.998Z</time>
      </trkpt>
      <trkpt lat="42.875390" lon="-8.564221">
        <ele>179.120</ele>
        <time>2025-05-15T08:55:35.998Z</time>
      </trkpt>
      <trkpt lat="42.875348" lon="-8.564254">
        <ele>179.109</ele>
        <time>2025-05-15T08:55:40.998Z</time>
      </trkpt>
      <trkpt lat="42.875300" lon="-8.564277">
        <ele>179.044</ele>
        <time>2025-05-15T08:55:44.998Z</time>
      </trkpt>
      <trkpt lat="42.875262" lon="-8.564311">
        <ele>178.993</ele>
        <time>2025-05-15T08:55:48.998Z</time>
      </trkpt>
      <trkpt lat="42.875211" lon="-8.564348">
        <ele>178.735</ele>
        <time>2025-05-15T08:55:53.998Z</time>
      </trkpt>
      <trkpt lat="42.875153" lon="-8.564381">
        <ele>178.527</ele>
        <time>2025-05-15T08:55:58.998Z</time>
      </trkpt>
      <trkpt lat="42.875110" lon="-8.564413">
        <ele>178.391</ele>
        <time>2025-05-15T08:56:02.998Z</time>
      </trkpt>
      <trkpt lat="42.875068" lon="-8.564435">
        <ele>178.272</ele>
        <time>2025-05-15T08:56:07.998Z</time>
      </trkpt>
      <trkpt lat="42.875023" lon="-8.564468">
        <ele>178.223</ele>
        <time>2025-05-15T08:56:11.998Z</time>
      </trkpt>
      <trkpt lat="42.874967" lon="-8.564498">
        <ele>178.273</ele>
        <time>2025-05-15T08:56:16.998Z</time>
      </trkpt>
      <trkpt lat="42.874916" lon="-8.564529">
        <ele>178.366</ele>
        <time>2025-05-15T08:56:21.998Z</time>
      </trkpt>
      <trkpt lat="42.874871" lon="-8.564557">
        <ele>178.319</ele>
        <time>2025-05-15T08:56:26.998Z</time>
      </trkpt>
      <trkpt lat="42.874828" lon="-8.564587">
        <ele>178.309</ele>
        <time>2025-05-15T08:56:30.998Z</time>
      </trkpt>
      <trkpt lat="42.874779" lon="-8.564614">
        <ele>178.319</ele>
        <time>2025-05-15T08:56:35.998Z</time>
      </trkpt>
      <trkpt lat="42.874736" lon="-8.564651">
        <ele>178.309</ele>
        <time>2025-05-15T08:56:39.998Z</time>
      </trkpt>
      <trkpt lat="42.874694" lon="-8.564683">
        <ele>178.313</ele>
        <time>2025-05-15T08:56:43.998Z</time>
      </trkpt>
      <trkpt lat="42.874666" lon="-8.564735">
        <ele>178.312</ele>
        <time>2025-05-15T08:56:49.998Z</time>
      </trkpt>
      <trkpt lat="42.874627" lon="-8.564772">
        <ele>178.424</ele>
        <time>2025-05-15T08:56:53.998Z</time>
      </trkpt>
      <trkpt lat="42.874587" lon="-8.564800">
        <ele>178.676</ele>
        <time>2025-05-15T08:56:57.998Z</time>
      </trkpt>
      <trkpt lat="42.874539" lon="-8.564832">
        <ele>178.640</ele>
        <time>2025-05-15T08:57:01.998Z</time>
      </trkpt>
      <trkpt lat="42.874493" lon="-8.564847">
        <ele>178.631</ele>
        <time>2025-05-15T08:57:05.998Z</time>
      </trkpt>
      <trkpt lat="42.874446" lon="-8.564845">
        <ele>178.612</ele>
        <time>2025-05-15T08:57:08.998Z</time>
      </trkpt>
      <trkpt lat="42.874387" lon="-8.564852">
        <ele>178.532</ele>
        <time>2025-05-15T08:57:13.998Z</time>
      </trkpt>
      <trkpt lat="42.874342" lon="-8.564833">
        <ele>178.425</ele>
        <time>2025-05-15T08:57:17.998Z</time>
      </trkpt>
      <trkpt lat="42.874294" lon="-8.564816">
        <ele>178.377</ele>
        <time>2025-05-15T08:57:22.998Z</time>
      </trkpt>
      <trkpt lat="42.874257" lon="-8.564859">
        <ele>178.161</ele>
        <time>2025-05-15T08:57:26.998Z</time>
      </trkpt>
      <trkpt lat="42.874220" lon="-8.564897">
        <ele>177.827</ele>
        <time>2025-05-15T08:57:30.998Z</time>
      </trkpt>
      <trkpt lat="42.874176" lon="-8.564910">
        <ele>177.409</ele>
        <time>2025-05-15T08:57:34.998Z</time>
      </trkpt>
      <trkpt lat="42.874127" lon="-8.564908">
        <ele>176.739</ele>
        <time>2025-05-15T08:57:39.998Z</time>
      </trkpt>
      <trkpt lat="42.874079" lon="-8.564877">
        <ele>176.078</ele>
        <time>2025-05-15T08:57:44.998Z</time>
      </trkpt>
      <trkpt lat="42.874038" lon="-8.564833">
        <ele>175.480</ele>
        <time>2025-05-15T08:57:49.998Z</time>
      </trkpt>
      <trkpt lat="42.874006" lon="-8.564789">
        <ele>175.192</ele>
        <time>2025-05-15T08:57:52.998Z</time>
      </trkpt>
      <trkpt lat="42.873984" lon="-8.564731">
        <ele>175.016</ele>
        <time>2025-05-15T08:57:57.998Z</time>
      </trkpt>
      <trkpt lat="42.873953" lon="-8.564662">
        <ele>174.957</ele>
        <time>2025-05-15T08:58:01.998Z</time>
      </trkpt>
      <trkpt lat="42.873914" lon="-8.564622">
        <ele>174.898</ele>
        <time>2025-05-15T08:58:05.998Z</time>
      </trkpt>
      <trkpt lat="42.873878" lon="-8.564578">
        <ele>174.768</ele>
        <time>2025-05-15T08:58:09.998Z</time>
      </trkpt>
      <trkpt lat="42.873829" lon="-8.564579">
        <ele>174.751</ele>
        <time>2025-05-15T08:58:23.998Z</time>
      </trkpt>
      <trkpt lat="42.873875" lon="-8.564535">
        <ele>174.782</ele>
        <time>2025-05-15T08:58:30.998Z</time>
      </trkpt>
      <trkpt lat="42.873922" lon="-8.564544">
        <ele>174.643</ele>
        <time>2025-05-15T08:58:39.998Z</time>
      </trkpt>
      <trkpt lat="42.873867" lon="-8.564564">
        <ele>174.717</ele>
        <time>2025-05-15T08:58:51.998Z</time>
      </trkpt>
      <trkpt lat="42.873818" lon="-8.564560">
        <ele>174.909</ele>
        <time>2025-05-15T08:58:53.998Z</time>
      </trkpt>
      <trkpt lat="42.873768" lon="-8.564555">
        <ele>175.040</ele>
        <time>2025-05-15T08:58:57.998Z</time>
      </trkpt>
      <trkpt lat="42.873715" lon="-8.564579">
        <ele>175.019</ele>
        <time>2025-05-15T08:59:01.998Z</time>
      </trkpt>
      <trkpt lat="42.873667" lon="-8.564602">
        <ele>175.191</ele>
        <time>2025-05-15T08:59:05.998Z</time>
      </trkpt>
      <trkpt lat="42.873624" lon="-8.564622">
        <ele>175.293</ele>
        <time>2025-05-15T08:59:08.998Z</time>
      </trkpt>
      <trkpt lat="42.873580" lon="-8.564647">
        <ele>175.467</ele>
        <time>2025-05-15T08:59:12.998Z</time>
      </trkpt>
      <trkpt lat="42.873549" lon="-8.564694">
        <ele>175.648</ele>
        <time>2025-05-15T08:59:18.998Z</time>
      </trkpt>
      <trkpt lat="42.873504" lon="-8.564715">
        <ele>175.759</ele>
        <time>2025-05-15T08:59:21.998Z</time>
      </trkpt>
      <trkpt lat="42.873455" lon="-8.564715">
        <ele>175.879</ele>
        <time>2025-05-15T08:59:25.998Z</time>
      </trkpt>
      <trkpt lat="42.873423" lon="-8.564760">
        <ele>176.032</ele>
        <time>2025-05-15T08:59:29.998Z</time>
      </trkpt>
      <trkpt lat="42.873387" lon="-8.564799">
        <ele>176.132</ele>
        <time>2025-05-15T08:59:33.998Z</time>
      </trkpt>
      <trkpt lat="42.873385" lon="-8.564862">
        <ele>176.292</ele>
        <time>2025-05-15T08:59:37.998Z</time>
      </trkpt>
      <trkpt lat="42.873357" lon="-8.564913">
        <ele>176.411</ele>
        <time>2025-05-15T08:59:41.998Z</time>
      </trkpt>
      <trkpt lat="42.873345" lon="-8.564977">
        <ele>176.709</ele>
        <time>2025-05-15T08:59:46.998Z</time>
      </trkpt>
      <trkpt lat="42.873299" lon="-8.565016">
        <ele>176.735</ele>
        <time>2025-05-15T08:59:50.998Z</time>
      </trkpt>
      <trkpt lat="42.873270" lon="-8.565063">
        <ele>176.714</ele>
        <time>2025-05-15T08:59:53.998Z</time>
      </trkpt>
      <trkpt lat="42.873246" lon="-8.565125">
        <ele>176.756</ele>
        <time>2025-05-15T08:59:58.998Z</time>
      </trkpt>
      <trkpt lat="42.873180" lon="-8.565139">
        <ele>176.448</ele>
        <time>2025-05-15T09:00:01.998Z</time>
      </trkpt>
      <trkpt lat="42.873149" lon="-8.565202">
        <ele>175.812</ele>
        <time>2025-05-15T09:00:05.998Z</time>
      </trkpt>
      <trkpt lat="42.873122" lon="-8.565273">
        <ele>175.893</ele>
        <time>2025-05-15T09:00:10.998Z</time>
      </trkpt>
      <trkpt lat="42.873084" lon="-8.565318">
        <ele>175.634</ele>
        <time>2025-05-15T09:00:14.998Z</time>
      </trkpt>
      <trkpt lat="42.873046" lon="-8.565354">
        <ele>175.314</ele>
        <time>2025-05-15T09:00:20.998Z</time>
      </trkpt>
      <trkpt lat="42.873017" lon="-8.565405">
        <ele>175.257</ele>
        <time>2025-05-15T09:00:23.998Z</time>
      </trkpt>
      <trkpt lat="42.872958" lon="-8.565416">
        <ele>174.999</ele>
        <time>2025-05-15T09:00:26.998Z</time>
      </trkpt>
      <trkpt lat="42.872933" lon="-8.565468">
        <ele>174.507</ele>
        <time>2025-05-15T09:00:30.998Z</time>
      </trkpt>
      <trkpt lat="42.872893" lon="-8.565524">
        <ele>174.227</ele>
        <time>2025-05-15T09:00:35.998Z</time>
      </trkpt>
      <trkpt lat="42.872859" lon="-8.565582">
        <ele>174.009</ele>
        <time>2025-05-15T09:00:39.998Z</time>
      </trkpt>
      <trkpt lat="42.872818" lon="-8.565624">
        <ele>173.881</ele>
        <time>2025-05-15T09:00:47.998Z</time>
      </trkpt>
      <trkpt lat="42.872759" lon="-8.565642">
        <ele>173.670</ele>
        <time>2025-05-15T09:00:52.998Z</time>
      </trkpt>
      <trkpt lat="42.872730" lon="-8.565694">
        <ele>173.432</ele>
        <time>2025-05-15T09:00:57.998Z</time>
      </trkpt>
      <trkpt lat="42.872694" lon="-8.565738">
        <ele>173.494</ele>
        <time>2025-05-15T09:01:01.998Z</time>
      </trkpt>
      <trkpt lat="42.872652" lon="-8.565760">
        <ele>173.418</ele>
        <time>2025-05-15T09:01:05.998Z</time>
      </trkpt>
      <trkpt lat="42.872607" lon="-8.565797">
        <ele>173.459</ele>
        <time>2025-05-15T09:01:10.998Z</time>
      </trkpt>
      <trkpt lat="42.872570" lon="-8.565834">
        <ele>173.480</ele>
        <time>2025-05-15T09:01:14.998Z</time>
      </trkpt>
      <trkpt lat="42.872526" lon="-8.565858">
        <ele>173.440</ele>
        <time>2025-05-15T09:01:18.998Z</time>
      </trkpt>
      <trkpt lat="42.872485" lon="-8.565892">
        <ele>173.413</ele>
        <time>2025-05-15T09:01:22.998Z</time>
      </trkpt>
      <trkpt lat="42.872435" lon="-8.565928">
        <ele>173.421</ele>
        <time>2025-05-15T09:01:27.998Z</time>
      </trkpt>
      <trkpt lat="42.872392" lon="-8.565951">
        <ele>173.441</ele>
        <time>2025-05-15T09:01:31.998Z</time>
      </trkpt>
      <trkpt lat="42.872352" lon="-8.565999">
        <ele>173.405</ele>
        <time>2025-05-15T09:01:35.998Z</time>
      </trkpt>
      <trkpt lat="42.872309" lon="-8.566018">
        <ele>173.409</ele>
        <time>2025-05-15T09:01:39.998Z</time>
      </trkpt>
      <trkpt lat="42.872261" lon="-8.566040">
        <ele>173.474</ele>
        <time>2025-05-15T09:01:43.998Z</time>
      </trkpt>
      <trkpt lat="42.872217" lon="-8.566055">
        <ele>173.463</ele>
        <time>2025-05-15T09:01:47.998Z</time>
      </trkpt>
      <trkpt lat="42.872164" lon="-8.566074">
        <ele>173.475</ele>
        <time>2025-05-15T09:01:51.998Z</time>
      </trkpt>
      <trkpt lat="42.872112" lon="-8.566097">
        <ele>173.597</ele>
        <time>2025-05-15T09:01:55.998Z</time>
      </trkpt>
      <trkpt lat="42.872067" lon="-8.566087">
        <ele>173.511</ele>
        <time>2025-05-15T09:02:12.998Z</time>
      </trkpt>
      <trkpt lat="42.872029" lon="-8.566120">
        <ele>173.582</ele>
        <time>2025-05-15T09:02:15.998Z</time>
      </trkpt>
      <trkpt lat="42.871982" lon="-8.566139">
        <ele>173.873</ele>
        <time>2025-05-15T09:02:19.998Z</time>
      </trkpt>
      <trkpt lat="42.871944" lon="-8.566214">
        <ele>174.153</ele>
        <time>2025-05-15T09:02:40.998Z</time>
      </trkpt>
      <trkpt lat="42.871895" lon="-8.566229">
        <ele>174.166</ele>
        <time>2025-05-15T09:02:45.998Z</time>
      </trkpt>
      <trkpt lat="42.871864" lon="-8.566274">
        <ele>174.155</ele>
        <time>2025-05-15T09:02:51.998Z</time>
      </trkpt>
      <trkpt lat="42.871826" lon="-8.566322">
        <ele>174.007</ele>
        <time>2025-05-15T09:02:56.998Z</time>
      </trkpt>
      <trkpt lat="42.871787" lon="-8.566357">
        <ele>174.017</ele>
        <time>2025-05-15T09:03:01.998Z</time>
      </trkpt>
      <trkpt lat="42.871749" lon="-8.566391">
        <ele>174.009</ele>
        <time>2025-05-15T09:03:05.998Z</time>
      </trkpt>
      <trkpt lat="42.871701" lon="-8.566426">
        <ele>174.057</ele>
        <time>2025-05-15T09:03:23.998Z</time>
      </trkpt>
      <trkpt lat="42.871659" lon="-8.566468">
        <ele>174.246</ele>
        <time>2025-05-15T09:03:27.998Z</time>
      </trkpt>
      <trkpt lat="42.871620" lon="-8.566516">
        <ele>174.378</ele>
        <time>2025-05-15T09:03:31.998Z</time>
      </trkpt>
      <trkpt lat="42.871578" lon="-8.566562">
        <ele>174.590</ele>
        <time>2025-05-15T09:03:35.998Z</time>
      </trkpt>
      <trkpt lat="42.871530" lon="-8.566608">
        <ele>174.724</ele>
        <time>2025-05-15T09:03:39.998Z</time>
      </trkpt>
      <trkpt lat="42.871491" lon="-8.566649">
        <ele>174.865</ele>
        <time>2025-05-15T09:03:43.998Z</time>
      </trkpt>
      <trkpt lat="42.871445" lon="-8.566691">
        <ele>175.196</ele>
        <time>2025-05-15T09:03:47.998Z</time>
      </trkpt>
      <trkpt lat="42.871394" lon="-8.566735">
        <ele>175.366</ele>
        <time>2025-05-15T09:04:02.998Z</time>
      </trkpt>
      <trkpt lat="42.871370" lon="-8.566790">
        <ele>175.379</ele>
        <time>2025-05-15T09:04:06.998Z</time>
      </trkpt>
      <trkpt lat="42.871346" lon="-8.566844">
        <ele>175.385</ele>
        <time>2025-05-15T09:04:11.998Z</time>
      </trkpt>
      <trkpt lat="42.871328" lon="-8.566906">
        <ele>175.389</ele>
        <time>2025-05-15T09:04:16.998Z</time>
      </trkpt>
      <trkpt lat="42.871298" lon="-8.566967">
        <ele>175.217</ele>
        <time>2025-05-15T09:04:20.998Z</time>
      </trkpt>
      <trkpt lat="42.871282" lon="-8.567039">
        <ele>175.009</ele>
        <time>2025-05-15T09:04:25.998Z</time>
      </trkpt>
      <trkpt lat="42.871260" lon="-8.567099">
        <ele>174.910</ele>
        <time>2025-05-15T09:04:29.998Z</time>
      </trkpt>
      <trkpt lat="42.871240" lon="-8.567158">
        <ele>174.999</ele>
        <time>2025-05-15T09:04:34.998Z</time>
      </trkpt>
      <trkpt lat="42.871212" lon="-8.567231">
        <ele>174.921</ele>
        <time>2025-05-15T09:04:39.998Z</time>
      </trkpt>
      <trkpt lat="42.871194" lon="-8.567295">
        <ele>174.923</ele>
        <time>2025-05-15T09:04:44.998Z</time>
      </trkpt>
      <trkpt lat="42.871171" lon="-8.567363">
        <ele>175.187</ele>
        <time>2025-05-15T09:04:49.997Z</time>
      </trkpt>
      <trkpt lat="42.871145" lon="-8.567417">
        <ele>175.258</ele>
        <time>2025-05-15T09:04:53.997Z</time>
      </trkpt>
      <trkpt lat="42.871127" lon="-8.567482">
        <ele>175.299</ele>
        <time>2025-05-15T09:04:58.997Z</time>
      </trkpt>
      <trkpt lat="42.871087" lon="-8.567528">
        <ele>175.269</ele>
        <time>2025-05-15T09:05:02.997Z</time>
      </trkpt>
      <trkpt lat="42.871034" lon="-8.567547">
        <ele>175.122</ele>
        <time>2025-05-15T09:05:07.997Z</time>
      </trkpt>
      <trkpt lat="42.870986" lon="-8.567539">
        <ele>174.978</ele>
        <time>2025-05-15T09:05:11.997Z</time>
      </trkpt>
      <trkpt lat="42.870945" lon="-8.567506">
        <ele>174.733</ele>
        <time>2025-05-15T09:05:15.997Z</time>
      </trkpt>
      <trkpt lat="42.870897" lon="-8.567470">
        <ele>174.626</ele>
        <time>2025-05-15T09:05:20.997Z</time>
      </trkpt>
      <trkpt lat="42.870854" lon="-8.567436">
        <ele>174.509</ele>
        <time>2025-05-15T09:05:24.997Z</time>
      </trkpt>
      <trkpt lat="42.870809" lon="-8.567397">
        <ele>174.449</ele>
        <time>2025-05-15T09:05:29.997Z</time>
      </trkpt>
      <trkpt lat="42.870767" lon="-8.567360">
        <ele>174.458</ele>
        <time>2025-05-15T09:05:34.997Z</time>
      </trkpt>
      <trkpt lat="42.870734" lon="-8.567416">
        <ele>174.420</ele>
        <time>2025-05-15T09:05:43.997Z</time>
      </trkpt>
      <trkpt lat="42.870713" lon="-8.567473">
        <ele>174.422</ele>
        <time>2025-05-15T09:05:48.997Z</time>
      </trkpt>
      <trkpt lat="42.870678" lon="-8.567521">
        <ele>174.826</ele>
        <time>2025-05-15T09:05:56.997Z</time>
      </trkpt>
      <trkpt lat="42.870645" lon="-8.567569">
        <ele>175.187</ele>
        <time>2025-05-15T09:06:00.997Z</time>
      </trkpt>
      <trkpt lat="42.870623" lon="-8.567639">
        <ele>175.258</ele>
        <time>2025-05-15T09:06:07.997Z</time>
      </trkpt>
    </trkseg>
  </trk></gpx>