<?xml version="1.0" encoding="UTF-8"?>
<gpx creator="Wikiloc - https://www.wikiloc.com" version="1.1" xmlns="http://www.topografix.com/GPX/1/1" xmlns:xsi="http://www.w3.org/2001/XMLSchema-instance" xsi:schemaLocation="http://www.topografix.com/GPX/1/1 http://www.topografix.com/GPX/1/1/gpx.xsd">
  <metadata>
    <name>Wikiloc - Pardaces de Arriba - Ponte Dos Tres Ollos - Capela do Carme de Abaixo - Ponte Sarela - Laraño</name>
    <author>
      <name>Obradoiro Autoctonos</name>
      <link href="https://www.wikiloc.com/wikiloc/user.do?id=17517498">
        <text>Obradoiro Autoctonos on Wikiloc</text>
      </link>
    </author>
    <link href="https://www.wikiloc.com/hiking-trails/pardaces-de-arriba-ponte-dos-tres-ollos-capela-do-carme-de-abaixo-ponte-sarela-larano-213590136">
      <text>Pardaces de Arriba - Ponte Dos Tres Ollos - Capela do Carme de Abaixo - Ponte Sarela - Laraño on Wikiloc</text>
    </link>
    <time>2025-05-15T09:06:01.608Z</time>
  </metadata>
  <wpt lat="42.904667" lon="-8.546505">
    <ele>252.6</ele>
    <time>2025-05-15T06:40:22.585Z</time>
    <name>Puente</name>
    <cmt></cmt>
    <desc></desc>
  </wpt>
  <wpt lat="42.899928" lon="-8.549729">
    <ele>242.3</ele>
    <time>2025-05-15T06:53:27.588Z</time>
    <name>Ponte Dos Tres Ollos</name>
    <cmt></cmt>
    <desc></desc>
  </wpt>
  <wpt lat="42.899688" lon="-8.549272">
    <ele>242.8</ele>
    <time>2025-05-15T06:55:24.588Z</time>
    <name>Ponte Dos Tres Ollos</name>
    <cmt></cmt>
    <desc></desc>
  </wpt>
  <wpt lat="42.899089" lon="-8.549987">
    <ele>246.0</ele>
    <time>2025-05-15T06:57:26.588Z</time>
    <name>Puente</name>
    <cmt></cmt>
    <desc></desc>
  </wpt>
  <wpt lat="42.896025" lon="-8.549829">
    <ele>234.7</ele>
    <time>2025-05-15T07:04:51.590Z</time>
    <name>Intersección</name>
    <cmt></cmt>
    <desc></desc>
  </wpt>
  <wpt lat="42.891764" lon="-8.549877">
    <ele>233.2</ele>
    <time>2025-05-15T07:13:44.591Z</time>
    <name>Monumento</name>
    <cmt></cmt>
    <desc></desc>
  </wpt>
  <wpt lat="42.891664" lon="-8.549862">
    <ele>233.0</ele>
    <time>2025-05-15T07:14:16.591Z</time>
    <name>Monumento</name>
    <cmt></cmt>
    <desc></desc>
  </wpt>
  <wpt lat="42.886839" lon="-8.549134">
    <ele>228.4</ele>
    <time>2025-05-15T07:23:18.593Z</time>
    <name>Monumento</name>
    <cmt></cmt>
    <desc></desc>
  </wpt>
  <wpt lat="42.884937" lon="-8.549764">
    <ele>226.3</ele>
    <time>2025-05-15T07:27:32.594Z</time>
    <name>Ponte Asén</name>
    <cmt></cmt>
    <desc></desc>
  </wpt>
  <wpt lat="42.881635" lon="-8.551584">
    <ele>227.5</ele>
    <time>2025-05-15T08:17:05.600Z</time>
    <name>Ponte Carme de Abaixo</name>
    <cmt></cmt>
    <desc></desc>
  </wpt>
  <wpt lat="42.881111" lon="-8.551932">
    <ele>225.1</ele>
    <time>2025-05-15T08:18:22.600Z</time>
    <name>Ponte Carme de Abaixo</name>
    <cmt></cmt>
    <desc></desc>
  </wpt>
  <wpt lat="42.881111" lon="-8.551932">
    <ele>225.1</ele>
    <time>2025-05-15T08:18:33.600Z</time>
    <name>Ponte Carme de Abaixo</name>
    <cmt></cmt>
    <desc></desc>
  </wpt>
  <wpt lat="42.882108" lon="-8.553530">
    <ele>227.3</ele>
    <time>2025-05-15T08:21:46.601Z</time>
    <name>Fonte lavadoiro</name>
    <cmt></cmt>
    <desc></desc>
  </wpt>
  <wpt lat="42.882206" lon="-8.553550">
    <ele>228.3</ele>
    <time>2025-05-15T08:22:13.601Z</time>
    <name>Fonte lavadoiro</name>
    <cmt></cmt>
    <desc></desc>
  </wpt>
  <wpt lat="42.883188" lon="-8.554972">
    <ele>221.5</ele>
    <time>2025-05-15T08:26:29.602Z</time>
    <name>Puente</name>
    <cmt></cmt>
    <desc></desc>
  </wpt>
  <wpt lat="42.883081" lon="-8.556755">
    <ele>213.6</ele>
    <time>2025-05-15T08:30:43.602Z</time>
    <name>Pontella da Ribeira de San Lourenzo</name>
    <cmt></cmt>
    <desc></desc>
  </wpt>
  <wpt lat="42.882976" lon="-8.557360">
    <ele>209.4</ele>
    <time>2025-05-15T08:31:52.602Z</time>
    <name>Pontella da Ribeira de San Lourenzo</name>
    <cmt></cmt>
    <desc></desc>
  </wpt>
  <wpt lat="42.883259" lon="-8.557765">
    <ele>215.5</ele>
    <time>2025-05-15T08:33:17.602Z</time>
    <name>Pontella da Ribeira de San Lourenzo</name>
    <cmt></cmt>
    <desc></desc>
  </wpt>
  <wpt lat="42.882810" lon="-8.558163">
    <ele>215.7</ele>
    <time>2025-05-15T08:34:27.603Z</time>
    <name>Árbol</name>
    <cmt></cmt>
    <desc></desc>
  </wpt>
  <wpt lat="42.881545" lon="-8.558590">
    <ele>203.1</ele>
    <time>2025-05-15T08:36:47.603Z</time>
    <name>Árbol</name>
    <cmt></cmt>
    <desc></desc>
  </wpt>
  <wpt lat="42.881597" lon="-8.558422">
    <ele>203.2</ele>
    <time>2025-05-15T08:37:09.603Z</time>
    <name>Monumento</name>
    <cmt></cmt>
    <desc></desc>
  </wpt>
  <wpt lat="42.880226" lon="-8.559450">
    <ele>198.3</ele>
    <time>2025-05-15T08:41:23.604Z</time>
    <name>Puente</name>
    <cmt></cmt>
    <desc></desc>
  </wpt>
  <wpt lat="42.878854" lon="-8.560784">
    <ele>193.6</ele>
    <time>2025-05-15T08:45:05.604Z</time>
    <name>Ponte Sarela</name>
    <cmt></cmt>
    <desc></desc>
  </wpt>
  <wpt lat="42.878442" lon="-8.561644">
    <ele>199.2</ele>
    <time>2025-05-15T08:46:15.605Z</time>
    <name>Monumento</name>
    <cmt></cmt>
    <desc></desc>
  </wpt>
  <wpt lat="42.873893" lon="-8.564641">
    <ele>175.7</ele>
    <time>2025-05-15T08:58:24.607Z</time>
    <name>Monumento</name>
    <cmt></cmt>
    <desc></desc>
  </wpt>
  <trk>
    <name>Pardaces de Arriba - Ponte Dos Tres Ollos - Capela do Carme de Abaixo - Ponte Sarela - Laraño</name>
    <cmt>Ruta de Pardaces de Arriba a Laraño pasando por:
- Ponte Dos Tres Ollos (0.8 km)
- Ponte Asén (3.0 km)
- Finca do espiño (3.2 km)
- Capela do Carme de Abaixo (3.5 km)
- Fonte lavadoiro (3.7 km)
- Pontella da Ribeira de San Lourenzo (4.3 km)
- Ponte Sarela (4.9 km)</cmt>
    <desc>Ruta de Pardaces de Arriba a Laraño pasando por:
- Ponte Dos Tres Ollos (0.8 km)
- Ponte Asén (3.0 km)
- Finca do espiño (3.2 km)
- Capela do Carme de Abaixo (3.5 km)
- Fonte lavadoiro (3.7 km)
- Pontella da Ribeira de San Lourenzo (4.3 km)
- Ponte Sarela (4.9 km)</desc>
    <trkseg>
      <trkpt lat="42.904620" lon="-8.546512">
        <ele>252.638</ele>
        <time>2025-05-15T06:39:14.585Z</time>
      </trkpt>
      <trkpt lat="42.904667" lon="-8.546505">
        <ele>252.670</ele>
        <time>2025-05-15T06:39:27.585Z</time>
      </trkpt>
      <trkpt lat="42.904719" lon="-8.546486">
        <ele>252.717</ele>
        <time>2025-05-15T06:40:23.585Z</time>
      </trkpt>
      <trkpt lat="42.904764" lon="-8.546498">
        <ele>252.909</ele>
        <time>2025-05-15T06:40:27.585Z</time>
      </trkpt>
      <trkpt lat="42.904804" lon="-8.546548">
        <ele>253.125</ele>
        <time>2025-05-15T06:40:32.585Z</time>
      </trkpt>
      <trkpt lat="42.904851" lon="-8.546528">
        <ele>253.484</ele>
        <time>2025-05-15T06:40:36.585Z</time>
      </trkpt>
      <trkpt lat="42.904844" lon="-8.546596">
        <ele>253.386</ele>
        <time>2025-05-15T06:40:49.585Z</time>
      </trkpt>
      <trkpt lat="42.904837" lon="-8.546657">
        <ele>253.258</ele>
        <time>2025-05-15T06:40:54.585Z</time>
      </trkpt>
      <trkpt lat="42.904883" lon="-8.546695">
        <ele>253.922</ele>
        <time>2025-05-15T06:41:06.585Z</time>
      </trkpt>
      <trkpt lat="42.904896" lon="-8.546755">
        <ele>254.583</ele>
        <time>2025-05-15T06:41:10.585Z</time>
      </trkpt>
      <trkpt lat="42.904895" lon="-8.546821">
        <ele>255.034</ele>
        <time>2025-05-15T06:41:14.585Z</time>
      </trkpt>
      <trkpt lat="42.904881" lon="-8.546889">
        <ele>255.316</ele>
        <time>2025-05-15T06:41:18.585Z</time>
      </trkpt>
      <trkpt lat="42.904868" lon="-8.546953">
        <ele>255.769</ele>
        <time>2025-05-15T06:41:22.585Z</time>
      </trkpt>
      <trkpt lat="42.904835" lon="-8.547005">
        <ele>256.014</ele>
        <time>2025-05-15T06:41:28.585Z</time>
      </trkpt>
      <trkpt lat="42.904797" lon="-8.547045">
        <ele>256.054</ele>
        <time>2025-05-15T06:41:34.585Z</time>
      </trkpt>
      <trkpt lat="42.904758" lon="-8.547090">
        <ele>256.009</ele>
        <time>2025-05-15T06:41:39.585Z</time>
      </trkpt>
      <trkpt lat="42.904728" lon="-8.547137">
        <ele>256.209</ele>
        <time>2025-05-15T06:41:43.585Z</time>
      </trkpt>
      <trkpt lat="42.904696" lon="-8.547186">
        <ele>256.433</ele>
        <time>2025-05-15T06:41:47.585Z</time>
      </trkpt>
      <trkpt lat="42.904661" lon="-8.547238">
        <ele>256.582</ele>
        <time>2025-05-15T06:41:52.585Z</time>
      </trkpt>
      <trkpt lat="42.904631" lon="-8.547286">
        <ele>256.854</ele>
        <time>2025-05-15T06:41:57.586Z</time>
      </trkpt>
      <trkpt lat="42.904596" lon="-8.547346">
        <ele>257.026</ele>
        <time>2025-05-15T06:42:02.586Z</time>
      </trkpt>
      <trkpt lat="42.904557" lon="-8.547386">
        <ele>256.920</ele>
        <time>2025-05-15T06:42:06.586Z</time>
      </trkpt>
      <trkpt lat="42.904527" lon="-8.547442">
        <ele>256.951</ele>
        <time>2025-05-15T06:42:12.586Z</time>
      </trkpt>
      <trkpt lat="42.904493" lon="-8.547498">
        <ele>256.982</ele>
        <time>2025-05-15T06:42:17.586Z</time>
      </trkpt>
      <trkpt lat="42.904461" lon="-8.547546">
        <ele>257.054</ele>
        <time>2025-05-15T06:42:21.586Z</time>
      </trkpt>
      <trkpt lat="42.904420" lon="-8.547589">
        <ele>257.197</ele>
        <time>2025-05-15T06:42:26.586Z</time>
      </trkpt>
      <trkpt lat="42.904369" lon="-8.547590">
        <ele>256.872</ele>
        <time>2025-05-15T06:42:31.586Z</time>
      </trkpt>
      <trkpt lat="42.904326" lon="-8.547627">
        <ele>257.013</ele>
        <time>2025-05-15T06:42:36.586Z</time>
      </trkpt>
      <trkpt lat="42.904299" lon="-8.547688">
        <ele>257.714</ele>
        <time>2025-05-15T06:42:40.586Z</time>
      </trkpt>
      <trkpt lat="42.904277" lon="-8.547745">
        <ele>258.309</ele>
        <time>2025-05-15T06:42:44.586Z</time>
      </trkpt>
      <trkpt lat="42.904244" lon="-8.547805">
        <ele>258.889</ele>
        <time>2025-05-15T06:42:49.586Z</time>
      </trkpt>
      <trkpt lat="42.904223" lon="-8.547862">
        <ele>259.218</ele>
        <time>2025-05-15T06:42:53.586Z</time>
      </trkpt>
      <trkpt lat="42.904194" lon="-8.547920">
        <ele>259.460</ele>
        <time>2025-05-15T06:42:58.586Z</time>
      </trkpt>
      <trkpt lat="42.904171" lon="-8.547988">
        <ele>259.682</ele>
        <time>2025-05-15T06:43:03.586Z</time>
      </trkpt>
      <trkpt lat="42.904155" lon="-8.548059">
        <ele>259.836</ele>
        <time>2025-05-15T06:43:08.586Z</time>
      </trkpt>
      <trkpt lat="42.904134" lon="-8.548124">
        <ele>260.337</ele>
        <time>2025-05-15T06:43:13.586Z</time>
      </trkpt>
      <trkpt lat="42.904099" lon="-8.548171">
        <ele>260.158</ele>
        <time>2025-05-15T06:43:18.586Z</time>
      </trkpt>
      <trkpt lat="42.904071" lon="-8.548228">
        <ele>260.270</ele>
        <time>2025-05-15T06:43:23.586Z</time>
      </trkpt>
      <trkpt lat="42.904043" lon="-8.548277">
        <ele>260.253</ele>
        <time>2025-05-15T06:43:27.586Z</time>
      </trkpt>
      <trkpt lat="42.904012" lon="-8.548340">
        <ele>260.257</ele>
        <time>2025-05-15T06:43:33.586Z</time>
      </trkpt>
      <trkpt lat="42.903972" lon="-8.548388">
        <ele>259.900</ele>
        <time>2025-05-15T06:43:38.586Z</time>
      </trkpt>
      <trkpt lat="42.903937" lon="-8.548439">
        <ele>259.720</ele>
        <time>2025-05-15T06:43:43.586Z</time>
      </trkpt>
      <trkpt lat="42.903894" lon="-8.548480">
        <ele>259.209</ele>
        <time>2025-05-15T06:43:48.586Z</time>
      </trkpt>
      <trkpt lat="42.903851" lon="-8.548524">
        <ele>258.647</ele>
        <time>2025-05-15T06:43:53.586Z</time>
      </trkpt>
      <trkpt lat="42.903826" lon="-8.548579">
        <ele>258.636</ele>
        <time>2025-05-15T06:43:57.585Z</time>
      </trkpt>
      <trkpt lat="42.903789" lon="-8.548634">
        <ele>258.088</ele>
        <time>2025-05-15T06:44:02.586Z</time>
      </trkpt>
      <trkpt lat="42.903765" lon="-8.548690">
        <ele>257.790</ele>
        <time>2025-05-15T06:44:06.586Z</time>
      </trkpt>
      <trkpt lat="42.903736" lon="-8.548742">
        <ele>257.264</ele>
        <time>2025-05-15T06:44:10.586Z</time>
      </trkpt>
      <trkpt lat="42.903708" lon="-8.548800">
        <ele>256.975</ele>
        <time>2025-05-15T06:44:15.586Z</time>
      </trkpt>
      <trkpt lat="42.903675" lon="-8.548860">
        <ele>256.686</ele>
        <time>2025-05-15T06:44:20.586Z</time>
      </trkpt>
      <trkpt lat="42.903657" lon="-8.548928">
        <ele>256.698</ele>
        <time>2025-05-15T06:44:25.586Z</time>
      </trkpt>
      <trkpt lat="42.903648" lon="-8.548990">
        <ele>256.841</ele>
        <time>2025-05-15T06:44:29.586Z</time>
      </trkpt>
      <trkpt lat="42.903640" lon="-8.549057">
        <ele>257.133</ele>
        <time>2025-05-15T06:44:34.586Z</time>
      </trkpt>
      <trkpt lat="42.903635" lon="-8.549119">
        <ele>257.423</ele>
        <time>2025-05-15T06:44:39.586Z</time>
      </trkpt>
      <trkpt lat="42.903620" lon="-8.549191">
        <ele>257.615</ele>
        <time>2025-05-15T06:44:44.586Z</time>
      </trkpt>
      <trkpt lat="42.903598" lon="-8.549257">
        <ele>257.909</ele>
        <time>2025-05-15T06:44:49.586Z</time>
      </trkpt>
      <trkpt lat="42.903573" lon="-8.549317">
        <ele>258.185</ele>
        <time>2025-05-15T06:44:54.586Z</time>
      </trkpt>
      <trkpt lat="42.903534" lon="-8.549368">
        <ele>257.774</ele>
        <time>2025-05-15T06:44:59.586Z</time>
      </trkpt>
      <trkpt lat="42.903494" lon="-8.549415">
        <ele>257.296</ele>
        <time>2025-05-15T06:45:04.586Z</time>
      </trkpt>
      <trkpt lat="42.903443" lon="-8.549450">
        <ele>256.348</ele>
        <time>2025-05-15T06:45:09.586Z</time>
      </trkpt>
      <trkpt lat="42.903396" lon="-8.549476">
        <ele>255.682</ele>
        <time>2025-05-15T06:45:13.586Z</time>
      </trkpt>
      <trkpt lat="42.903357" lon="-8.549514">
        <ele>255.663</ele>
        <time>2025-05-15T06:45:17.586Z</time>
      </trkpt>
      <trkpt lat="42.903313" lon="-8.549553">
        <ele>255.834</ele>
        <time>2025-05-15T06:45:22.586Z</time>
      </trkpt>
      <trkpt lat="42.903264" lon="-8.549568">
        <ele>255.436</ele>
        <time>2025-05-15T06:45:26.586Z</time>
      </trkpt>
      <trkpt lat="42.903219" lon="-8.549598">
        <ele>255.569</ele>
        <time>2025-05-15T06:45:31.586Z</time>
      </trkpt>
      <trkpt lat="42.903170" lon="-8.549630">
        <ele>255.688</ele>
        <time>2025-05-15T06:45:36.586Z</time>
      </trkpt>
      <trkpt lat="42.903126" lon="-8.549650">
        <ele>255.424</ele>
        <time>2025-05-15T06:45:40.586Z</time>
      </trkpt>
      <trkpt lat="42.903079" lon="-8.549674">
        <ele>255.226</ele>
        <time>2025-05-15T06:45:45.586Z</time>
      </trkpt>
      <trkpt lat="42.903033" lon="-8.549710">
        <ele>255.409</ele>
        <time>2025-05-15T06:45:51.586Z</time>
      </trkpt>
      <trkpt lat="42.902987" lon="-8.549748">
        <ele>255.790</ele>
        <time>2025-05-15T06:45:56.586Z</time>
      </trkpt>
      <trkpt lat="42.902937" lon="-8.549766">
        <ele>255.579</ele>
        <time>2025-05-15T06:46:01.586Z</time>
      </trkpt>
      <trkpt lat="42.902915" lon="-8.549840">
        <ele>257.281</ele>
        <time>2025-05-15T06:46:08.586Z</time>
      </trkpt>
      <trkpt lat="42.902873" lon="-8.549864">
        <ele>257.193</ele>
        <time>2025-05-15T06:46:12.586Z</time>
      </trkpt>
      <trkpt lat="42.902822" lon="-8.549881">
        <ele>256.737</ele>
        <time>2025-05-15T06:46:17.586Z</time>
      </trkpt>
      <trkpt lat="42.902778" lon="-8.549896">
        <ele>256.438</ele>
        <time>2025-05-15T06:46:21.586Z</time>
      </trkpt>
      <trkpt lat="42.902731" lon="-8.549904">
        <ele>255.749</ele>
        <time>2025-05-15T06:46:25.586Z</time>
      </trkpt>
      <trkpt lat="42.902685" lon="-8.549909">
        <ele>254.981</ele>
        <time>2025-05-15T06:46:29.586Z</time>
      </trkpt>
      <trkpt lat="42.902632" lon="-8.549910">
        <ele>253.944</ele>
        <time>2025-05-15T06:46:33.587Z</time>
      </trkpt>
      <trkpt lat="42.902587" lon="-8.549907">
        <ele>253.042</ele>
        <time>2025-05-15T06:46:37.587Z</time>
      </trkpt>
      <trkpt lat="42.902541" lon="-8.549900">
        <ele>252.022</ele>
        <time>2025-05-15T06:46:41.587Z</time>
      </trkpt>
      <trkpt lat="42.902484" lon="-8.549902">
        <ele>251.114</ele>
        <time>2025-05-15T06:46:46.587Z</time>
      </trkpt>
      <trkpt lat="42.902437" lon="-8.549898">
        <ele>250.709</ele>
        <time>2025-05-15T06:46:50.587Z</time>
      </trkpt>
      <trkpt lat="42.902383" lon="-8.549899">
        <ele>250.396</ele>
        <time>2025-05-15T06:46:55.587Z</time>
      </trkpt>
      <trkpt lat="42.902337" lon="-8.549892">
        <ele>249.945</ele>
        <time>2025-05-15T06:47:00.587Z</time>
      </trkpt>
      <trkpt lat="42.902283" lon="-8.549910">
        <ele>249.897</ele>
        <time>2025-05-15T06:47:05.587Z</time>
      </trkpt>
      <trkpt lat="42.902238" lon="-8.549919">
        <ele>249.719</ele>
        <time>2025-05-15T06:47:09.587Z</time>
      </trkpt>
      <trkpt lat="42.902191" lon="-8.549881">
        <ele>249.013</ele>
        <time>2025-05-15T06:47:14.587Z</time>
      </trkpt>
      <trkpt lat="42.902142" lon="-8.549850">
        <ele>248.644</ele>
        <time>2025-05-15T06:47:19.587Z</time>
      </trkpt>
      <trkpt lat="42.902091" lon="-8.549824">
        <ele>248.485</ele>
        <time>2025-05-15T06:47:24.587Z</time>
      </trkpt>
      <trkpt lat="42.902045" lon="-8.549804">
        <ele>248.497</ele>
        <time>2025-05-15T06:47:29.587Z</time>
      </trkpt>
      <trkpt lat="42.902000" lon="-8.549777">
        <ele>248.330</ele>
        <time>2025-05-15T06:47:43.587Z</time>
      </trkpt>
      <trkpt lat="42.901956" lon="-8.549762">
        <ele>248.483</ele>
        <time>2025-05-15T06:47:48.587Z</time>
      </trkpt>
      <trkpt lat="42.901902" lon="-8.549745">
        <ele>248.525</ele>
        <time>2025-05-15T06:47:54.587Z</time>
      </trkpt>
      <trkpt lat="42.901866" lon="-8.549704">
        <ele>248.417</ele>
        <time>2025-05-15T06:47:58.587Z</time>
      </trkpt>
      <trkpt lat="42.901820" lon="-8.549696">
        <ele>248.709</ele>
        <time>2025-05-15T06:48:07.587Z</time>
      </trkpt>
      <trkpt lat="42.901772" lon="-8.549689">
        <ele>249.020</ele>
        <time>2025-05-15T06:48:14.587Z</time>
      </trkpt>
      <trkpt lat="42.901727" lon="-8.549670">
        <ele>249.179</ele>
        <time>2025-05-15T06:48:19.587Z</time>
      </trkpt>
      <trkpt lat="42.901680" lon="-8.549644">
        <ele>249.351</ele>
        <time>2025-05-15T06:48:25.587Z</time>
      </trkpt>
      <trkpt lat="42.901632" lon="-8.549629">
        <ele>249.173</ele>
        <time>2025-05-15T06:48:30.587Z</time>
      </trkpt>
      <trkpt lat="42.901587" lon="-8.549626">
        <ele>248.777</ele>
        <time>2025-05-15T06:48:35.587Z</time>
      </trkpt>
      <trkpt lat="42.901536" lon="-8.549621">
        <ele>248.378</ele>
        <time>2025-05-15T06:48:40.587Z</time>
      </trkpt>
      <trkpt lat="42.901492" lon="-8.549604">
        <ele>247.959</ele>
        <time>2025-05-15T06:48:45.587Z</time>
      </trkpt>
      <trkpt lat="42.901447" lon="-8.549588">
        <ele>247.561</ele>
        <time>2025-05-15T06:48:50.587Z</time>
      </trkpt>
      <trkpt lat="42.901397" lon="-8.549595">
        <ele>247.134</ele>
        <time>2025-05-15T06:48:56.587Z</time>
      </trkpt>
      <trkpt lat="42.901352" lon="-8.549594">
        <ele>246.756</ele>
        <time>2025-05-15T06:49:01.587Z</time>
      </trkpt>
      <trkpt lat="42.901304" lon="-8.549600">
        <ele>246.359</ele>
        <time>2025-05-15T06:49:07.587Z</time>
      </trkpt>
      <trkpt lat="42.901256" lon="-8.549611">
        <ele>246.014</ele>
        <time>2025-05-15T06:49:13.587Z</time>
      </trkpt>
      <trkpt lat="42.901215" lon="-8.549576">
        <ele>245.409</ele>
        <time>2025-05-15T06:49:20.587Z</time>
      </trkpt>
      <trkpt lat="42.901168" lon="-8.549560">
        <ele>244.927</ele>
        <time>2025-05-15T06:49:36.587Z</time>
      </trkpt>
      <trkpt lat="42.901127" lon="-8.549587">
        <ele>244.746</ele>
        <time>2025-05-15T06:49:49.587Z</time>
      </trkpt>
      <trkpt lat="42.901090" lon="-8.549623">
        <ele>244.558</ele>
        <time>2025-05-15T06:50:14.587Z</time>
      </trkpt>
      <trkpt lat="42.901045" lon="-8.549647">
        <ele>244.320</ele>
        <time>2025-05-15T06:50:21.587Z</time>
      </trkpt>
      <trkpt lat="42.900992" lon="-8.549648">
        <ele>243.924</ele>
        <time>2025-05-15T06:50:27.587Z</time>
      </trkpt>
      <trkpt lat="42.900947" lon="-8.549627">
        <ele>243.515</ele>
        <time>2025-05-15T06:50:33.587Z</time>
      </trkpt>
      <trkpt lat="42.900901" lon="-8.549629">
        <ele>243.236</ele>
        <time>2025-05-15T06:50:43.587Z</time>
      </trkpt>
      <trkpt lat="42.900853" lon="-8.549643">
        <ele>242.948</ele>
        <time>2025-05-15T06:50:50.587Z</time>
      </trkpt>
      <trkpt lat="42.900832" lon="-8.549699">
        <ele>242.921</ele>
        <time>2025-05-15T06:50:56.587Z</time>
      </trkpt>
      <trkpt lat="42.900787" lon="-8.549665">
        <ele>242.818</ele>
        <time>2025-05-15T06:51:06.587Z</time>
      </trkpt>
      <trkpt lat="42.900740" lon="-8.549660">
        <ele>242.798</ele>
        <time>2025-05-15T06:51:10.587Z</time>
      </trkpt>
      <trkpt lat="42.900687" lon="-8.549678">
        <ele>242.817</ele>
        <time>2025-05-15T06:51:16.588Z</time>
      </trkpt>
      <trkpt lat="42.900636" lon="-8.549676">
        <ele>242.709</ele>
        <time>2025-05-15T06:51:21.588Z</time>
      </trkpt>
      <trkpt lat="42.900581" lon="-8.549689">
        <ele>242.873</ele>
        <time>2025-05-15T06:51:26.588Z</time>
      </trkpt>
      <trkpt lat="42.900523" lon="-8.549696">
        <ele>242.662</ele>
        <time>2025-05-15T06:51:31.588Z</time>
      </trkpt>
      <trkpt lat="42.900468" lon="-8.549694">
        <ele>242.224</ele>
        <time>2025-05-15T06:51:36.588Z</time>
      </trkpt>
      <trkpt lat="42.900424" lon="-8.549726">
        <ele>242.196</ele>
        <time>2025-05-15T06:51:40.588Z</time>
      </trkpt>
      <trkpt lat="42.900374" lon="-8.549758">
        <ele>241.910</ele>
        <time>2025-05-15T06:51:45.588Z</time>
      </trkpt>
      <trkpt lat="42.900333" lon="-8.549792">
        <ele>241.981</ele>
        <time>2025-05-15T06:51:50.588Z</time>
      </trkpt>
      <trkpt lat="42.900289" lon="-8.549818">
        <ele>241.822</ele>
        <time>2025-05-15T06:51:55.588Z</time>
      </trkpt>
      <trkpt lat="42.900236" lon="-8.549828">
        <ele>241.864</ele>
        <time>2025-05-15T06:52:02.588Z</time>
      </trkpt>
      <trkpt lat="42.900187" lon="-8.549848">
        <ele>241.937</ele>
        <time>2025-05-15T06:52:07.588Z</time>
      </trkpt>
      <trkpt lat="42.900144" lon="-8.549879">
        <ele>242.175</ele>
        <time>2025-05-15T06:52:13.588Z</time>
      </trkpt>
      <trkpt lat="42.900088" lon="-8.549854">
        <ele>242.028</ele>
        <time>2025-05-15T06:52:18.588Z</time>
      </trkpt>
      <trkpt lat="42.900037" lon="-8.549850">
        <ele>242.020</ele>
        <time>2025-05-15T06:52:22.588Z</time>
      </trkpt>
      <trkpt lat="42.900005" lon="-8.549806">
        <ele>242.009</ele>
        <time>2025-05-15T06:52:52.588Z</time>
      </trkpt>
      <trkpt lat="42.899968" lon="-8.549770">
        <ele>242.149</ele>
        <time>2025-05-15T06:53:20.588Z</time>
      </trkpt>
      <trkpt lat="42.899930" lon="-8.549732">
        <ele>242.258</ele>
        <time>2025-05-15T06:53:27.588Z</time>
      </trkpt>
      <trkpt lat="42.899901" lon="-8.549675">
        <ele>242.470</ele>
        <time>2025-05-15T06:54:09.588Z</time>
      </trkpt>
      <trkpt lat="42.899874" lon="-8.549620">
        <ele>242.592</ele>
        <time>2025-05-15T06:54:15.588Z</time>
      </trkpt>
      <trkpt lat="42.899855" lon="-8.549557">
        <ele>242.566</ele>
        <time>2025-05-15T06:54:20.588Z</time>
      </trkpt>
      <trkpt lat="42.899818" lon="-8.549498">
        <ele>242.797</ele>
        <time>2025-05-15T06:54:26.588Z</time>
      </trkpt>
      <trkpt lat="42.899798" lon="-8.549438">
        <ele>242.748</ele>
        <time>2025-05-15T06:54:30.587Z</time>
      </trkpt>
      <trkpt lat="42.899770" lon="-8.549386">
        <ele>242.890</ele>
        <time>2025-05-15T06:54:36.588Z</time>
      </trkpt>
      <trkpt lat="42.899753" lon="-8.549325">
        <ele>242.923</ele>
        <time>2025-05-15T06:54:41.588Z</time>
      </trkpt>
      <trkpt lat="42.899691" lon="-8.549275">
        <ele>242.965</ele>
        <time>2025-05-15T06:55:12.588Z</time>
      </trkpt>
      <trkpt lat="42.899661" lon="-8.549333">
        <ele>242.868</ele>
        <time>2025-05-15T06:55:31.588Z</time>
      </trkpt>
      <trkpt lat="42.899635" lon="-8.549395">
        <ele>242.914</ele>
        <time>2025-05-15T06:55:35.588Z</time>
      </trkpt>
      <trkpt lat="42.899606" lon="-8.549446">
        <ele>243.009</ele>
        <time>2025-05-15T06:55:39.588Z</time>
      </trkpt>
      <trkpt lat="42.899587" lon="-8.549517">
        <ele>243.158</ele>
        <time>2025-05-15T06:55:43.588Z</time>
      </trkpt>
      <trkpt lat="42.899581" lon="-8.549584">
        <ele>243.357</ele>
        <time>2025-05-15T06:55:46.588Z</time>
      </trkpt>
      <trkpt lat="42.899549" lon="-8.549656">
        <ele>243.539</ele>
        <time>2025-05-15T06:55:50.588Z</time>
      </trkpt>
      <trkpt lat="42.899506" lon="-8.549692">
        <ele>243.761</ele>
        <time>2025-05-15T06:55:53.588Z</time>
      </trkpt>
      <trkpt lat="42.899462" lon="-8.549740">
        <ele>244.195</ele>
        <time>2025-05-15T06:55:56.588Z</time>
      </trkpt>
      <trkpt lat="42.899421" lon="-8.549791">
        <ele>244.576</ele>
        <time>2025-05-15T06:55:59.588Z</time>
      </trkpt>
      <trkpt lat="42.899389" lon="-8.549845">
        <ele>245.017</ele>
        <time>2025-05-15T06:56:02.588Z</time>
      </trkpt>
      <trkpt lat="42.899351" lon="-8.549900">
        <ele>245.529</ele>
        <time>2025-05-15T06:56:05.588Z</time>
      </trkpt>
      <trkpt lat="42.899309" lon="-8.549945">
        <ele>246.072</ele>
        <time>2025-05-15T06:56:08.588Z</time>
      </trkpt>
      <trkpt lat="42.899274" lon="-8.549995">
        <ele>246.668</ele>
        <time>2025-05-15T06:56:13.588Z</time>
      </trkpt>
      <trkpt lat="42.899245" lon="-8.550049">
        <ele>247.142</ele>
        <time>2025-05-15T06:56:18.587Z</time>
      </trkpt>
      <trkpt lat="42.899202" lon="-8.550081">
        <ele>247.526</ele>
        <time>2025-05-15T06:56:22.588Z</time>
      </trkpt>
      <trkpt lat="42.899152" lon="-8.550084">
        <ele>247.409</ele>
        <time>2025-05-15T06:56:26.588Z</time>
      </trkpt>
      <trkpt lat="42.899113" lon="-8.550044">
        <ele>246.788</ele>
        <time>2025-05-15T06:56:30.588Z</time>
      </trkpt>
      <trkpt lat="42.899093" lon="-8.549989">
        <ele>246.187</ele>
        <time>2025-05-15T06:56:43.588Z</time>
      </trkpt>
      <trkpt lat="42.899063" lon="-8.550047">
        <ele>246.269</ele>
        <time>2025-05-15T06:57:34.588Z</time>
      </trkpt>
      <trkpt lat="42.899018" lon="-8.550067">
        <ele>245.951</ele>
        <time>2025-05-15T06:57:39.588Z</time>
      </trkpt>
      <trkpt lat="42.898971" lon="-8.550093">
        <ele>245.615</ele>
        <time>2025-05-15T06:57:43.588Z</time>
      </trkpt>
      <trkpt lat="42.898915" lon="-8.550107">
        <ele>245.186</ele>
        <time>2025-05-15T06:57:47.588Z</time>
      </trkpt>
      <trkpt lat="42.898868" lon="-8.550084">
        <ele>244.417</ele>
        <time>2025-05-15T06:57:51.589Z</time>
      </trkpt>
      <trkpt lat="42.898834" lon="-8.550040">
        <ele>243.919</ele>
        <time>2025-05-15T06:57:54.589Z</time>
      </trkpt>
      <trkpt lat="42.898806" lon="-8.549972">
        <ele>243.292</ele>
        <time>2025-05-15T06:57:58.589Z</time>
      </trkpt>
      <trkpt lat="42.898796" lon="-8.549911">
        <ele>242.886</ele>
        <time>2025-05-15T06:58:04.589Z</time>
      </trkpt>
      <trkpt lat="42.898785" lon="-8.549843">
        <ele>242.360</ele>
        <time>2025-05-15T06:58:10.589Z</time>
      </trkpt>
      <trkpt lat="42.898755" lon="-8.549796">
        <ele>241.926</ele>
        <time>2025-05-15T06:58:14.589Z</time>
      </trkpt>
      <trkpt lat="42.898724" lon="-8.549737">
        <ele>241.509</ele>
        <time>2025-05-15T06:58:18.589Z</time>
      </trkpt>
      <trkpt lat="42.898695" lon="-8.549684">
        <ele>241.130</ele>
        <time>2025-05-15T06:58:22.589Z</time>
      </trkpt>
      <trkpt lat="42.898676" lon="-8.549615">
        <ele>240.699</ele>
        <time>2025-05-15T06:58:27.589Z</time>
      </trkpt>
      <trkpt lat="42.898661" lon="-8.549554">
        <ele>240.111</ele>
        <time>2025-05-15T06:58:31.589Z</time>
      </trkpt>
      <trkpt lat="42.898624" lon="-8.549504">
        <ele>239.593</ele>
        <time>2025-05-15T06:58:35.589Z</time>
      </trkpt>
      <trkpt lat="42.898581" lon="-8.549470">
        <ele>239.347</ele>
        <time>2025-05-15T06:58:39.589Z</time>
      </trkpt>
      <trkpt lat="42.898519" lon="-8.549472">
        <ele>239.578</ele>
        <time>2025-05-15T06:58:43.589Z</time>
      </trkpt>
      <trkpt lat="42.898466" lon="-8.549457">
        <ele>239.699</ele>
        <time>2025-05-15T06:58:47.589Z</time>
      </trkpt>
      <trkpt lat="42.898417" lon="-8.549449">
        <ele>239.791</ele>
        <time>2025-05-15T06:58:51.589Z</time>
      </trkpt>
      <trkpt lat="42.898366" lon="-8.549458">
        <ele>239.984</ele>
        <time>2025-05-15T06:58:55.589Z</time>
      </trkpt>
      <trkpt lat="42.898318" lon="-8.549455">
        <ele>240.095</ele>
        <time>2025-05-15T06:58:59.589Z</time>
      </trkpt>
      <trkpt lat="42.898272" lon="-8.549489">
        <ele>240.249</ele>
        <time>2025-05-15T06:59:04.589Z</time>
      </trkpt>
      <trkpt lat="42.898249" lon="-8.549555">
        <ele>240.423</ele>
        <time>2025-05-15T06:59:11.589Z</time>
      </trkpt>
      <trkpt lat="42.898204" lon="-8.549573">
        <ele>240.509</ele>
        <time>2025-05-15T06:59:22.588Z</time>
      </trkpt>
      <trkpt lat="42.898168" lon="-8.549624">
        <ele>240.621</ele>
        <time>2025-05-15T06:59:26.589Z</time>
      </trkpt>
      <trkpt lat="42.898115" lon="-8.549613">
        <ele>240.660</ele>
        <time>2025-05-15T06:59:32.589Z</time>
      </trkpt>
      <trkpt lat="42.898070" lon="-8.549604">
        <ele>240.652</ele>
        <time>2025-05-15T06:59:38.589Z</time>
      </trkpt>
      <trkpt lat="42.898019" lon="-8.549570">
        <ele>240.354</ele>
        <time>2025-05-15T06:59:44.589Z</time>
      </trkpt>
      <trkpt lat="42.897974" lon="-8.549545">
        <ele>240.148</ele>
        <time>2025-05-15T06:59:48.589Z</time>
      </trkpt>
      <trkpt lat="42.897923" lon="-8.549534">
        <ele>240.039</ele>
        <time>2025-05-15T06:59:53.589Z</time>
      </trkpt>
      <trkpt lat="42.897956" lon="-8.549489">
        <ele>240.040</ele>
        <time>2025-05-15T07:00:01.589Z</time>
      </trkpt>
      <trkpt lat="42.897922" lon="-8.549435">
        <ele>240.072</ele>
        <time>2025-05-15T07:00:06.590Z</time>
      </trkpt>
      <trkpt lat="42.897878" lon="-8.549389">
        <ele>240.085</ele>
        <time>2025-05-15T07:00:10.589Z</time>
      </trkpt>
      <trkpt lat="42.897830" lon="-8.549359">
        <ele>240.034</ele>
        <time>2025-05-15T07:00:15.589Z</time>
      </trkpt>
      <trkpt lat="42.897790" lon="-8.549329">
        <ele>240.055</ele>
        <time>2025-05-15T07:00:19.589Z</time>
      </trkpt>
      <trkpt lat="42.897747" lon="-8.549299">
        <ele>239.810</ele>
        <time>2025-05-15T07:00:23.589Z</time>
      </trkpt>
      <trkpt lat="42.897700" lon="-8.549264">
        <ele>239.409</ele>
        <time>2025-05-15T07:00:28.589Z</time>
      </trkpt>
      <trkpt lat="42.897673" lon="-8.549212">
        <ele>239.275</ele>
        <time>2025-05-15T07:00:32.589Z</time>
      </trkpt>
      <trkpt lat="42.897644" lon="-8.549161">
        <ele>239.064</ele>
        <time>2025-05-15T07:00:37.589Z</time>
      </trkpt>
      <trkpt lat="42.897600" lon="-8.549128">
        <ele>238.836</ele>
        <time>2025-05-15T07:00:41.589Z</time>
      </trkpt>
      <trkpt lat="42.897559" lon="-8.549096">
        <ele>238.658</ele>
        <time>2025-05-15T07:00:45.589Z</time>
      </trkpt>
      <trkpt lat="42.897508" lon="-8.549059">
        <ele>238.452</ele>
        <time>2025-05-15T07:00:50.590Z</time>
      </trkpt>
      <trkpt lat="42.897458" lon="-8.549034">
        <ele>238.453</ele>
        <time>2025-05-15T07:00:55.589Z</time>
      </trkpt>
      <trkpt lat="42.897418" lon="-8.549069">
        <ele>238.214</ele>
        <time>2025-05-15T07:00:59.589Z</time>
      </trkpt>
      <trkpt lat="42.897373" lon="-8.549036">
        <ele>238.336</ele>
        <time>2025-05-15T07:01:03.589Z</time>
      </trkpt>
      <trkpt lat="42.897334" lon="-8.548987">
        <ele>238.329</ele>
        <time>2025-05-15T07:01:07.589Z</time>
      </trkpt>
      <trkpt lat="42.897288" lon="-8.548947">
        <ele>238.292</ele>
        <time>2025-05-15T07:01:12.589Z</time>
      </trkpt>
      <trkpt lat="42.897233" lon="-8.548959">
        <ele>238.073</ele>
        <time>2025-05-15T07:01:17.589Z</time>
      </trkpt>
      <trkpt lat="42.897184" lon="-8.548936">
        <ele>238.220</ele>
        <time>2025-05-15T07:01:27.589Z</time>
      </trkpt>
      <trkpt lat="42.897146" lon="-8.548974">
        <ele>238.409</ele>
        <time>2025-05-15T07:01:33.589Z</time>
      </trkpt>
      <trkpt lat="42.897127" lon="-8.549039">
        <ele>238.351</ele>
        <time>2025-05-15T07:01:39.589Z</time>
      </trkpt>
      <trkpt lat="42.897116" lon="-8.549102">
        <ele>238.250</ele>
        <time>2025-05-15T07:01:44.589Z</time>
      </trkpt>
      <trkpt lat="42.897094" lon="-8.549156">
        <ele>238.032</ele>
        <time>2025-05-15T07:01:49.589Z</time>
      </trkpt>
      <trkpt lat="42.897058" lon="-8.549206">
        <ele>237.834</ele>
        <time>2025-05-15T07:01:54.589Z</time>
      </trkpt>
      <trkpt lat="42.897020" lon="-8.549252">
        <ele>237.558</ele>
        <time>2025-05-15T07:02:00.589Z</time>
      </trkpt>
      <trkpt lat="42.896982" lon="-8.549303">
        <ele>237.129</ele>
        <time>2025-05-15T07:02:05.589Z</time>
      </trkpt>
      <trkpt lat="42.896936" lon="-8.549342">
        <ele>236.730</ele>
        <time>2025-05-15T07:02:10.589Z</time>
      </trkpt>
      <trkpt lat="42.896898" lon="-8.549394">
        <ele>236.212</ele>
        <time>2025-05-15T07:02:15.589Z</time>
      </trkpt>
      <trkpt lat="42.896863" lon="-8.549444">
        <ele>235.725</ele>
        <time>2025-05-15T07:02:20.589Z</time>
      </trkpt>
      <trkpt lat="42.896816" lon="-8.549482">
        <ele>235.587</ele>
        <time>2025-05-15T07:02:25.589Z</time>
      </trkpt>
      <trkpt lat="42.896784" lon="-8.549537">
        <ele>235.242</ele>
        <time>2025-05-15T07:02:30.589Z</time>
      </trkpt>
      <trkpt lat="42.896747" lon="-8.549594">
        <ele>234.926</ele>
        <time>2025-05-15T07:02:35.589Z</time>
      </trkpt>
      <trkpt lat="42.896704" lon="-8.549632">
        <ele>234.609</ele>
        <time>2025-05-15T07:02:40.589Z</time>
      </trkpt>
      <trkpt lat="42.896660" lon="-8.549643">
        <ele>234.340</ele>
        <time>2025-05-15T07:02:45.589Z</time>
      </trkpt>
      <trkpt lat="42.896627" lon="-8.549694">
        <ele>234.159</ele>
        <time>2025-05-15T07:02:51.589Z</time>
      </trkpt>
      <trkpt lat="42.896603" lon="-8.549755">
        <ele>234.131</ele>
        <time>2025-05-15T07:02:56.589Z</time>
      </trkpt>
      <trkpt lat="42.896573" lon="-8.549802">
        <ele>234.153</ele>
        <time>2025-05-15T07:03:00.589Z</time>
      </trkpt>
      <trkpt lat="42.896547" lon="-8.549853">
        <ele>234.187</ele>
        <time>2025-05-15T07:03:04.589Z</time>
      </trkpt>
      <trkpt lat="42.896524" lon="-8.549906">
        <ele>234.058</ele>
        <time>2025-05-15T07:03:08.590Z</time>
      </trkpt>
      <trkpt lat="42.896505" lon="-8.549970">
        <ele>233.979</ele>
        <time>2025-05-15T07:03:13.590Z</time>
      </trkpt>
      <trkpt lat="42.896475" lon="-8.550018">
        <ele>233.741</ele>
        <time>2025-05-15T07:03:18.590Z</time>
      </trkpt>
      <trkpt lat="42.896425" lon="-8.550009">
        <ele>233.374</ele>
        <time>2025-05-15T07:03:24.590Z</time>
      </trkpt>
      <trkpt lat="42.896375" lon="-8.549968">
        <ele>233.248</ele>
        <time>2025-05-15T07:03:29.590Z</time>
      </trkpt>
      <trkpt lat="42.896329" lon="-8.549935">
        <ele>233.561</ele>
        <time>2025-05-15T07:03:33.590Z</time>
      </trkpt>
      <trkpt lat="42.896290" lon="-8.549903">
        <ele>233.717</ele>
        <time>2025-05-15T07:03:37.590Z</time>
      </trkpt>
      <trkpt lat="42.896248" lon="-8.549881">
        <ele>233.909</ele>
        <time>2025-05-15T07:03:41.590Z</time>
      </trkpt>
      <trkpt lat="42.896206" lon="-8.549854">
        <ele>234.226</ele>
        <time>2025-05-15T07:03:45.590Z</time>
      </trkpt>
      <trkpt lat="42.896158" lon="-8.549818">
        <ele>234.545</ele>
        <time>2025-05-15T07:03:50.590Z</time>
      </trkpt>
      <trkpt lat="42.896116" lon="-8.549784">
        <ele>234.837</ele>
        <time>2025-05-15T07:03:58.590Z</time>
      </trkpt>
      <trkpt lat="42.896072" lon="-8.549813">
        <ele>234.779</ele>
        <time>2025-05-15T07:04:35.590Z</time>
      </trkpt>
      <trkpt lat="42.896028" lon="-8.549830">
        <ele>234.783</ele>
        <time>2025-05-15T07:04:41.590Z</time>
      </trkpt>
      <trkpt lat="42.895978" lon="-8.549838">
        <ele>234.894</ele>
        <time>2025-05-15T07:05:04.590Z</time>
      </trkpt>
      <trkpt lat="42.895921" lon="-8.549844">
        <ele>234.955</ele>
        <time>2025-05-15T07:05:09.590Z</time>
      </trkpt>
      <trkpt lat="42.895866" lon="-8.549837">
        <ele>235.047</ele>
        <time>2025-05-15T07:05:14.590Z</time>
      </trkpt>
      <trkpt lat="42.895815" lon="-8.549827">
        <ele>235.020</ele>
        <time>2025-05-15T07:05:19.590Z</time>
      </trkpt>
      <trkpt lat="42.895763" lon="-8.549805">
        <ele>235.015</ele>
        <time>2025-05-15T07:05:24.590Z</time>
      </trkpt>
      <trkpt lat="42.895728" lon="-8.549766">
        <ele>235.065</ele>
        <time>2025-05-15T07:05:28.590Z</time>
      </trkpt>
      <trkpt lat="42.895698" lon="-8.549718">
        <ele>235.011</ele>
        <time>2025-05-15T07:05:32.590Z</time>
      </trkpt>
      <trkpt lat="42.895678" lon="-8.549648">
        <ele>235.309</ele>
        <time>2025-05-15T07:05:37.590Z</time>
      </trkpt>
      <trkpt lat="42.895657" lon="-8.549578">
        <ele>235.553</ele>
        <time>2025-05-15T07:05:42.590Z</time>
      </trkpt>
      <trkpt lat="42.895624" lon="-8.549533">
        <ele>235.742</ele>
        <time>2025-05-15T07:05:47.590Z</time>
      </trkpt>
      <trkpt lat="42.895576" lon="-8.549507">
        <ele>235.814</ele>
        <time>2025-05-15T07:05:52.590Z</time>
      </trkpt>
      <trkpt lat="42.895529" lon="-8.549502">
        <ele>235.836</ele>
        <time>2025-05-15T07:05:56.590Z</time>
      </trkpt>
      <trkpt lat="42.895483" lon="-8.549522">
        <ele>235.860</ele>
        <time>2025-05-15T07:06:00.590Z</time>
      </trkpt>
      <trkpt lat="42.895441" lon="-8.549556">
        <ele>235.891</ele>
        <time>2025-05-15T07:06:04.590Z</time>
      </trkpt>
      <trkpt lat="42.895398" lon="-8.549592">
        <ele>235.822</ele>
        <time>2025-05-15T07:06:09.590Z</time>
      </trkpt>
      <trkpt lat="42.895358" lon="-8.549637">
        <ele>235.884</ele>
        <time>2025-05-15T07:06:15.590Z</time>
      </trkpt>
      <trkpt lat="42.895315" lon="-8.549658">
        <ele>235.947</ele>
        <time>2025-05-15T07:06:19.590Z</time>
      </trkpt>
      <trkpt lat="42.895271" lon="-8.549681">
        <ele>236.066</ele>
        <time>2025-05-15T07:06:23.590Z</time>
      </trkpt>
      <trkpt lat="42.895223" lon="-8.549715">
        <ele>235.829</ele>
        <time>2025-05-15T07:06:28.590Z</time>
      </trkpt>
      <trkpt lat="42.895181" lon="-8.549747">
        <ele>235.721</ele>
        <time>2025-05-15T07:06:32.590Z</time>
      </trkpt>
      <trkpt lat="42.895142" lon="-8.549784">
        <ele>235.609</ele>
        <time>2025-05-15T07:06:36.590Z</time>
      </trkpt>
      <trkpt lat="42.895107" lon="-8.549833">
        <ele>235.638</ele>
        <time>2025-05-15T07:06:40.590Z</time>
      </trkpt>
      <trkpt lat="42.895059" lon="-8.549850">
        <ele>235.627</ele>
        <time>2025-05-15T07:06:44.590Z</time>
      </trkpt>
      <trkpt lat="42.895009" lon="-8.549847">
        <ele>235.559</ele>
        <time>2025-05-15T07:06:48.590Z</time>
      </trkpt>
      <trkpt lat="42.894964" lon="-8.549823">
        <ele>235.441</ele>
        <time>2025-05-15T07:06:52.590Z</time>
      </trkpt>
      <trkpt lat="42.894912" lon="-8.549801">
        <ele>235.335</ele>
        <time>2025-05-15T07:06:57.590Z</time>
      </trkpt>
      <trkpt lat="42.894865" lon="-8.549790">
        <ele>235.296</ele>
        <time>2025-05-15T07:07:01.590Z</time>
      </trkpt>
      <trkpt lat="42.894821" lon="-8.549760">
        <ele>235.187</ele>
        <time>2025-05-15T07:07:05.590Z</time>
      </trkpt>
      <trkpt lat="42.894778" lon="-8.549742">
        <ele>235.159</ele>
        <time>2025-05-15T07:07:09.590Z</time>
      </trkpt>
      <trkpt lat="42.894734" lon="-8.549706">
        <ele>235.152</ele>
        <time>2025-05-15T07:07:14.590Z</time>
      </trkpt>
      <trkpt lat="42.894685" lon="-8.549688">
        <ele>235.282</ele>
        <time>2025-05-15T07:07:17.590Z</time>
      </trkpt>
      <trkpt lat="42.894640" lon="-8.549667">
        <ele>235.443</ele>
        <time>2025-05-15T07:07:23.590Z</time>
      </trkpt>
      <trkpt lat="42.894590" lon="-8.549650">
        <ele>235.617</ele>
        <time>2025-05-15T07:07:27.590Z</time>
      </trkpt>
      <trkpt lat="42.894539" lon="-8.549628">
        <ele>235.809</ele>
        <time>2025-05-15T07:07:31.590Z</time>
      </trkpt>
      <trkpt lat="42.894491" lon="-8.549626">
        <ele>235.940</ele>
        <time>2025-05-15T07:07:36.590Z</time>
      </trkpt>
      <trkpt lat="42.894446" lon="-8.549608">
        <ele>236.059</ele>
        <time>2025-05-15T07:07:41.590Z</time>
      </trkpt>
      <trkpt lat="42.894404" lon="-8.549575">
        <ele>235.931</ele>
        <time>2025-05-15T07:07:46.589Z</time>
      </trkpt>
      <trkpt lat="42.894350" lon="-8.549562">
        <ele>235.793</ele>
        <time>2025-05-15T07:07:51.590Z</time>
      </trkpt>
      <trkpt lat="42.894298" lon="-8.549565">
        <ele>235.547</ele>
        <time>2025-05-15T07:07:55.590Z</time>
      </trkpt>
      <trkpt lat="42.894253" lon="-8.549558">
        <ele>235.358</ele>
        <time>2025-05-15T07:07:59.590Z</time>
      </trkpt>
      <trkpt lat="42.894207" lon="-8.549534">
        <ele>235.199</ele>
        <time>2025-05-15T07:08:03.590Z</time>
      </trkpt>
      <trkpt lat="42.894159" lon="-8.549503">
        <ele>234.951</ele>
        <time>2025-05-15T07:08:07.590Z</time>
      </trkpt>
      <trkpt lat="42.894105" lon="-8.549488">
        <ele>234.634</ele>
        <time>2025-05-15T07:08:12.590Z</time>
      </trkpt>
      <trkpt lat="42.894059" lon="-8.549478">
        <ele>234.229</ele>
        <time>2025-05-15T07:08:16.590Z</time>
      </trkpt>
      <trkpt lat="42.894012" lon="-8.549491">
        <ele>233.900</ele>
        <time>2025-05-15T07:08:20.590Z</time>
      </trkpt>
      <trkpt lat="42.893972" lon="-8.549526">
        <ele>233.620</ele>
        <time>2025-05-15T07:08:24.590Z</time>
      </trkpt>
      <trkpt lat="42.893922" lon="-8.549552">
        <ele>233.209</ele>
        <time>2025-05-15T07:08:29.590Z</time>
      </trkpt>
      <trkpt lat="42.893878" lon="-8.549576">
        <ele>232.924</ele>
        <time>2025-05-15T07:08:33.590Z</time>
      </trkpt>
      <trkpt lat="42.893833" lon="-8.549601">
        <ele>232.733</ele>
        <time>2025-05-15T07:08:37.590Z</time>
      </trkpt>
      <trkpt lat="42.893788" lon="-8.549621">
        <ele>232.445</ele>
        <time>2025-05-15T07:08:41.590Z</time>
      </trkpt>
      <trkpt lat="42.893735" lon="-8.549637">
        <ele>232.137</ele>
        <time>2025-05-15T07:08:46.590Z</time>
      </trkpt>
      <trkpt lat="42.893700" lon="-8.549678">
        <ele>231.741</ele>
        <time>2025-05-15T07:08:50.590Z</time>
      </trkpt>
      <trkpt lat="42.893664" lon="-8.549733">
        <ele>231.442</ele>
        <time>2025-05-15T07:08:55.590Z</time>
      </trkpt>
      <trkpt lat="42.893633" lon="-8.549778">
        <ele>231.113</ele>
        <time>2025-05-15T07:08:59.590Z</time>
      </trkpt>
      <trkpt lat="42.893609" lon="-8.549832">
        <ele>231.085</ele>
        <time>2025-05-15T07:09:03.590Z</time>
      </trkpt>
      <trkpt lat="42.893583" lon="-8.549883">
        <ele>231.038</ele>
        <time>2025-05-15T07:09:07.590Z</time>
      </trkpt>
      <trkpt lat="42.893537" lon="-8.549923">
        <ele>231.125</ele>
        <time>2025-05-15T07:09:11.591Z</time>
      </trkpt>
      <trkpt lat="42.893480" lon="-8.549940">
        <ele>231.126</ele>
        <time>2025-05-15T07:09:15.591Z</time>
      </trkpt>
      <trkpt lat="42.893441" lon="-8.549975">
        <ele>231.108</ele>
        <time>2025-05-15T07:09:19.591Z</time>
      </trkpt>
      <trkpt lat="42.893403" lon="-8.550012">
        <ele>231.009</ele>
        <time>2025-05-15T07:09:23.591Z</time>
      </trkpt>
      <trkpt lat="42.893355" lon="-8.550001">
        <ele>231.054</ele>
        <time>2025-05-15T07:09:27.591Z</time>
      </trkpt>
      <trkpt lat="42.893343" lon="-8.549933">
        <ele>231.263</ele>
        <time>2025-05-15T07:09:31.591Z</time>
      </trkpt>
      <trkpt lat="42.893312" lon="-8.549876">
        <ele>231.485</ele>
        <time>2025-05-15T07:09:36.591Z</time>
      </trkpt>
      <trkpt lat="42.893281" lon="-8.549813">
        <ele>231.787</ele>
        <time>2025-05-15T07:09:41.591Z</time>
      </trkpt>
      <trkpt lat="42.893251" lon="-8.549766">
        <ele>231.821</ele>
        <time>2025-05-15T07:09:46.591Z</time>
      </trkpt>
      <trkpt lat="42.893212" lon="-8.549807">
        <ele>231.732</ele>
        <time>2025-05-15T07:09:51.591Z</time>
      </trkpt>
      <trkpt lat="42.893168" lon="-8.549855">
        <ele>231.513</ele>
        <time>2025-05-15T07:09:56.591Z</time>
      </trkpt>
      <trkpt lat="42.893132" lon="-8.549900">
        <ele>231.485</ele>
        <time>2025-05-15T07:10:00.591Z</time>
      </trkpt>
      <trkpt lat="42.893097" lon="-8.549953">
        <ele>231.238</ele>
        <time>2025-05-15T07:10:04.591Z</time>
      </trkpt>
      <trkpt lat="42.893065" lon="-8.550010">
        <ele>231.085</ele>
        <time>2025-05-15T07:10:09.591Z</time>
      </trkpt>
      <trkpt lat="42.893028" lon="-8.550060">
        <ele>230.789</ele>
        <time>2025-05-15T07:10:14.591Z</time>
      </trkpt>
      <trkpt lat="42.893005" lon="-8.550118">
        <ele>230.517</ele>
        <time>2025-05-15T07:10:18.591Z</time>
      </trkpt>
      <trkpt lat="42.892966" lon="-8.550168">
        <ele>230.309</ele>
        <time>2025-05-15T07:10:23.591Z</time>
      </trkpt>
      <trkpt lat="42.892941" lon="-8.550221">
        <ele>230.120</ele>
        <time>2025-05-15T07:10:27.591Z</time>
      </trkpt>
      <trkpt lat="42.892933" lon="-8.550282">
        <ele>230.099</ele>
        <time>2025-05-15T07:10:31.591Z</time>
      </trkpt>
      <trkpt lat="42.892945" lon="-8.550343">
        <ele>230.051</ele>
        <time>2025-05-15T07:10:35.591Z</time>
      </trkpt>
      <trkpt lat="42.892960" lon="-8.550402">
        <ele>230.093</ele>
        <time>2025-05-15T07:10:39.591Z</time>
      </trkpt>
      <trkpt lat="42.892990" lon="-8.550463">
        <ele>230.017</ele>
        <time>2025-05-15T07:11:27.591Z</time>
      </trkpt>
      <trkpt lat="42.892975" lon="-8.550527">
        <ele>230.098</ele>
        <time>2025-05-15T07:11:31.591Z</time>
      </trkpt>
      <trkpt lat="42.892955" lon="-8.550584">
        <ele>230.139</ele>
        <time>2025-05-15T07:11:35.591Z</time>
      </trkpt>
      <trkpt lat="42.892909" lon="-8.550617">
        <ele>230.191</ele>
        <time>2025-05-15T07:11:40.591Z</time>
      </trkpt>
      <trkpt lat="42.892860" lon="-8.550662">
        <ele>230.194</ele>
        <time>2025-05-15T07:11:44.591Z</time>
      </trkpt>
      <trkpt lat="42.892814" lon="-8.550683">
        <ele>230.141</ele>
        <time>2025-05-15T07:11:48.591Z</time>
      </trkpt>
      <trkpt lat="42.892769" lon="-8.550695">
        <ele>230.081</ele>
        <time>2025-05-15T07:11:52.591Z</time>
      </trkpt>
      <trkpt lat="42.892721" lon="-8.550700">
        <ele>230.109</ele>
        <time>2025-05-15T07:11:56.591Z</time>
      </trkpt>
      <trkpt lat="42.892671" lon="-8.550702">
        <ele>230.209</ele>
        <time>2025-05-15T07:12:00.591Z</time>
      </trkpt>
      <trkpt lat="42.892622" lon="-8.550712">
        <ele>230.346</ele>
        <time>2025-05-15T07:12:03.591Z</time>
      </trkpt>
      <trkpt lat="42.892574" lon="-8.550712">
        <ele>230.495</ele>
        <time>2025-05-15T07:12:07.591Z</time>
      </trkpt>
      <trkpt lat="42.892522" lon="-8.550703">
        <ele>230.527</ele>
        <time>2025-05-15T07:12:12.591Z</time>
      </trkpt>
      <trkpt lat="42.892468" lon="-8.550688">
        <ele>230.789</ele>
        <time>2025-05-15T07:12:17.591Z</time>
      </trkpt>
      <trkpt lat="42.892427" lon="-8.550651">
        <ele>230.893</ele>
        <time>2025-05-15T07:12:21.591Z</time>
      </trkpt>
      <trkpt lat="42.892389" lon="-8.550608">
        <ele>230.934</ele>
        <time>2025-05-15T07:12:25.591Z</time>
      </trkpt>
      <trkpt lat="42.892361" lon="-8.550560">
        <ele>231.075</ele>
        <time>2025-05-15T07:12:29.591Z</time>
      </trkpt>
      <trkpt lat="42.892325" lon="-8.550518">
        <ele>231.297</ele>
        <time>2025-05-15T07:12:33.591Z</time>
      </trkpt>
      <trkpt lat="42.892279" lon="-8.550479">
        <ele>231.490</ele>
        <time>2025-05-15T07:12:38.591Z</time>
      </trkpt>
      <trkpt lat="42.892239" lon="-8.550431">
        <ele>231.583</ele>
        <time>2025-05-15T07:12:42.591Z</time>
      </trkpt>
      <trkpt lat="42.892201" lon="-8.550380">
        <ele>231.525</ele>
        <time>2025-05-15T07:12:46.591Z</time>
      </trkpt>
      <trkpt lat="42.892167" lon="-8.550333">
        <ele>231.617</ele>
        <time>2025-05-15T07:12:50.591Z</time>
      </trkpt>
      <trkpt lat="42.892131" lon="-8.550289">
        <ele>231.709</ele>
        <time>2025-05-15T07:12:55.591Z</time>
      </trkpt>
      <trkpt lat="42.892101" lon="-8.550243">
        <ele>231.930</ele>
        <time>2025-05-15T07:12:59.591Z</time>
      </trkpt>
      <trkpt lat="42.892065" lon="-8.550203">
        <ele>232.199</ele>
        <time>2025-05-15T07:13:03.591Z</time>
      </trkpt>
      <trkpt lat="42.892027" lon="-8.550161">
        <ele>232.481</ele>
        <time>2025-05-15T07:13:07.591Z</time>
      </trkpt>
      <trkpt lat="42.891991" lon="-8.550119">
        <ele>232.753</ele>
        <time>2025-05-15T07:13:11.591Z</time>
      </trkpt>
      <trkpt lat="42.891958" lon="-8.550075">
        <ele>232.997</ele>
        <time>2025-05-15T07:13:15.591Z</time>
      </trkpt>
      <trkpt lat="42.891919" lon="-8.550027">
        <ele>233.038</ele>
        <time>2025-05-15T07:13:20.591Z</time>
      </trkpt>
      <trkpt lat="42.891890" lon="-8.549964">
        <ele>233.189</ele>
        <time>2025-05-15T07:13:25.590Z</time>
      </trkpt>
      <trkpt lat="42.891856" lon="-8.549917">
        <ele>233.231</ele>
        <time>2025-05-15T07:13:30.591Z</time>
      </trkpt>
      <trkpt lat="42.891819" lon="-8.549878">
        <ele>233.254</ele>
        <time>2025-05-15T07:13:35.591Z</time>
      </trkpt>
      <trkpt lat="42.891768" lon="-8.549880">
        <ele>233.275</ele>
        <time>2025-05-15T07:13:40.591Z</time>
      </trkpt>
      <trkpt lat="42.891720" lon="-8.549877">
        <ele>233.128</ele>
        <time>2025-05-15T07:14:03.591Z</time>
      </trkpt>
      <trkpt lat="42.891669" lon="-8.549864">
        <ele>233.020</ele>
        <time>2025-05-15T07:14:11.591Z</time>
      </trkpt>
      <trkpt lat="42.891619" lon="-8.549865">
        <ele>232.709</ele>
        <time>2025-05-15T07:14:22.592Z</time>
      </trkpt>
      <trkpt lat="42.891565" lon="-8.549870">
        <ele>232.379</ele>
        <time>2025-05-15T07:14:27.592Z</time>
      </trkpt>
      <trkpt lat="42.891524" lon="-8.549901">
        <ele>232.068</ele>
        <time>2025-05-15T07:14:32.592Z</time>
      </trkpt>
      <trkpt lat="42.891482" lon="-8.549939">
        <ele>231.760</ele>
        <time>2025-05-15T07:14:36.592Z</time>
      </trkpt>
      <trkpt lat="42.891441" lon="-8.549982">
        <ele>231.452</ele>
        <time>2025-05-15T07:14:40.592Z</time>
      </trkpt>
      <trkpt lat="42.891397" lon="-8.550020">
        <ele>231.266</ele>
        <time>2025-05-15T07:14:45.592Z</time>
      </trkpt>
      <trkpt lat="42.891352" lon="-8.550048">
        <ele>231.327</ele>
        <time>2025-05-15T07:14:49.592Z</time>
      </trkpt>
      <trkpt lat="42.891301" lon="-8.550072">
        <ele>231.488</ele>
        <time>2025-05-15T07:14:53.592Z</time>
      </trkpt>
      <trkpt lat="42.891248" lon="-8.550069">
        <ele>231.220</ele>
        <time>2025-05-15T07:14:57.592Z</time>
      </trkpt>
      <trkpt lat="42.891196" lon="-8.550068">
        <ele>231.293</ele>
        <time>2025-05-15T07:15:01.592Z</time>
      </trkpt>
      <trkpt lat="42.891150" lon="-8.550073">
        <ele>231.124</ele>
        <time>2025-05-15T07:15:06.592Z</time>
      </trkpt>
      <trkpt lat="42.891098" lon="-8.550065">
        <ele>231.004</ele>
        <time>2025-05-15T07:15:12.592Z</time>
      </trkpt>
      <trkpt lat="42.891053" lon="-8.550069">
        <ele>231.114</ele>
        <time>2025-05-15T07:15:17.592Z</time>
      </trkpt>
      <trkpt lat="42.890995" lon="-8.550071">
        <ele>231.109</ele>
        <time>2025-05-15T07:15:22.592Z</time>
      </trkpt>
      <trkpt lat="42.890948" lon="-8.550082">
        <ele>231.294</ele>
        <time>2025-05-15T07:15:26.592Z</time>
      </trkpt>
      <trkpt lat="42.890902" lon="-8.550080">
        <ele>231.263</ele>
        <time>2025-05-15T07:15:30.592Z</time>
      </trkpt>
      <trkpt lat="42.890857" lon="-8.550060">
        <ele>231.235</ele>
        <time>2025-05-15T07:15:34.592Z</time>
      </trkpt>
      <trkpt lat="42.890804" lon="-8.550069">
        <ele>231.327</ele>
        <time>2025-05-15T07:15:39.592Z</time>
      </trkpt>
      <trkpt lat="42.890756" lon="-8.550103">
        <ele>231.571</ele>
        <time>2025-05-15T07:15:44.592Z</time>
      </trkpt>
      <trkpt lat="42.890712" lon="-8.550143">
        <ele>231.742</ele>
        <time>2025-05-15T07:15:49.592Z</time>
      </trkpt>
      <trkpt lat="42.890663" lon="-8.550152">
        <ele>231.943</ele>
        <time>2025-05-15T07:15:53.592Z</time>
      </trkpt>
      <trkpt lat="42.890613" lon="-8.550143">
        <ele>231.925</ele>
        <time>2025-05-15T07:15:57.592Z</time>
      </trkpt>
      <trkpt lat="42.890569" lon="-8.550122">
        <ele>231.918</ele>
        <time>2025-05-15T07:16:01.592Z</time>
      </trkpt>
      <trkpt lat="42.890523" lon="-8.550081">
        <ele>231.688</ele>
        <time>2025-05-15T07:16:05.592Z</time>
      </trkpt>
      <trkpt lat="42.890474" lon="-8.550070">
        <ele>231.724</ele>
        <time>2025-05-15T07:16:09.592Z</time>
      </trkpt>
      <trkpt lat="42.890423" lon="-8.550077">
        <ele>231.826</ele>
        <time>2025-05-15T07:16:13.592Z</time>
      </trkpt>
      <trkpt lat="42.890375" lon="-8.550076">
        <ele>231.809</ele>
        <time>2025-05-15T07:16:17.592Z</time>
      </trkpt>
      <trkpt lat="42.890324" lon="-8.550066">
        <ele>231.960</ele>
        <time>2025-05-15T07:16:21.592Z</time>
      </trkpt>
      <trkpt lat="42.890277" lon="-8.550035">
        <ele>232.049</ele>
        <time>2025-05-15T07:16:25.592Z</time>
      </trkpt>
      <trkpt lat="42.890237" lon="-8.550006">
        <ele>232.081</ele>
        <time>2025-05-15T07:16:29.592Z</time>
      </trkpt>
      <trkpt lat="42.890196" lon="-8.549966">
        <ele>231.923</ele>
        <time>2025-05-15T07:16:34.592Z</time>
      </trkpt>
      <trkpt lat="42.890175" lon="-8.549908">
        <ele>231.737</ele>
        <time>2025-05-15T07:16:38.592Z</time>
      </trkpt>
      <trkpt lat="42.890135" lon="-8.549869">
        <ele>231.528</ele>
        <time>2025-05-15T07:16:43.591Z</time>
      </trkpt>
      <trkpt lat="42.890098" lon="-8.549831">
        <ele>231.419</ele>
        <time>2025-05-15T07:16:48.592Z</time>
      </trkpt>
      <trkpt lat="42.890061" lon="-8.549787">
        <ele>231.261</ele>
        <time>2025-05-15T07:16:53.592Z</time>
      </trkpt>
      <trkpt lat="42.890025" lon="-8.549744">
        <ele>231.114</ele>
        <time>2025-05-15T07:16:58.592Z</time>
      </trkpt>
      <trkpt lat="42.889985" lon="-8.549693">
        <ele>231.112</ele>
        <time>2025-05-15T07:17:03.592Z</time>
      </trkpt>
      <trkpt lat="42.889939" lon="-8.549652">
        <ele>231.432</ele>
        <time>2025-05-15T07:17:08.592Z</time>
      </trkpt>
      <trkpt lat="42.889902" lon="-8.549605">
        <ele>231.505</ele>
        <time>2025-05-15T07:17:13.592Z</time>
      </trkpt>
      <trkpt lat="42.889906" lon="-8.549531">
        <ele>231.609</ele>
        <time>2025-05-15T07:17:18.592Z</time>
      </trkpt>
      <trkpt lat="42.889914" lon="-8.549464">
        <ele>231.793</ele>
        <time>2025-05-15T07:17:23.592Z</time>
      </trkpt>
      <trkpt lat="42.889892" lon="-8.549408">
        <ele>231.862</ele>
        <time>2025-05-15T07:17:27.592Z</time>
      </trkpt>
      <trkpt lat="42.889880" lon="-8.549341">
        <ele>232.294</ele>
        <time>2025-05-15T07:17:31.592Z</time>
      </trkpt>
      <trkpt lat="42.889864" lon="-8.549278">
        <ele>232.476</ele>
        <time>2025-05-15T07:17:35.592Z</time>
      </trkpt>
      <trkpt lat="42.889828" lon="-8.549231">
        <ele>232.490</ele>
        <time>2025-05-15T07:17:41.592Z</time>
      </trkpt>
      <trkpt lat="42.889788" lon="-8.549192">
        <ele>232.461</ele>
        <time>2025-05-15T07:17:46.592Z</time>
      </trkpt>
      <trkpt lat="42.889738" lon="-8.549171">
        <ele>232.182</ele>
        <time>2025-05-15T07:17:51.592Z</time>
      </trkpt>
      <trkpt lat="42.889694" lon="-8.549144">
        <ele>232.124</ele>
        <time>2025-05-15T07:17:56.592Z</time>
      </trkpt>
      <trkpt lat="42.889643" lon="-8.549137">
        <ele>231.977</ele>
        <time>2025-05-15T07:18:01.592Z</time>
      </trkpt>
      <trkpt lat="42.889594" lon="-8.549110">
        <ele>231.932</ele>
        <time>2025-05-15T07:18:06.592Z</time>
      </trkpt>
      <trkpt lat="42.889546" lon="-8.549106">
        <ele>231.792</ele>
        <time>2025-05-15T07:18:11.592Z</time>
      </trkpt>
      <trkpt lat="42.889495" lon="-8.549105">
        <ele>231.411</ele>
        <time>2025-05-15T07:18:16.592Z</time>
      </trkpt>
      <trkpt lat="42.889448" lon="-8.549073">
        <ele>231.409</ele>
        <time>2025-05-15T07:18:21.592Z</time>
      </trkpt>
      <trkpt lat="42.889409" lon="-8.549042">
        <ele>231.325</ele>
        <time>2025-05-15T07:18:25.592Z</time>
      </trkpt>
      <trkpt lat="42.889374" lon="-8.548991">
        <ele>231.484</ele>
        <time>2025-05-15T07:18:30.592Z</time>
      </trkpt>
      <trkpt lat="42.889331" lon="-8.548960">
        <ele>231.386</ele>
        <time>2025-05-15T07:18:34.592Z</time>
      </trkpt>
      <trkpt lat="42.889284" lon="-8.548926">
        <ele>231.328</ele>
        <time>2025-05-15T07:18:39.592Z</time>
      </trkpt>
      <trkpt lat="42.889243" lon="-8.548879">
        <ele>231.482</ele>
        <time>2025-05-15T07:18:44.592Z</time>
      </trkpt>
      <trkpt lat="42.889222" lon="-8.548814">
        <ele>231.833</ele>
        <time>2025-05-15T07:18:48.592Z</time>
      </trkpt>
      <trkpt lat="42.889176" lon="-8.548792">
        <ele>231.724</ele>
        <time>2025-05-15T07:18:52.592Z</time>
      </trkpt>
      <trkpt lat="42.889159" lon="-8.548729">
        <ele>232.186</ele>
        <time>2025-05-15T07:18:57.592Z</time>
      </trkpt>
      <trkpt lat="42.889142" lon="-8.548666">
        <ele>232.599</ele>
        <time>2025-05-15T07:19:02.592Z</time>
      </trkpt>
      <trkpt lat="42.889110" lon="-8.548604">
        <ele>232.996</ele>
        <time>2025-05-15T07:19:07.592Z</time>
      </trkpt>
      <trkpt lat="42.889072" lon="-8.548564">
        <ele>233.131</ele>
        <time>2025-05-15T07:19:11.592Z</time>
      </trkpt>
      <trkpt lat="42.889026" lon="-8.548540">
        <ele>233.124</ele>
        <time>2025-05-15T07:19:15.592Z</time>
      </trkpt>
      <trkpt lat="42.888978" lon="-8.548535">
        <ele>233.009</ele>
        <time>2025-05-15T07:19:19.592Z</time>
      </trkpt>
      <trkpt lat="42.888933" lon="-8.548518">
        <ele>232.931</ele>
        <time>2025-05-15T07:19:24.592Z</time>
      </trkpt>
      <trkpt lat="42.888878" lon="-8.548533">
        <ele>232.620</ele>
        <time>2025-05-15T07:19:29.592Z</time>
      </trkpt>
      <trkpt lat="42.888831" lon="-8.548549">
        <ele>232.712</ele>
        <time>2025-05-15T07:19:33.592Z</time>
      </trkpt>
      <trkpt lat="42.888785" lon="-8.548580">
        <ele>232.684</ele>
        <time>2025-05-15T07:19:36.592Z</time>
      </trkpt>
      <trkpt lat="42.888770" lon="-8.548643">
        <ele>232.378</ele>
        <time>2025-05-15T07:19:39.592Z</time>
      </trkpt>
      <trkpt lat="42.888738" lon="-8.548698">
        <ele>232.159</ele>
        <time>2025-05-15T07:19:43.593Z</time>
      </trkpt>
      <trkpt lat="42.888690" lon="-8.548706">
        <ele>232.110</ele>
        <time>2025-05-15T07:19:47.593Z</time>
      </trkpt>
      <trkpt lat="42.888636" lon="-8.548692">
        <ele>232.482</ele>
        <time>2025-05-15T07:19:51.593Z</time>
      </trkpt>
      <trkpt lat="42.888588" lon="-8.548661">
        <ele>232.625</ele>
        <time>2025-05-15T07:19:56.593Z</time>
      </trkpt>
      <trkpt lat="42.888537" lon="-8.548672">
        <ele>232.395</ele>
        <time>2025-05-15T07:20:01.593Z</time>
      </trkpt>
      <trkpt lat="42.888482" lon="-8.548673">
        <ele>232.149</ele>
        <time>2025-05-15T07:20:06.593Z</time>
      </trkpt>
      <trkpt lat="42.888431" lon="-8.548667">
        <ele>231.923</ele>
        <time>2025-05-15T07:20:11.593Z</time>
      </trkpt>
      <trkpt lat="42.888377" lon="-8.548666">
        <ele>231.809</ele>
        <time>2025-05-15T07:20:16.593Z</time>
      </trkpt>
      <trkpt lat="42.888330" lon="-8.548671">
        <ele>231.581</ele>
        <time>2025-05-15T07:20:20.593Z</time>
      </trkpt>
      <trkpt lat="42.888280" lon="-8.548682">
        <ele>231.270</ele>
        <time>2025-05-15T07:20:25.593Z</time>
      </trkpt>
      <trkpt lat="42.888225" lon="-8.548685">
        <ele>230.872</ele>
        <time>2025-05-15T07:20:30.593Z</time>
      </trkpt>
      <trkpt lat="42.888181" lon="-8.548674">
        <ele>230.664</ele>
        <time>2025-05-15T07:20:34.593Z</time>
      </trkpt>
      <trkpt lat="42.888135" lon="-8.548667">
        <ele>230.338</ele>
        <time>2025-05-15T07:20:38.593Z</time>
      </trkpt>
      <trkpt lat="42.888089" lon="-8.548651">
        <ele>230.199</ele>
        <time>2025-05-15T07:20:42.593Z</time>
      </trkpt>
      <trkpt lat="42.888044" lon="-8.548640">
        <ele>229.910</ele>
        <time>2025-05-15T07:20:46.593Z</time>
      </trkpt>
      <trkpt lat="42.887999" lon="-8.548644">
        <ele>229.782</ele>
        <time>2025-05-15T07:20:50.593Z</time>
      </trkpt>
      <trkpt lat="42.887945" lon="-8.548639">
        <ele>229.555</ele>
        <time>2025-05-15T07:20:55.593Z</time>
      </trkpt>
      <trkpt lat="42.887902" lon="-8.548615">
        <ele>229.494</ele>
        <time>2025-05-15T07:21:00.593Z</time>
      </trkpt>
      <trkpt lat="42.887849" lon="-8.548615">
        <ele>229.257</ele>
        <time>2025-05-15T07:21:06.593Z</time>
      </trkpt>
      <trkpt lat="42.887801" lon="-8.548621">
        <ele>229.022</ele>
        <time>2025-05-15T07:21:11.593Z</time>
      </trkpt>
      <trkpt lat="42.887753" lon="-8.548648">
        <ele>228.809</ele>
        <time>2025-05-15T07:21:17.593Z</time>
      </trkpt>
      <trkpt lat="42.887711" lon="-8.548686">
        <ele>228.681</ele>
        <time>2025-05-15T07:21:22.593Z</time>
      </trkpt>
      <trkpt lat="42.887668" lon="-8.548724">
        <ele>228.420</ele>
        <time>2025-05-15T07:21:27.593Z</time>
      </trkpt>
      <trkpt lat="42.887632" lon="-8.548761">
        <ele>228.242</ele>
        <time>2025-05-15T07:21:32.593Z</time>
      </trkpt>
      <trkpt lat="42.887585" lon="-8.548777">
        <ele>228.144</ele>
        <time>2025-05-15T07:21:37.593Z</time>
      </trkpt>
      <trkpt lat="42.887539" lon="-8.548782">
        <ele>228.158</ele>
        <time>2025-05-15T07:21:41.593Z</time>
      </trkpt>
      <trkpt lat="42.887493" lon="-8.548781">
        <ele>228.229</ele>
        <time>2025-05-15T07:21:45.593Z</time>
      </trkpt>
      <trkpt lat="42.887443" lon="-8.548791">
        <ele>228.490</ele>
        <time>2025-05-15T07:21:50.593Z</time>
      </trkpt>
      <trkpt lat="42.887396" lon="-8.548785">
        <ele>228.792</ele>
        <time>2025-05-15T07:21:55.593Z</time>
      </trkpt>
      <trkpt lat="42.887349" lon="-8.548763">
        <ele>229.285</ele>
        <time>2025-05-15T07:22:00.593Z</time>
      </trkpt>
      <trkpt lat="42.887303" lon="-8.548796">
        <ele>229.253</ele>
        <time>2025-05-15T07:22:07.593Z</time>
      </trkpt>
      <trkpt lat="42.887278" lon="-8.548848">
        <ele>228.904</ele>
        <time>2025-05-15T07:22:12.593Z</time>
      </trkpt>
      <trkpt lat="42.887264" lon="-8.548919">
        <ele>228.514</ele>
        <time>2025-05-15T07:22:23.593Z</time>
      </trkpt>
      <trkpt lat="42.887239" lon="-8.548970">
        <ele>228.309</ele>
        <time>2025-05-15T07:22:28.593Z</time>
      </trkpt>
      <trkpt lat="42.887191" lon="-8.549003">
        <ele>228.357</ele>
        <time>2025-05-15T07:22:33.593Z</time>
      </trkpt>
      <trkpt lat="42.887145" lon="-8.549031">
        <ele>228.486</ele>
        <time>2025-05-15T07:22:39.593Z</time>
      </trkpt>
      <trkpt lat="42.887095" lon="-8.549044">
        <ele>228.688</ele>
        <time>2025-05-15T07:22:45.593Z</time>
      </trkpt>
      <trkpt lat="42.887052" lon="-8.549076">
        <ele>228.750</ele>
        <time>2025-05-15T07:22:51.593Z</time>
      </trkpt>
      <trkpt lat="42.886998" lon="-8.549084">
        <ele>229.064</ele>
        <time>2025-05-15T07:22:55.593Z</time>
      </trkpt>
      <trkpt lat="42.886941" lon="-8.549065">
        <ele>229.395</ele>
        <time>2025-05-15T07:22:59.593Z</time>
      </trkpt>
      <trkpt lat="42.886893" lon="-8.549104">
        <ele>228.936</ele>
        <time>2025-05-15T07:23:04.593Z</time>
      </trkpt>
      <trkpt lat="42.886844" lon="-8.549136">
        <ele>228.438</ele>
        <time>2025-05-15T07:23:09.593Z</time>
      </trkpt>
      <trkpt lat="42.886797" lon="-8.549136">
        <ele>228.171</ele>
        <time>2025-05-15T07:23:31.593Z</time>
      </trkpt>
      <trkpt lat="42.886752" lon="-8.549161">
        <ele>227.622</ele>
        <time>2025-05-15T07:23:36.593Z</time>
      </trkpt>
      <trkpt lat="42.886719" lon="-8.549209">
        <ele>227.262</ele>
        <time>2025-05-15T07:23:40.593Z</time>
      </trkpt>
      <trkpt lat="42.886702" lon="-8.549267">
        <ele>226.808</ele>
        <time>2025-05-15T07:23:45.593Z</time>
      </trkpt>
      <trkpt lat="42.886725" lon="-8.549331">
        <ele>226.709</ele>
        <time>2025-05-15T07:23:51.594Z</time>
      </trkpt>
      <trkpt lat="42.886753" lon="-8.549385">
        <ele>226.614</ele>
        <time>2025-05-15T07:23:57.594Z</time>
      </trkpt>
      <trkpt lat="42.886713" lon="-8.549429">
        <ele>226.263</ele>
        <time>2025-05-15T07:24:04.594Z</time>
      </trkpt>
      <trkpt lat="42.886673" lon="-8.549476">
        <ele>226.075</ele>
        <time>2025-05-15T07:24:11.594Z</time>
      </trkpt>
      <trkpt lat="42.886624" lon="-8.549502">
        <ele>225.817</ele>
        <time>2025-05-15T07:24:16.594Z</time>
      </trkpt>
      <trkpt lat="42.886584" lon="-8.549537">
        <ele>225.731</ele>
        <time>2025-05-15T07:24:21.594Z</time>
      </trkpt>
      <trkpt lat="42.886542" lon="-8.549566">
        <ele>225.662</ele>
        <time>2025-05-15T07:24:26.594Z</time>
      </trkpt>
      <trkpt lat="42.886510" lon="-8.549615">
        <ele>225.443</ele>
        <time>2025-05-15T07:24:32.594Z</time>
      </trkpt>
      <trkpt lat="42.886475" lon="-8.549661">
        <ele>225.395</ele>
        <time>2025-05-15T07:24:36.594Z</time>
      </trkpt>
      <trkpt lat="42.886433" lon="-8.549705">
        <ele>225.268</ele>
        <time>2025-05-15T07:24:41.594Z</time>
      </trkpt>
      <trkpt lat="42.886390" lon="-8.549722">
        <ele>225.022</ele>
        <time>2025-05-15T07:24:46.594Z</time>
      </trkpt>
      <trkpt lat="42.886352" lon="-8.549765">
        <ele>225.362</ele>
        <time>2025-05-15T07:24:51.594Z</time>
      </trkpt>
      <trkpt lat="42.886304" lon="-8.549797">
        <ele>225.508</ele>
        <time>2025-05-15T07:24:56.594Z</time>
      </trkpt>
      <trkpt lat="42.886254" lon="-8.549820">
        <ele>225.709</ele>
        <time>2025-05-15T07:25:01.594Z</time>
      </trkpt>
      <trkpt lat="42.886204" lon="-8.549852">
        <ele>225.814</ele>
        <time>2025-05-15T07:25:06.594Z</time>
      </trkpt>
      <trkpt lat="42.886187" lon="-8.549920">
        <ele>225.953</ele>
        <time>2025-05-15T07:25:11.594Z</time>
      </trkpt>
      <trkpt lat="42.886195" lon="-8.549990">
        <ele>226.065</ele>
        <time>2025-05-15T07:25:15.594Z</time>
      </trkpt>
      <trkpt lat="42.886162" lon="-8.550037">
        <ele>226.457</ele>
        <time>2025-05-15T07:25:20.594Z</time>
      </trkpt>
      <trkpt lat="42.886114" lon="-8.550058">
        <ele>226.691</ele>
        <time>2025-05-15T07:25:25.594Z</time>
      </trkpt>
      <trkpt lat="42.886062" lon="-8.550079">
        <ele>227.242</ele>
        <time>2025-05-15T07:25:30.594Z</time>
      </trkpt>
      <trkpt lat="42.886018" lon="-8.550049">
        <ele>227.293</ele>
        <time>2025-05-15T07:25:34.594Z</time>
      </trkpt>
      <trkpt lat="42.885977" lon="-8.550021">
        <ele>227.225</ele>
        <time>2025-05-15T07:25:39.594Z</time>
      </trkpt>
      <trkpt lat="42.885928" lon="-8.550018">
        <ele>227.568</ele>
        <time>2025-05-15T07:25:44.594Z</time>
      </trkpt>
      <trkpt lat="42.885876" lon="-8.550022">
        <ele>227.943</ele>
        <time>2025-05-15T07:25:49.594Z</time>
      </trkpt>
      <trkpt lat="42.885837" lon="-8.550070">
        <ele>228.764</ele>
        <time>2025-05-15T07:25:54.594Z</time>
      </trkpt>
      <trkpt lat="42.885784" lon="-8.550089">
        <ele>229.110</ele>
        <time>2025-05-15T07:25:59.594Z</time>
      </trkpt>
      <trkpt lat="42.885740" lon="-8.550069">
        <ele>229.009</ele>
        <time>2025-05-15T07:26:03.594Z</time>
      </trkpt>
      <trkpt lat="42.885696" lon="-8.550057">
        <ele>229.036</ele>
        <time>2025-05-15T07:26:07.594Z</time>
      </trkpt>
      <trkpt lat="42.885646" lon="-8.550044">
        <ele>229.025</ele>
        <time>2025-05-15T07:26:12.594Z</time>
      </trkpt>
      <trkpt lat="42.885598" lon="-8.550048">
        <ele>229.247</ele>
        <time>2025-05-15T07:26:16.594Z</time>
      </trkpt>
      <trkpt lat="42.885554" lon="-8.550023">
        <ele>229.269</ele>
        <time>2025-05-15T07:26:20.594Z</time>
      </trkpt>
      <trkpt lat="42.885501" lon="-8.549999">
        <ele>228.823</ele>
        <time>2025-05-15T07:26:24.594Z</time>
      </trkpt>
      <trkpt lat="42.885451" lon="-8.549982">
        <ele>228.584</ele>
        <time>2025-05-15T07:26:29.594Z</time>
      </trkpt>
      <trkpt lat="42.885401" lon="-8.549974">
        <ele>228.385</ele>
        <time>2025-05-15T07:26:34.594Z</time>
      </trkpt>
      <trkpt lat="42.885357" lon="-8.549956">
        <ele>228.067</ele>
        <time>2025-05-15T07:26:38.594Z</time>
      </trkpt>
      <trkpt lat="42.885311" lon="-8.549933">
        <ele>227.690</ele>
        <time>2025-05-15T07:26:42.594Z</time>
      </trkpt>
      <trkpt lat="42.885261" lon="-8.549909">
        <ele>227.383</ele>
        <time>2025-05-15T07:26:47.594Z</time>
      </trkpt>
      <trkpt lat="42.885217" lon="-8.549892">
        <ele>227.225</ele>
        <time>2025-05-15T07:26:51.594Z</time>
      </trkpt>
      <trkpt lat="42.885169" lon="-8.549888">
        <ele>227.217</ele>
        <time>2025-05-15T07:26:55.594Z</time>
      </trkpt>
      <trkpt lat="42.885122" lon="-8.549874">
        <ele>227.109</ele>
        <time>2025-05-15T07:26:59.594Z</time>
      </trkpt>
      <trkpt lat="42.885076" lon="-8.549861">
        <ele>227.070</ele>
        <time>2025-05-15T07:27:03.594Z</time>
      </trkpt>
      <trkpt lat="42.885024" lon="-8.549835">
        <ele>226.899</ele>
        <time>2025-05-15T07:27:08.594Z</time>
      </trkpt>
      <trkpt lat="42.884990" lon="-8.549795">
        <ele>226.541</ele>
        <time>2025-05-15T07:27:13.594Z</time>
      </trkpt>
      <trkpt lat="42.884945" lon="-8.549766">
        <ele>226.383</ele>
        <time>2025-05-15T07:27:18.594Z</time>
      </trkpt>
      <trkpt lat="42.884901" lon="-8.549725">
        <ele>226.097</ele>
        <time>2025-05-15T07:27:41.594Z</time>
      </trkpt>
      <trkpt lat="42.884856" lon="-8.549714">
        <ele>226.028</ele>
        <time>2025-05-15T07:27:45.594Z</time>
      </trkpt>
      <trkpt lat="42.884805" lon="-8.549712">
        <ele>226.059</ele>
        <time>2025-05-15T07:27:49.594Z</time>
      </trkpt>
      <trkpt lat="42.884751" lon="-8.549718">
        <ele>226.061</ele>
        <time>2025-05-15T07:27:53.594Z</time>
      </trkpt>
      <trkpt lat="42.884695" lon="-8.549716">
        <ele>225.964</ele>
        <time>2025-05-15T07:27:57.594Z</time>
      </trkpt>
      <trkpt lat="42.884643" lon="-8.549709">
        <ele>225.724</ele>
        <time>2025-05-15T07:28:01.594Z</time>
      </trkpt>
      <trkpt lat="42.884587" lon="-8.549710">
        <ele>225.504</ele>
        <time>2025-05-15T07:28:05.594Z</time>
      </trkpt>
      <trkpt lat="42.884534" lon="-8.549702">
        <ele>225.314</ele>
        <time>2025-05-15T07:28:09.594Z</time>
      </trkpt>
      <trkpt lat="42.884485" lon="-8.549713">
        <ele>225.109</ele>
        <time>2025-05-15T07:28:13.594Z</time>
      </trkpt>
      <trkpt lat="42.884442" lon="-8.549742">
        <ele>225.194</ele>
        <time>2025-05-15T07:28:17.595Z</time>
      </trkpt>
      <trkpt lat="42.884400" lon="-8.549780">
        <ele>225.253</ele>
        <time>2025-05-15T07:28:21.595Z</time>
      </trkpt>
      <trkpt lat="42.884354" lon="-8.549820">
        <ele>225.385</ele>
        <time>2025-05-15T07:28:26.595Z</time>
      </trkpt>
      <trkpt lat="42.884312" lon="-8.549850">
        <ele>225.277</ele>
        <time>2025-05-15T07:28:30.595Z</time>
      </trkpt>
      <trkpt lat="42.884272" lon="-8.549888">
        <ele>225.261</ele>
        <time>2025-05-15T07:28:34.595Z</time>
      </trkpt>
      <trkpt lat="42.884241" lon="-8.549943">
        <ele>225.392</ele>
        <time>2025-05-15T07:28:38.595Z</time>
      </trkpt>
      <trkpt lat="42.884215" lon="-8.549997">
        <ele>225.333</ele>
        <time>2025-05-15T07:28:42.595Z</time>
      </trkpt>
      <trkpt lat="42.884184" lon="-8.550047">
        <ele>225.555</ele>
        <time>2025-05-15T07:28:46.595Z</time>
      </trkpt>
      <trkpt lat="42.884146" lon="-8.550088">
        <ele>225.588</ele>
        <time>2025-05-15T07:28:50.595Z</time>
      </trkpt>
      <trkpt lat="42.884107" lon="-8.550124">
        <ele>225.643</ele>
        <time>2025-05-15T08:12:36.600Z</time>
      </trkpt>
      <trkpt lat="42.884084" lon="-8.550185">
        <ele>225.864</ele>
        <time>2025-05-15T08:12:40.600Z</time>
      </trkpt>
      <trkpt lat="42.884049" lon="-8.550239">
        <ele>225.910</ele>
        <time>2025-05-15T08:12:45.600Z</time>
      </trkpt>
      <trkpt lat="42.884019" lon="-8.550291">
        <ele>226.109</ele>
        <time>2025-05-15T08:12:50.600Z</time>
      </trkpt>
      <trkpt lat="42.883990" lon="-8.550343">
        <ele>226.376</ele>
        <time>2025-05-15T08:12:54.600Z</time>
      </trkpt>
      <trkpt lat="42.883956" lon="-8.550404">
        <ele>226.535</ele>
        <time>2025-05-15T08:12:59.600Z</time>
      </trkpt>
      <trkpt lat="42.883917" lon="-8.550459">
        <ele>226.637</ele>
        <time>2025-05-15T08:13:04.600Z</time>
      </trkpt>
      <trkpt lat="42.883894" lon="-8.550513">
        <ele>226.759</ele>
        <time>2025-05-15T08:13:08.600Z</time>
      </trkpt>
      <trkpt lat="42.883858" lon="-8.550560">
        <ele>227.113</ele>
        <time>2025-05-15T08:13:12.600Z</time>
      </trkpt>
      <trkpt lat="42.883824" lon="-8.550608">
        <ele>227.844</ele>
        <time>2025-05-15T08:13:16.600Z</time>
      </trkpt>
      <trkpt lat="42.883795" lon="-8.550659">
        <ele>228.555</ele>
        <time>2025-05-15T08:13:20.600Z</time>
      </trkpt>
      <trkpt lat="42.883757" lon="-8.550694">
        <ele>229.047</ele>
        <time>2025-05-15T08:13:24.600Z</time>
      </trkpt>
      <trkpt lat="42.883709" lon="-8.550717">
        <ele>229.350</ele>
        <time>2025-05-15T08:13:28.600Z</time>
      </trkpt>
      <trkpt lat="42.883660" lon="-8.550697">
        <ele>229.078</ele>
        <time>2025-05-15T08:13:32.600Z</time>
      </trkpt>
      <trkpt lat="42.883604" lon="-8.550701">
        <ele>229.233</ele>
        <time>2025-05-15T08:13:36.600Z</time>
      </trkpt>
      <trkpt lat="42.883557" lon="-8.550712">
        <ele>229.826</ele>
        <time>2025-05-15T08:13:39.600Z</time>
      </trkpt>
      <trkpt lat="42.883512" lon="-8.550724">
        <ele>230.409</ele>
        <time>2025-05-15T08:13:43.599Z</time>
      </trkpt>
      <trkpt lat="42.883465" lon="-8.550724">
        <ele>230.869</ele>
        <time>2025-05-15T08:13:47.600Z</time>
      </trkpt>
      <trkpt lat="42.883413" lon="-8.550724">
        <ele>231.328</ele>
        <time>2025-05-15T08:13:51.600Z</time>
      </trkpt>
      <trkpt lat="42.883359" lon="-8.550726">
        <ele>231.840</ele>
        <time>2025-05-15T08:13:56.600Z</time>
      </trkpt>
      <trkpt lat="42.883302" lon="-8.550722">
        <ele>232.382</ele>
        <time>2025-05-15T08:14:01.600Z</time>
      </trkpt>
      <trkpt lat="42.883261" lon="-8.550682">
        <ele>231.996</ele>
        <time>2025-05-15T08:14:05.600Z</time>
      </trkpt>
      <trkpt lat="42.883214" lon="-8.550650">
        <ele>231.767</ele>
        <time>2025-05-15T08:14:09.600Z</time>
      </trkpt>
      <trkpt lat="42.883176" lon="-8.550589">
        <ele>230.878</ele>
        <time>2025-05-15T08:14:13.600Z</time>
      </trkpt>
      <trkpt lat="42.883135" lon="-8.550554">
        <ele>230.420</ele>
        <time>2025-05-15T08:14:16.600Z</time>
      </trkpt>
      <trkpt lat="42.883083" lon="-8.550516">
        <ele>230.253</ele>
        <time>2025-05-15T08:14:20.600Z</time>
      </trkpt>
      <trkpt lat="42.883043" lon="-8.550544">
        <ele>230.816</ele>
        <time>2025-05-15T08:14:24.600Z</time>
      </trkpt>
      <trkpt lat="42.883012" lon="-8.550593">
        <ele>231.876</ele>
        <time>2025-05-15T08:14:27.600Z</time>
      </trkpt>
      <trkpt lat="42.882968" lon="-8.550639">
        <ele>232.613</ele>
        <time>2025-05-15T08:14:31.600Z</time>
      </trkpt>
      <trkpt lat="42.882916" lon="-8.550648">
        <ele>232.709</ele>
        <time>2025-05-15T08:14:35.600Z</time>
      </trkpt>
      <trkpt lat="42.882871" lon="-8.550632">
        <ele>232.333</ele>
        <time>2025-05-15T08:14:39.600Z</time>
      </trkpt>
      <trkpt lat="42.882823" lon="-8.550618">
        <ele>232.062</ele>
        <time>2025-05-15T08:14:43.600Z</time>
      </trkpt>
      <trkpt lat="42.882777" lon="-8.550612">
        <ele>231.834</ele>
        <time>2025-05-15T08:14:47.600Z</time>
      </trkpt>
      <trkpt lat="42.882727" lon="-8.550623">
        <ele>231.686</ele>
        <time>2025-05-15T08:14:52.600Z</time>
      </trkpt>
      <trkpt lat="42.882679" lon="-8.550589">
        <ele>230.870</ele>
        <time>2025-05-15T08:14:57.600Z</time>
      </trkpt>
      <trkpt lat="42.882625" lon="-8.550570">
        <ele>230.151</ele>
        <time>2025-05-15T08:15:02.600Z</time>
      </trkpt>
      <trkpt lat="42.882576" lon="-8.550564">
        <ele>229.782</ele>
        <time>2025-05-15T08:15:06.600Z</time>
      </trkpt>
      <trkpt lat="42.882528" lon="-8.550535">
        <ele>229.054</ele>
        <time>2025-05-15T08:15:10.600Z</time>
      </trkpt>
      <trkpt lat="42.882483" lon="-8.550510">
        <ele>228.647</ele>
        <time>2025-05-15T08:15:14.600Z</time>
      </trkpt>
      <trkpt lat="42.882438" lon="-8.550521">
        <ele>228.357</ele>
        <time>2025-05-15T08:15:18.600Z</time>
      </trkpt>
      <trkpt lat="42.882401" lon="-8.550567">
        <ele>228.400</ele>
        <time>2025-05-15T08:15:22.600Z</time>
      </trkpt>
      <trkpt lat="42.882371" lon="-8.550618">
        <ele>228.720</ele>
        <time>2025-05-15T08:15:26.600Z</time>
      </trkpt>
      <trkpt lat="42.882344" lon="-8.550674">
        <ele>228.909</ele>
        <time>2025-05-15T08:15:30.600Z</time>
      </trkpt>
      <trkpt lat="42.882305" lon="-8.550704">
        <ele>228.647</ele>
        <time>2025-05-15T08:15:36.599Z</time>
      </trkpt>
      <trkpt lat="42.882274" lon="-8.550764">
        <ele>228.526</ele>
        <time>2025-05-15T08:15:44.600Z</time>
      </trkpt>
      <trkpt lat="42.882241" lon="-8.550817">
        <ele>228.328</ele>
        <time>2025-05-15T08:15:49.600Z</time>
      </trkpt>
      <trkpt lat="42.882212" lon="-8.550866">
        <ele>228.190</ele>
        <time>2025-05-15T08:15:53.600Z</time>
      </trkpt>
      <trkpt lat="42.882170" lon="-8.550907">
        <ele>227.914</ele>
        <time>2025-05-15T08:15:58.600Z</time>
      </trkpt>
      <trkpt lat="42.882128" lon="-8.550957">
        <ele>227.765</ele>
        <time>2025-05-15T08:16:03.600Z</time>
      </trkpt>
      <trkpt lat="42.882093" lon="-8.551019">
        <ele>227.666</ele>
        <time>2025-05-15T08:16:07.600Z</time>
      </trkpt>
      <trkpt lat="42.882072" lon="-8.551087">
        <ele>227.718</ele>
        <time>2025-05-15T08:16:11.600Z</time>
      </trkpt>
      <trkpt lat="42.882046" lon="-8.551144">
        <ele>227.781</ele>
        <time>2025-05-15T08:16:14.600Z</time>
      </trkpt>
      <trkpt lat="42.882020" lon="-8.551198">
        <ele>227.689</ele>
        <time>2025-05-15T08:16:18.600Z</time>
      </trkpt>
      <trkpt lat="42.881990" lon="-8.551246">
        <ele>227.506</ele>
        <time>2025-05-15T08:16:22.600Z</time>
      </trkpt>
      <trkpt lat="42.881955" lon="-8.551294">
        <ele>227.426</ele>
        <time>2025-05-15T08:16:27.600Z</time>
      </trkpt>
      <trkpt lat="42.881937" lon="-8.551352">
        <ele>227.709</ele>
        <time>2025-05-15T08:16:31.600Z</time>
      </trkpt>
      <trkpt lat="42.881899" lon="-8.551394">
        <ele>227.970</ele>
        <time>2025-05-15T08:16:36.600Z</time>
      </trkpt>
      <trkpt lat="42.881854" lon="-8.551427">
        <ele>227.899</ele>
        <time>2025-05-15T08:16:40.600Z</time>
      </trkpt>
      <trkpt lat="42.881813" lon="-8.551459">
        <ele>227.821</ele>
        <time>2025-05-15T08:16:44.600Z</time>
      </trkpt>
      <trkpt lat="42.881775" lon="-8.551493">
        <ele>227.883</ele>
        <time>2025-05-15T08:16:48.600Z</time>
      </trkpt>
      <trkpt lat="42.881730" lon="-8.551537">
        <ele>227.897</ele>
        <time>2025-05-15T08:16:53.600Z</time>
      </trkpt>
      <trkpt lat="42.881689" lon="-8.551565">
        <ele>227.718</ele>
        <time>2025-05-15T08:16:57.600Z</time>
      </trkpt>
      <trkpt lat="42.881643" lon="-8.551586">
        <ele>227.689</ele>
        <time>2025-05-15T08:17:01.600Z</time>
      </trkpt>
      <trkpt lat="42.881597" lon="-8.551616">
        <ele>227.441</ele>
        <time>2025-05-15T08:17:06.600Z</time>
      </trkpt>
      <trkpt lat="42.881553" lon="-8.551644">
        <ele>227.264</ele>
        <time>2025-05-15T08:17:10.600Z</time>
      </trkpt>
      <trkpt lat="42.881514" lon="-8.551678">
        <ele>226.993</ele>
        <time>2025-05-15T08:17:14.600Z</time>
      </trkpt>
      <trkpt lat="42.881468" lon="-8.551718">
        <ele>226.665</ele>
        <time>2025-05-15T08:17:19.600Z</time>
      </trkpt>
      <trkpt lat="42.881428" lon="-8.551756">
        <ele>226.321</ele>
        <time>2025-05-15T08:17:23.600Z</time>
      </trkpt>
      <trkpt lat="42.881410" lon="-8.551813">
        <ele>226.209</ele>
        <time>2025-05-15T08:17:27.600Z</time>
      </trkpt>
      <trkpt lat="42.881389" lon="-8.551872">
        <ele>226.031</ele>
        <time>2025-05-15T08:17:32.600Z</time>
      </trkpt>
      <trkpt lat="42.881386" lon="-8.551945">
        <ele>226.080</ele>
        <time>2025-05-15T08:17:37.600Z</time>
      </trkpt>
      <trkpt lat="42.881387" lon="-8.552017">
        <ele>226.082</ele>
        <time>2025-05-15T08:17:42.600Z</time>
      </trkpt>
      <trkpt lat="42.881353" lon="-8.552064">
        <ele>225.864</ele>
        <time>2025-05-15T08:17:47.600Z</time>
      </trkpt>
      <trkpt lat="42.881303" lon="-8.552061">
        <ele>225.658</ele>
        <time>2025-05-15T08:17:55.600Z</time>
      </trkpt>
      <trkpt lat="42.881256" lon="-8.552041">
        <ele>225.479</ele>
        <time>2025-05-15T08:18:00.600Z</time>
      </trkpt>
      <trkpt lat="42.881213" lon="-8.552004">
        <ele>225.270</ele>
        <time>2025-05-15T08:18:05.600Z</time>
      </trkpt>
      <trkpt lat="42.881167" lon="-8.551966">
        <ele>225.132</ele>
        <time>2025-05-15T08:18:10.600Z</time>
      </trkpt>
      <trkpt lat="42.881119" lon="-8.551934">
        <ele>225.175</ele>
        <time>2025-05-15T08:18:17.600Z</time>
      </trkpt>
      <trkpt lat="42.881110" lon="-8.551999">
        <ele>224.883</ele>
        <time>2025-05-15T08:18:39.600Z</time>
      </trkpt>
      <trkpt lat="42.881096" lon="-8.552070">
        <ele>224.625</ele>
        <time>2025-05-15T08:18:44.600Z</time>
      </trkpt>
      <trkpt lat="42.881081" lon="-8.552141">
        <ele>224.317</ele>
        <time>2025-05-15T08:18:50.600Z</time>
      </trkpt>
      <trkpt lat="42.881087" lon="-8.552203">
        <ele>224.109</ele>
        <time>2025-05-15T08:19:03.601Z</time>
      </trkpt>
      <trkpt lat="42.881070" lon="-8.552264">
        <ele>224.070</ele>
        <time>2025-05-15T08:19:10.601Z</time>
      </trkpt>
      <trkpt lat="42.881054" lon="-8.552330">
        <ele>224.069</ele>
        <time>2025-05-15T08:19:16.601Z</time>
      </trkpt>
      <trkpt lat="42.881053" lon="-8.552398">
        <ele>224.071</ele>
        <time>2025-05-15T08:19:22.601Z</time>
      </trkpt>
      <trkpt lat="42.881069" lon="-8.552465">
        <ele>224.053</ele>
        <time>2025-05-15T08:19:28.601Z</time>
      </trkpt>
      <trkpt lat="42.881067" lon="-8.552534">
        <ele>223.937</ele>
        <time>2025-05-15T08:19:34.601Z</time>
      </trkpt>
      <trkpt lat="42.881062" lon="-8.552609">
        <ele>223.758</ele>
        <time>2025-05-15T08:19:39.601Z</time>
      </trkpt>
      <trkpt lat="42.881072" lon="-8.552671">
        <ele>223.539</ele>
        <time>2025-05-15T08:19:44.601Z</time>
      </trkpt>
      <trkpt lat="42.881094" lon="-8.552737">
        <ele>223.221</ele>
        <time>2025-05-15T08:19:49.601Z</time>
      </trkpt>
      <trkpt lat="42.881130" lon="-8.552786">
        <ele>223.134</ele>
        <time>2025-05-15T08:19:57.601Z</time>
      </trkpt>
      <trkpt lat="42.881158" lon="-8.552842">
        <ele>223.122</ele>
        <time>2025-05-15T08:20:02.601Z</time>
      </trkpt>
      <trkpt lat="42.881185" lon="-8.552892">
        <ele>223.262</ele>
        <time>2025-05-15T08:20:06.601Z</time>
      </trkpt>
      <trkpt lat="42.881216" lon="-8.552950">
        <ele>223.108</ele>
        <time>2025-05-15T08:20:11.601Z</time>
      </trkpt>
      <trkpt lat="42.881259" lon="-8.552982">
        <ele>223.109</ele>
        <time>2025-05-15T08:20:15.601Z</time>
      </trkpt>
      <trkpt lat="42.881306" lon="-8.552999">
        <ele>223.184</ele>
        <time>2025-05-15T08:20:19.601Z</time>
      </trkpt>
      <trkpt lat="42.881356" lon="-8.553010">
        <ele>223.113</ele>
        <time>2025-05-15T08:20:24.601Z</time>
      </trkpt>
      <trkpt lat="42.881395" lon="-8.553048">
        <ele>223.055</ele>
        <time>2025-05-15T08:20:28.601Z</time>
      </trkpt>
      <trkpt lat="42.881439" lon="-8.553075">
        <ele>223.357</ele>
        <time>2025-05-15T08:20:32.601Z</time>
      </trkpt>
      <trkpt lat="42.881483" lon="-8.553093">
        <ele>223.541</ele>
        <time>2025-05-15T08:20:36.601Z</time>
      </trkpt>
      <trkpt lat="42.881528" lon="-8.553125">
        <ele>223.822</ele>
        <time>2025-05-15T08:20:40.601Z</time>
      </trkpt>
      <trkpt lat="42.881576" lon="-8.553147">
        <ele>223.953</ele>
        <time>2025-05-15T08:20:44.601Z</time>
      </trkpt>
      <trkpt lat="42.881617" lon="-8.553173">
        <ele>224.015</ele>
        <time>2025-05-15T08:20:48.601Z</time>
      </trkpt>
      <trkpt lat="42.881661" lon="-8.553194">
        <ele>224.028</ele>
        <time>2025-05-15T08:20:52.601Z</time>
      </trkpt>
      <trkpt lat="42.881716" lon="-8.553197">
        <ele>224.459</ele>
        <time>2025-05-15T08:20:57.601Z</time>
      </trkpt>
      <trkpt lat="42.881764" lon="-8.553211">
        <ele>224.903</ele>
        <time>2025-05-15T08:21:01.601Z</time>
      </trkpt>
      <trkpt lat="42.881812" lon="-8.553222">
        <ele>225.423</ele>
        <time>2025-05-15T08:21:05.601Z</time>
      </trkpt>
      <trkpt lat="42.881850" lon="-8.553261">
        <ele>225.809</ele>
        <time>2025-05-15T08:21:09.601Z</time>
      </trkpt>
      <trkpt lat="42.881900" lon="-8.553285">
        <ele>226.467</ele>
        <time>2025-05-15T08:21:14.601Z</time>
      </trkpt>
      <trkpt lat="42.881942" lon="-8.553313">
        <ele>226.976</ele>
        <time>2025-05-15T08:21:18.601Z</time>
      </trkpt>
      <trkpt lat="42.881982" lon="-8.553344">
        <ele>227.348</ele>
        <time>2025-05-15T08:21:22.601Z</time>
      </trkpt>
      <trkpt lat="42.882024" lon="-8.553380">
        <ele>227.550</ele>
        <time>2025-05-15T08:21:26.601Z</time>
      </trkpt>
      <trkpt lat="42.882056" lon="-8.553428">
        <ele>227.564</ele>
        <time>2025-05-15T08:21:30.601Z</time>
      </trkpt>
      <trkpt lat="42.882087" lon="-8.553480">
        <ele>227.585</ele>
        <time>2025-05-15T08:21:35.601Z</time>
      </trkpt>
      <trkpt lat="42.882115" lon="-8.553531">
        <ele>227.416</ele>
        <time>2025-05-15T08:21:39.601Z</time>
      </trkpt>
      <trkpt lat="42.882161" lon="-8.553545">
        <ele>227.848</ele>
        <time>2025-05-15T08:21:56.601Z</time>
      </trkpt>
      <trkpt lat="42.882212" lon="-8.553551">
        <ele>228.351</ele>
        <time>2025-05-15T08:22:01.601Z</time>
      </trkpt>
      <trkpt lat="42.882177" lon="-8.553603">
        <ele>227.629</ele>
        <time>2025-05-15T08:22:34.601Z</time>
      </trkpt>
      <trkpt lat="42.882157" lon="-8.553660">
        <ele>227.000</ele>
        <time>2025-05-15T08:22:41.601Z</time>
      </trkpt>
      <trkpt lat="42.882200" lon="-8.553708">
        <ele>227.120</ele>
        <time>2025-05-15T08:22:48.601Z</time>
      </trkpt>
      <trkpt lat="42.882248" lon="-8.553731">
        <ele>227.309</ele>
        <time>2025-05-15T08:22:53.601Z</time>
      </trkpt>
      <trkpt lat="42.882266" lon="-8.553792">
        <ele>227.024</ele>
        <time>2025-05-15T08:22:57.601Z</time>
      </trkpt>
      <trkpt lat="42.882286" lon="-8.553858">
        <ele>226.723</ele>
        <time>2025-05-15T08:23:01.601Z</time>
      </trkpt>
      <trkpt lat="42.882289" lon="-8.553922">
        <ele>226.315</ele>
        <time>2025-05-15T08:23:04.601Z</time>
      </trkpt>
      <trkpt lat="42.882276" lon="-8.553986">
        <ele>225.867</ele>
        <time>2025-05-15T08:23:08.601Z</time>
      </trkpt>
      <trkpt lat="42.882245" lon="-8.554037">
        <ele>225.521</ele>
        <time>2025-05-15T08:23:12.601Z</time>
      </trkpt>
      <trkpt lat="42.882205" lon="-8.554069">
        <ele>225.372</ele>
        <time>2025-05-15T08:23:16.601Z</time>
      </trkpt>
      <trkpt lat="42.882182" lon="-8.554132">
        <ele>225.093</ele>
        <time>2025-05-15T08:23:20.601Z</time>
      </trkpt>
      <trkpt lat="42.882156" lon="-8.554183">
        <ele>224.625</ele>
        <time>2025-05-15T08:23:23.601Z</time>
      </trkpt>
      <trkpt lat="42.882143" lon="-8.554254">
        <ele>223.948</ele>
        <time>2025-05-15T08:23:27.601Z</time>
      </trkpt>
      <trkpt lat="42.882131" lon="-8.554327">
        <ele>223.181</ele>
        <time>2025-05-15T08:23:31.601Z</time>
      </trkpt>
      <trkpt lat="42.882118" lon="-8.554392">
        <ele>222.561</ele>
        <time>2025-05-15T08:23:35.601Z</time>
      </trkpt>
      <trkpt lat="42.882108" lon="-8.554457">
        <ele>222.017</ele>
        <time>2025-05-15T08:23:39.601Z</time>
      </trkpt>
      <trkpt lat="42.882104" lon="-8.554521">
        <ele>221.709</ele>
        <time>2025-05-15T08:23:43.601Z</time>
      </trkpt>
      <trkpt lat="42.882135" lon="-8.554588">
        <ele>221.560</ele>
        <time>2025-05-15T08:23:48.601Z</time>
      </trkpt>
      <trkpt lat="42.882175" lon="-8.554620">
        <ele>221.419</ele>
        <time>2025-05-15T08:23:52.601Z</time>
      </trkpt>
      <trkpt lat="42.882226" lon="-8.554652">
        <ele>221.381</ele>
        <time>2025-05-15T08:23:57.601Z</time>
      </trkpt>
      <trkpt lat="42.882272" lon="-8.554683">
        <ele>221.143</ele>
        <time>2025-05-15T08:24:01.601Z</time>
      </trkpt>
      <trkpt lat="42.882320" lon="-8.554687">
        <ele>221.127</ele>
        <time>2025-05-15T08:24:05.601Z</time>
      </trkpt>
      <trkpt lat="42.882368" lon="-8.554672">
        <ele>221.278</ele>
        <time>2025-05-15T08:24:09.601Z</time>
      </trkpt>
      <trkpt lat="42.882409" lon="-8.554644">
        <ele>221.379</ele>
        <time>2025-05-15T08:24:13.601Z</time>
      </trkpt>
      <trkpt lat="42.882450" lon="-8.554613">
        <ele>221.461</ele>
        <time>2025-05-15T08:24:17.601Z</time>
      </trkpt>
      <trkpt lat="42.882495" lon="-8.554584">
        <ele>221.574</ele>
        <time>2025-05-15T08:24:35.601Z</time>
      </trkpt>
      <trkpt lat="42.882533" lon="-8.554545">
        <ele>221.737</ele>
        <time>2025-05-15T08:24:45.601Z</time>
      </trkpt>
      <trkpt lat="42.882578" lon="-8.554522">
        <ele>221.849</ele>
        <time>2025-05-15T08:24:49.601Z</time>
      </trkpt>
      <trkpt lat="42.882623" lon="-8.554506">
        <ele>221.913</ele>
        <time>2025-05-15T08:24:53.601Z</time>
      </trkpt>
      <trkpt lat="42.882667" lon="-8.554485">
        <ele>221.909</ele>
        <time>2025-05-15T08:24:57.601Z</time>
      </trkpt>
      <trkpt lat="42.882719" lon="-8.554467">
        <ele>222.065</ele>
        <time>2025-05-15T08:25:01.601Z</time>
      </trkpt>
      <trkpt lat="42.882768" lon="-8.554447">
        <ele>222.024</ele>
        <time>2025-05-15T08:25:05.601Z</time>
      </trkpt>
      <trkpt lat="42.882815" lon="-8.554438">
        <ele>221.936</ele>
        <time>2025-05-15T08:25:10.601Z</time>
      </trkpt>
      <trkpt lat="42.882859" lon="-8.554419">
        <ele>221.938</ele>
        <time>2025-05-15T08:25:14.601Z</time>
      </trkpt>
      <trkpt lat="42.882905" lon="-8.554422">
        <ele>221.722</ele>
        <time>2025-05-15T08:25:18.601Z</time>
      </trkpt>
      <trkpt lat="42.882905" lon="-8.554485">
        <ele>221.533</ele>
        <time>2025-05-15T08:25:22.601Z</time>
      </trkpt>
      <trkpt lat="42.882949" lon="-8.554514">
        <ele>221.494</ele>
        <time>2025-05-15T08:25:28.601Z</time>
      </trkpt>
      <trkpt lat="42.882999" lon="-8.554507">
        <ele>221.226</ele>
        <time>2025-05-15T08:25:33.601Z</time>
      </trkpt>
      <trkpt lat="42.883050" lon="-8.554534">
        <ele>221.029</ele>
        <time>2025-05-15T08:25:38.601Z</time>
      </trkpt>
      <trkpt lat="42.883087" lon="-8.554594">
        <ele>221.193</ele>
        <time>2025-05-15T08:25:43.601Z</time>
      </trkpt>
      <trkpt lat="42.883108" lon="-8.554660">
        <ele>221.165</ele>
        <time>2025-05-15T08:25:48.601Z</time>
      </trkpt>
      <trkpt lat="42.883138" lon="-8.554719">
        <ele>221.021</ele>
        <time>2025-05-15T08:25:53.601Z</time>
      </trkpt>
      <trkpt lat="42.883154" lon="-8.554778">
        <ele>221.109</ele>
        <time>2025-05-15T08:25:57.601Z</time>
      </trkpt>
      <trkpt lat="42.883169" lon="-8.554850">
        <ele>221.341</ele>
        <time>2025-05-15T08:26:02.602Z</time>
      </trkpt>
      <trkpt lat="42.883183" lon="-8.554912">
        <ele>221.450</ele>
        <time>2025-05-15T08:26:07.602Z</time>
      </trkpt>
      <trkpt lat="42.883193" lon="-8.554974">
        <ele>221.572</ele>
        <time>2025-05-15T08:26:14.602Z</time>
      </trkpt>
      <trkpt lat="42.883244" lon="-8.554992">
        <ele>221.364</ele>
        <time>2025-05-15T08:26:52.602Z</time>
      </trkpt>
      <trkpt lat="42.883282" lon="-8.555032">
        <ele>221.248</ele>
        <time>2025-05-15T08:26:57.602Z</time>
      </trkpt>
      <trkpt lat="42.883323" lon="-8.555061">
        <ele>221.079</ele>
        <time>2025-05-15T08:27:01.602Z</time>
      </trkpt>
      <trkpt lat="42.883363" lon="-8.555097">
        <ele>221.120</ele>
        <time>2025-05-15T08:27:05.602Z</time>
      </trkpt>
      <trkpt lat="42.883402" lon="-8.555133">
        <ele>221.172</ele>
        <time>2025-05-15T08:27:09.602Z</time>
      </trkpt>
      <trkpt lat="42.883430" lon="-8.555182">
        <ele>221.195</ele>
        <time>2025-05-15T08:27:13.602Z</time>
      </trkpt>
      <trkpt lat="42.883473" lon="-8.555218">
        <ele>221.179</ele>
        <time>2025-05-15T08:27:18.602Z</time>
      </trkpt>
      <trkpt lat="42.883518" lon="-8.555246">
        <ele>221.105</ele>
        <time>2025-05-15T08:27:23.602Z</time>
      </trkpt>
      <trkpt lat="42.883561" lon="-8.555284">
        <ele>221.025</ele>
        <time>2025-05-15T08:27:29.602Z</time>
      </trkpt>
      <trkpt lat="42.883612" lon="-8.555269">
        <ele>221.009</ele>
        <time>2025-05-15T08:27:37.602Z</time>
      </trkpt>
      <trkpt lat="42.883638" lon="-8.555207">
        <ele>221.529</ele>
        <time>2025-05-15T08:27:42.602Z</time>
      </trkpt>
      <trkpt lat="42.883654" lon="-8.555140">
        <ele>222.038</ele>
        <time>2025-05-15T08:27:47.602Z</time>
      </trkpt>
      <trkpt lat="42.883605" lon="-8.555123">
        <ele>221.570</ele>
        <time>2025-05-15T08:27:54.602Z</time>
      </trkpt>
      <trkpt lat="42.883605" lon="-8.555194">
        <ele>221.362</ele>
        <time>2025-05-15T08:27:57.602Z</time>
      </trkpt>
      <trkpt lat="42.883641" lon="-8.555251">
        <ele>221.476</ele>
        <time>2025-05-15T08:28:00.602Z</time>
      </trkpt>
      <trkpt lat="42.883654" lon="-8.555316">
        <ele>221.557</ele>
        <time>2025-05-15T08:28:14.602Z</time>
      </trkpt>
      <trkpt lat="42.883688" lon="-8.555364">
        <ele>221.838</ele>
        <time>2025-05-15T08:28:18.602Z</time>
      </trkpt>
      <trkpt lat="42.883708" lon="-8.555419">
        <ele>222.090</ele>
        <time>2025-05-15T08:28:22.602Z</time>
      </trkpt>
      <trkpt lat="42.883691" lon="-8.555486">
        <ele>221.993</ele>
        <time>2025-05-15T08:28:28.602Z</time>
      </trkpt>
      <trkpt lat="42.883676" lon="-8.555544">
        <ele>221.734</ele>
        <time>2025-05-15T08:28:34.602Z</time>
      </trkpt>
      <trkpt lat="42.883648" lon="-8.555599">
        <ele>221.855</ele>
        <time>2025-05-15T08:28:40.602Z</time>
      </trkpt>
      <trkpt lat="42.883634" lon="-8.555666">
        <ele>222.110</ele>
        <time>2025-05-15T08:28:45.602Z</time>
      </trkpt>
      <trkpt lat="42.883604" lon="-8.555714">
        <ele>222.109</ele>
        <time>2025-05-15T08:28:50.602Z</time>
      </trkpt>
      <trkpt lat="42.883584" lon="-8.555775">
        <ele>222.315</ele>
        <time>2025-05-15T08:28:55.602Z</time>
      </trkpt>
      <trkpt lat="42.883569" lon="-8.555845">
        <ele>222.654</ele>
        <time>2025-05-15T08:29:00.602Z</time>
      </trkpt>
      <trkpt lat="42.883536" lon="-8.555903">
        <ele>222.566</ele>
        <time>2025-05-15T08:29:09.602Z</time>
      </trkpt>
      <trkpt lat="42.883531" lon="-8.555969">
        <ele>222.738</ele>
        <time>2025-05-15T08:29:18.602Z</time>
      </trkpt>
      <trkpt lat="42.883500" lon="-8.556015">
        <ele>222.322</ele>
        <time>2025-05-15T08:29:23.602Z</time>
      </trkpt>
      <trkpt lat="42.883454" lon="-8.556051">
        <ele>221.543</ele>
        <time>2025-05-15T08:29:27.602Z</time>
      </trkpt>
      <trkpt lat="42.883425" lon="-8.556103">
        <ele>221.024</ele>
        <time>2025-05-15T08:29:32.602Z</time>
      </trkpt>
      <trkpt lat="42.883380" lon="-8.556133">
        <ele>220.086</ele>
        <time>2025-05-15T08:29:37.602Z</time>
      </trkpt>
      <trkpt lat="42.883336" lon="-8.556162">
        <ele>218.939</ele>
        <time>2025-05-15T08:29:43.602Z</time>
      </trkpt>
      <trkpt lat="42.883291" lon="-8.556182">
        <ele>218.681</ele>
        <time>2025-05-15T08:29:48.602Z</time>
      </trkpt>
      <trkpt lat="42.883240" lon="-8.556203">
        <ele>218.261</ele>
        <time>2025-05-15T08:29:53.602Z</time>
      </trkpt>
      <trkpt lat="42.883192" lon="-8.556226">
        <ele>217.917</ele>
        <time>2025-05-15T08:29:58.602Z</time>
      </trkpt>
      <trkpt lat="42.883148" lon="-8.556264">
        <ele>217.409</ele>
        <time>2025-05-15T08:30:03.602Z</time>
      </trkpt>
      <trkpt lat="42.883103" lon="-8.556306">
        <ele>216.910</ele>
        <time>2025-05-15T08:30:08.602Z</time>
      </trkpt>
      <trkpt lat="42.883072" lon="-8.556352">
        <ele>216.439</ele>
        <time>2025-05-15T08:30:12.602Z</time>
      </trkpt>
      <trkpt lat="42.883064" lon="-8.556424">
        <ele>215.811</ele>
        <time>2025-05-15T08:30:16.602Z</time>
      </trkpt>
      <trkpt lat="42.883059" lon="-8.556492">
        <ele>215.313</ele>
        <time>2025-05-15T08:30:20.602Z</time>
      </trkpt>
      <trkpt lat="42.883051" lon="-8.556557">
        <ele>214.877</ele>
        <time>2025-05-15T08:30:24.602Z</time>
      </trkpt>
      <trkpt lat="42.883051" lon="-8.556624">
        <ele>214.438</ele>
        <time>2025-05-15T08:30:28.602Z</time>
      </trkpt>
      <trkpt lat="42.883066" lon="-8.556694">
        <ele>213.989</ele>
        <time>2025-05-15T08:30:32.602Z</time>
      </trkpt>
      <trkpt lat="42.883086" lon="-8.556753">
        <ele>213.751</ele>
        <time>2025-05-15T08:30:36.602Z</time>
      </trkpt>
      <trkpt lat="42.883072" lon="-8.556819">
        <ele>213.134</ele>
        <time>2025-05-15T08:30:46.602Z</time>
      </trkpt>
      <trkpt lat="42.883028" lon="-8.556846">
        <ele>212.946</ele>
        <time>2025-05-15T08:30:50.602Z</time>
      </trkpt>
      <trkpt lat="42.882973" lon="-8.556858">
        <ele>213.388</ele>
        <time>2025-05-15T08:30:55.602Z</time>
      </trkpt>
      <trkpt lat="42.882946" lon="-8.556915">
        <ele>213.016</ele>
        <time>2025-05-15T08:31:01.602Z</time>
      </trkpt>
      <trkpt lat="42.882942" lon="-8.556978">
        <ele>212.509</ele>
        <time>2025-05-15T08:31:05.602Z</time>
      </trkpt>
      <trkpt lat="42.882945" lon="-8.557044">
        <ele>211.966</ele>
        <time>2025-05-15T08:31:10.602Z</time>
      </trkpt>
      <trkpt lat="42.882938" lon="-8.557109">
        <ele>211.345</ele>
        <time>2025-05-15T08:31:16.603Z</time>
      </trkpt>
      <trkpt lat="42.882919" lon="-8.557173">
        <ele>210.937</ele>
        <time>2025-05-15T08:31:22.602Z</time>
      </trkpt>
      <trkpt lat="42.882946" lon="-8.557228">
        <ele>210.289</ele>
        <time>2025-05-15T08:31:28.602Z</time>
      </trkpt>
      <trkpt lat="42.882966" lon="-8.557294">
        <ele>209.723</ele>
        <time>2025-05-15T08:31:33.603Z</time>
      </trkpt>
      <trkpt lat="42.882979" lon="-8.557358">
        <ele>209.334</ele>
        <time>2025-05-15T08:31:38.602Z</time>
      </trkpt>
      <trkpt lat="42.883013" lon="-8.557405">
        <ele>208.885</ele>
        <time>2025-05-15T08:32:07.602Z</time>
      </trkpt>
      <trkpt lat="42.883065" lon="-8.557401">
        <ele>208.647</ele>
        <time>2025-05-15T08:32:16.602Z</time>
      </trkpt>
      <trkpt lat="42.883110" lon="-8.557397">
        <ele>209.660</ele>
        <time>2025-05-15T08:32:21.602Z</time>
      </trkpt>
      <trkpt lat="42.883169" lon="-8.557408">
        <ele>210.937</ele>
        <time>2025-05-15T08:32:26.602Z</time>
      </trkpt>
      <trkpt lat="42.883211" lon="-8.557378">
        <ele>211.949</ele>
        <time>2025-05-15T08:32:36.602Z</time>
      </trkpt>
      <trkpt lat="42.883228" lon="-8.557439">
        <ele>212.313</ele>
        <time>2025-05-15T08:32:43.602Z</time>
      </trkpt>
      <trkpt lat="42.883227" lon="-8.557513">
        <ele>212.509</ele>
        <time>2025-05-15T08:32:48.602Z</time>
      </trkpt>
      <trkpt lat="42.883217" lon="-8.557578">
        <ele>212.945</ele>
        <time>2025-05-15T08:32:52.602Z</time>
      </trkpt>
      <trkpt lat="42.883223" lon="-8.557639">
        <ele>213.634</ele>
        <time>2025-05-15T08:32:58.602Z</time>
      </trkpt>
      <trkpt lat="42.883244" lon="-8.557695">
        <ele>214.646</ele>
        <time>2025-05-15T08:33:02.602Z</time>
      </trkpt>
      <trkpt lat="42.883261" lon="-8.557762">
        <ele>215.668</ele>
        <time>2025-05-15T08:33:07.602Z</time>
      </trkpt>
      <trkpt lat="42.883253" lon="-8.557833">
        <ele>216.692</ele>
        <time>2025-05-15T08:33:26.603Z</time>
      </trkpt>
      <trkpt lat="42.883243" lon="-8.557897">
        <ele>217.783</ele>
        <time>2025-05-15T08:33:29.603Z</time>
      </trkpt>
      <trkpt lat="42.883219" lon="-8.557966">
        <ele>218.634</ele>
        <time>2025-05-15T08:33:32.603Z</time>
      </trkpt>
      <trkpt lat="42.883178" lon="-8.558020">
        <ele>219.146</ele>
        <time>2025-05-15T08:33:35.603Z</time>
      </trkpt>
      <trkpt lat="42.883142" lon="-8.558079">
        <ele>219.689</ele>
        <time>2025-05-15T08:33:39.603Z</time>
      </trkpt>
      <trkpt lat="42.883096" lon="-8.558119">
        <ele>219.797</ele>
        <time>2025-05-15T08:33:44.603Z</time>
      </trkpt>
      <trkpt lat="42.883042" lon="-8.558142">
        <ele>219.323</ele>
        <time>2025-05-15T08:33:49.603Z</time>
      </trkpt>
      <trkpt lat="42.883031" lon="-8.558073">
        <ele>217.925</ele>
        <time>2025-05-15T08:33:55.603Z</time>
      </trkpt>
      <trkpt lat="42.882986" lon="-8.558067">
        <ele>217.209</ele>
        <time>2025-05-15T08:34:02.603Z</time>
      </trkpt>
      <trkpt lat="42.882944" lon="-8.558091">
        <ele>216.981</ele>
        <time>2025-05-15T08:34:05.603Z</time>
      </trkpt>
      <trkpt lat="42.882902" lon="-8.558119">
        <ele>216.760</ele>
        <time>2025-05-15T08:34:09.603Z</time>
      </trkpt>
      <trkpt lat="42.882858" lon="-8.558142">
        <ele>216.352</ele>
        <time>2025-05-15T08:34:13.603Z</time>
      </trkpt>
      <trkpt lat="42.882811" lon="-8.558161">
        <ele>215.744</ele>
        <time>2025-05-15T08:34:17.603Z</time>
      </trkpt>
      <trkpt lat="42.882755" lon="-8.558187">
        <ele>214.868</ele>
        <time>2025-05-15T08:34:29.603Z</time>
      </trkpt>
      <trkpt lat="42.882708" lon="-8.558208">
        <ele>213.749</ele>
        <time>2025-05-15T08:34:33.603Z</time>
      </trkpt>
      <trkpt lat="42.882669" lon="-8.558240">
        <ele>212.950</ele>
        <time>2025-05-15T08:34:37.603Z</time>
      </trkpt>
      <trkpt lat="42.882630" lon="-8.558281">
        <ele>211.962</ele>
        <time>2025-05-15T08:34:41.603Z</time>
      </trkpt>
      <trkpt lat="42.882608" lon="-8.558344">
        <ele>211.645</ele>
        <time>2025-05-15T08:34:45.603Z</time>
      </trkpt>
      <trkpt lat="42.882587" lon="-8.558401">
        <ele>211.493</ele>
        <time>2025-05-15T08:34:49.603Z</time>
      </trkpt>
      <trkpt lat="42.882545" lon="-8.558450">
        <ele>210.665</ele>
        <time>2025-05-15T08:34:54.603Z</time>
      </trkpt>
      <trkpt lat="42.882501" lon="-8.558478">
        <ele>209.621</ele>
        <time>2025-05-15T08:34:58.603Z</time>
      </trkpt>
      <trkpt lat="42.882460" lon="-8.558511">
        <ele>209.409</ele>
        <time>2025-05-15T08:35:02.603Z</time>
      </trkpt>
      <trkpt lat="42.882419" lon="-8.558543">
        <ele>209.321</ele>
        <time>2025-05-15T08:35:06.603Z</time>
      </trkpt>
      <trkpt lat="42.882375" lon="-8.558590">
        <ele>209.470</ele>
        <time>2025-05-15T08:35:11.603Z</time>
      </trkpt>
      <trkpt lat="42.882334" lon="-8.558640">
        <ele>209.742</ele>
        <time>2025-05-15T08:35:15.603Z</time>
      </trkpt>
      <trkpt lat="42.882299" lon="-8.558682">
        <ele>210.064</ele>
        <time>2025-05-15T08:35:19.603Z</time>
      </trkpt>
      <trkpt lat="42.882261" lon="-8.558715">
        <ele>210.268</ele>
        <time>2025-05-15T08:35:23.603Z</time>
      </trkpt>
      <trkpt lat="42.882214" lon="-8.558739">
        <ele>210.249</ele>
        <time>2025-05-15T08:35:27.603Z</time>
      </trkpt>
      <trkpt lat="42.882169" lon="-8.558757">
        <ele>210.260</ele>
        <time>2025-05-15T08:35:31.603Z</time>
      </trkpt>
      <trkpt lat="42.882124" lon="-8.558771">
        <ele>210.222</ele>
        <time>2025-05-15T08:35:35.603Z</time>
      </trkpt>
      <trkpt lat="42.882073" lon="-8.558792">
        <ele>210.285</ele>
        <time>2025-05-15T08:35:39.603Z</time>
      </trkpt>
      <trkpt lat="42.882010" lon="-8.558794">
        <ele>209.855</ele>
        <time>2025-05-15T08:35:50.603Z</time>
      </trkpt>
      <trkpt lat="42.881960" lon="-8.558826">
        <ele>210.007</ele>
        <time>2025-05-15T08:35:54.603Z</time>
      </trkpt>
      <trkpt lat="42.881909" lon="-8.558845">
        <ele>210.017</ele>
        <time>2025-05-15T08:35:58.603Z</time>
      </trkpt>
      <trkpt lat="42.881851" lon="-8.558865">
        <ele>209.909</ele>
        <time>2025-05-15T08:36:03.603Z</time>
      </trkpt>
      <trkpt lat="42.881799" lon="-8.558876">
        <ele>209.727</ele>
        <time>2025-05-15T08:36:06.603Z</time>
      </trkpt>
      <trkpt lat="42.881747" lon="-8.558892">
        <ele>209.686</ele>
        <time>2025-05-15T08:36:10.603Z</time>
      </trkpt>
      <trkpt lat="42.881697" lon="-8.558882">
        <ele>209.198</ele>
        <time>2025-05-15T08:36:14.603Z</time>
      </trkpt>
      <trkpt lat="42.881657" lon="-8.558845">
        <ele>208.170</ele>
        <time>2025-05-15T08:36:18.603Z</time>
      </trkpt>
      <trkpt lat="42.881616" lon="-8.558819">
        <ele>207.434</ele>
        <time>2025-05-15T08:36:22.603Z</time>
      </trkpt>
      <trkpt lat="42.881578" lon="-8.558781">
        <ele>206.425</ele>
        <time>2025-05-15T08:36:26.603Z</time>
      </trkpt>
      <trkpt lat="42.881541" lon="-8.558735">
        <ele>205.326</ele>
        <time>2025-05-15T08:36:30.603Z</time>
      </trkpt>
      <trkpt lat="42.881534" lon="-8.558661">
        <ele>203.948</ele>
        <time>2025-05-15T08:36:34.603Z</time>
      </trkpt>
      <trkpt lat="42.881543" lon="-8.558593">
        <ele>203.181</ele>
        <time>2025-05-15T08:36:38.603Z</time>
      </trkpt>
      <trkpt lat="42.881567" lon="-8.558539">
        <ele>203.286</ele>
        <time>2025-05-15T08:36:52.603Z</time>
      </trkpt>
      <trkpt lat="42.881596" lon="-8.558488">
        <ele>203.360</ele>
        <time>2025-05-15T08:36:56.603Z</time>
      </trkpt>
      <trkpt lat="42.881595" lon="-8.558425">
        <ele>203.226</ele>
        <time>2025-05-15T08:37:00.603Z</time>
      </trkpt>
      <trkpt lat="42.881589" lon="-8.558486">
        <ele>203.209</ele>
        <time>2025-05-15T08:37:23.603Z</time>
      </trkpt>
      <trkpt lat="42.881559" lon="-8.558424">
        <ele>203.120</ele>
        <time>2025-05-15T08:37:48.603Z</time>
      </trkpt>
      <trkpt lat="42.881516" lon="-8.558383">
        <ele>203.049</ele>
        <time>2025-05-15T08:37:53.603Z</time>
      </trkpt>
      <trkpt lat="42.881461" lon="-8.558374">
        <ele>202.941</ele>
        <time>2025-05-15T08:37:59.603Z</time>
      </trkpt>
      <trkpt lat="42.881406" lon="-8.558354">
        <ele>202.983</ele>
        <time>2025-05-15T08:38:04.603Z</time>
      </trkpt>
      <trkpt lat="42.881362" lon="-8.558324">
        <ele>202.957</ele>
        <time>2025-05-15T08:38:09.603Z</time>
      </trkpt>
      <trkpt lat="42.881324" lon="-8.558289">
        <ele>203.128</ele>
        <time>2025-05-15T08:38:13.603Z</time>
      </trkpt>
      <trkpt lat="42.881292" lon="-8.558237">
        <ele>203.639</ele>
        <time>2025-05-15T08:38:18.603Z</time>
      </trkpt>
      <trkpt lat="42.881309" lon="-8.558308">
        <ele>202.871</ele>
        <time>2025-05-15T08:38:27.603Z</time>
      </trkpt>
      <trkpt lat="42.881270" lon="-8.558271">
        <ele>203.044</ele>
        <time>2025-05-15T08:38:31.603Z</time>
      </trkpt>
      <trkpt lat="42.881227" lon="-8.558297">
        <ele>202.492</ele>
        <time>2025-05-15T08:38:33.603Z</time>
      </trkpt>
      <trkpt lat="42.881185" lon="-8.558321">
        <ele>201.773</ele>
        <time>2025-05-15T08:38:38.603Z</time>
      </trkpt>
      <trkpt lat="42.881140" lon="-8.558332">
        <ele>201.220</ele>
        <time>2025-05-15T08:38:42.603Z</time>
      </trkpt>
      <trkpt lat="42.881089" lon="-8.558350">
        <ele>200.909</ele>
        <time>2025-05-15T08:38:47.603Z</time>
      </trkpt>
      <trkpt lat="42.881045" lon="-8.558368">
        <ele>200.631</ele>
        <time>2025-05-15T08:38:52.603Z</time>
      </trkpt>
      <trkpt lat="42.881007" lon="-8.558413">
        <ele>200.230</ele>
        <time>2025-05-15T08:38:58.603Z</time>
      </trkpt>
      <trkpt lat="42.880989" lon="-8.558486">
        <ele>199.842</ele>
        <time>2025-05-15T08:39:03.603Z</time>
      </trkpt>
      <trkpt lat="42.880974" lon="-8.558556">
        <ele>199.314</ele>
        <time>2025-05-15T08:39:08.603Z</time>
      </trkpt>
      <trkpt lat="42.880984" lon="-8.558621">
        <ele>199.288</ele>
        <time>2025-05-15T08:39:21.603Z</time>
      </trkpt>
      <trkpt lat="42.880968" lon="-8.558693">
        <ele>199.829</ele>
        <time>2025-05-15T08:39:26.603Z</time>
      </trkpt>
      <trkpt lat="42.880983" lon="-8.558761">
        <ele>200.780</ele>
        <time>2025-05-15T08:39:32.603Z</time>
      </trkpt>
      <trkpt lat="42.880965" lon="-8.558830">
        <ele>201.342</ele>
        <time>2025-05-15T08:39:35.603Z</time>
      </trkpt>
      <trkpt lat="42.880932" lon="-8.558893">
        <ele>201.525</ele>
        <time>2025-05-15T08:39:38.603Z</time>
      </trkpt>
      <trkpt lat="42.880911" lon="-8.558957">
        <ele>202.377</ele>
        <time>2025-05-15T08:39:41.603Z</time>
      </trkpt>
      <trkpt lat="42.880867" lon="-8.559007">
        <ele>202.661</ele>
        <time>2025-05-15T08:39:44.603Z</time>
      </trkpt>
      <trkpt lat="42.880821" lon="-8.559034">
        <ele>202.427</ele>
        <time>2025-05-15T08:39:47.603Z</time>
      </trkpt>
      <trkpt lat="42.880862" lon="-8.558955">
        <ele>201.609</ele>
        <time>2025-05-15T08:39:54.603Z</time>
      </trkpt>
      <trkpt lat="42.880817" lon="-8.558991">
        <ele>201.699</ele>
        <time>2025-05-15T08:39:58.603Z</time>
      </trkpt>
      <trkpt lat="42.880775" lon="-8.559036">
        <ele>201.668</ele>
        <time>2025-05-15T08:40:02.603Z</time>
      </trkpt>
      <trkpt lat="42.880743" lon="-8.559096">
        <ele>201.930</ele>
        <time>2025-05-15T08:40:08.603Z</time>
      </trkpt>
      <trkpt lat="42.880705" lon="-8.559151">
        <ele>202.072</ele>
        <time>2025-05-15T08:40:13.603Z</time>
      </trkpt>
      <trkpt lat="42.880665" lon="-8.559184">
        <ele>201.646</ele>
        <time>2025-05-15T08:40:23.603Z</time>
      </trkpt>
      <trkpt lat="42.880618" lon="-8.559206">
        <ele>200.937</ele>
        <time>2025-05-15T08:40:29.603Z</time>
      </trkpt>
      <trkpt lat="42.880577" lon="-8.559234">
        <ele>200.448</ele>
        <time>2025-05-15T08:40:41.604Z</time>
      </trkpt>
      <trkpt lat="42.880527" lon="-8.559238">
        <ele>199.670</ele>
        <time>2025-05-15T08:40:47.604Z</time>
      </trkpt>
      <trkpt lat="42.880478" lon="-8.559240">
        <ele>198.953</ele>
        <time>2025-05-15T08:40:51.604Z</time>
      </trkpt>
      <trkpt lat="42.880427" lon="-8.559255">
        <ele>198.423</ele>
        <time>2025-05-15T08:40:55.604Z</time>
      </trkpt>
      <trkpt lat="42.880382" lon="-8.559289">
        <ele>198.383</ele>
        <time>2025-05-15T08:41:00.604Z</time>
      </trkpt>
      <trkpt lat="42.880341" lon="-8.559330">
        <ele>198.311</ele>
        <time>2025-05-15T08:41:05.604Z</time>
      </trkpt>
      <trkpt lat="42.880309" lon="-8.559387">
        <ele>198.609</ele>
        <time>2025-05-15T08:41:11.604Z</time>
      </trkpt>
      <trkpt lat="42.880258" lon="-8.559410">
        <ele>198.274</ele>
        <time>2025-05-15T08:41:16.604Z</time>
      </trkpt>
      <trkpt lat="42.880225" lon="-8.559453">
        <ele>198.383</ele>
        <time>2025-05-15T08:41:20.604Z</time>
      </trkpt>
      <trkpt lat="42.880177" lon="-8.559453">
        <ele>197.665</ele>
        <time>2025-05-15T08:41:36.604Z</time>
      </trkpt>
      <trkpt lat="42.880132" lon="-8.559428">
        <ele>196.877</ele>
        <time>2025-05-15T08:41:40.604Z</time>
      </trkpt>
      <trkpt lat="42.880088" lon="-8.559409">
        <ele>196.021</ele>
        <time>2025-05-15T08:41:43.604Z</time>
      </trkpt>
      <trkpt lat="42.880037" lon="-8.559428">
        <ele>195.552</ele>
        <time>2025-05-15T08:41:47.604Z</time>
      </trkpt>
      <trkpt lat="42.879997" lon="-8.559481">
        <ele>195.343</ele>
        <time>2025-05-15T08:41:52.603Z</time>
      </trkpt>
      <trkpt lat="42.879955" lon="-8.559505">
        <ele>195.295</ele>
        <time>2025-05-15T08:41:57.604Z</time>
      </trkpt>
      <trkpt lat="42.879910" lon="-8.559543">
        <ele>195.298</ele>
        <time>2025-05-15T08:42:02.604Z</time>
      </trkpt>
      <trkpt lat="42.879871" lon="-8.559576">
        <ele>195.094</ele>
        <time>2025-05-15T08:42:06.604Z</time>
      </trkpt>
      <trkpt lat="42.879832" lon="-8.559611">
        <ele>194.957</ele>
        <time>2025-05-15T08:42:10.604Z</time>
      </trkpt>
      <trkpt lat="42.879785" lon="-8.559619">
        <ele>194.522</ele>
        <time>2025-05-15T08:42:14.604Z</time>
      </trkpt>
      <trkpt lat="42.879736" lon="-8.559625">
        <ele>194.109</ele>
        <time>2025-05-15T08:42:18.604Z</time>
      </trkpt>
      <trkpt lat="42.879703" lon="-8.559667">
        <ele>194.051</ele>
        <time>2025-05-15T08:42:22.604Z</time>
      </trkpt>
      <trkpt lat="42.879666" lon="-8.559722">
        <ele>194.030</ele>
        <time>2025-05-15T08:42:27.604Z</time>
      </trkpt>
      <trkpt lat="42.879712" lon="-8.559740">
        <ele>194.242</ele>
        <time>2025-05-15T08:42:30.604Z</time>
      </trkpt>
      <trkpt lat="42.879754" lon="-8.559714">
        <ele>194.384</ele>
        <time>2025-05-15T08:42:35.604Z</time>
      </trkpt>
      <trkpt lat="42.879688" lon="-8.559730">
        <ele>194.148</ele>
        <time>2025-05-15T08:43:06.604Z</time>
      </trkpt>
      <trkpt lat="42.879645" lon="-8.559784">
        <ele>194.539</ele>
        <time>2025-05-15T08:43:10.604Z</time>
      </trkpt>
      <trkpt lat="42.879616" lon="-8.559837">
        <ele>194.910</ele>
        <time>2025-05-15T08:43:14.604Z</time>
      </trkpt>
      <trkpt lat="42.879585" lon="-8.559891">
        <ele>195.262</ele>
        <time>2025-05-15T08:43:18.604Z</time>
      </trkpt>
      <trkpt lat="42.879552" lon="-8.559954">
        <ele>195.515</ele>
        <time>2025-05-15T08:43:22.604Z</time>
      </trkpt>
      <trkpt lat="42.879509" lon="-8.559989">
        <ele>195.473</ele>
        <time>2025-05-15T08:43:26.604Z</time>
      </trkpt>
      <trkpt lat="42.879469" lon="-8.560034">
        <ele>195.385</ele>
        <time>2025-05-15T08:43:30.604Z</time>
      </trkpt>
      <trkpt lat="42.879460" lon="-8.560102">
        <ele>195.513</ele>
        <time>2025-05-15T08:43:34.604Z</time>
      </trkpt>
      <trkpt lat="42.879421" lon="-8.560150">
        <ele>195.409</ele>
        <time>2025-05-15T08:43:39.604Z</time>
      </trkpt>
      <trkpt lat="42.879394" lon="-8.560210">
        <ele>195.469</ele>
        <time>2025-05-15T08:43:44.604Z</time>
      </trkpt>
      <trkpt lat="42.879370" lon="-8.560266">
        <ele>195.468</ele>
        <time>2025-05-15T08:43:49.604Z</time>
      </trkpt>
      <trkpt lat="42.879354" lon="-8.560325">
        <ele>195.330</ele>
        <time>2025-05-15T08:43:54.604Z</time>
      </trkpt>
      <trkpt lat="42.879305" lon="-8.560353">
        <ele>194.782</ele>
        <time>2025-05-15T08:43:59.604Z</time>
      </trkpt>
      <trkpt lat="42.879264" lon="-8.560403">
        <ele>194.036</ele>
        <time>2025-05-15T08:44:04.604Z</time>
      </trkpt>
      <trkpt lat="42.879220" lon="-8.560425">
        <ele>193.247</ele>
        <time>2025-05-15T08:44:08.604Z</time>
      </trkpt>
      <trkpt lat="42.879169" lon="-8.560437">
        <ele>192.388</ele>
        <time>2025-05-15T08:44:12.604Z</time>
      </trkpt>
      <trkpt lat="42.879114" lon="-8.560439">
        <ele>193.230</ele>
        <time>2025-05-15T08:44:17.604Z</time>
      </trkpt>
      <trkpt lat="42.879067" lon="-8.560432">
        <ele>194.163</ele>
        <time>2025-05-15T08:44:22.604Z</time>
      </trkpt>
      <trkpt lat="42.879019" lon="-8.560417">
        <ele>195.217</ele>
        <time>2025-05-15T08:44:27.604Z</time>
      </trkpt>
      <trkpt lat="42.878966" lon="-8.560405">
        <ele>196.387</ele>
        <time>2025-05-15T08:44:32.604Z</time>
      </trkpt>
      <trkpt lat="42.878936" lon="-8.560466">
        <ele>195.815</ele>
        <time>2025-05-15T08:44:38.604Z</time>
      </trkpt>
      <trkpt lat="42.878924" lon="-8.560529">
        <ele>194.909</ele>
        <time>2025-05-15T08:44:42.604Z</time>
      </trkpt>
      <trkpt lat="42.878884" lon="-8.560585">
        <ele>194.883</ele>
        <time>2025-05-15T08:44:46.604Z</time>
      </trkpt>
      <trkpt lat="42.878876" lon="-8.560656">
        <ele>194.282</ele>
        <time>2025-05-15T08:44:50.604Z</time>
      </trkpt>
      <trkpt lat="42.878872" lon="-8.560725">
        <ele>193.424</ele>
        <time>2025-05-15T08:44:54.604Z</time>
      </trkpt>
      <trkpt lat="42.878852" lon="-8.560790">
        <ele>193.676</ele>
        <time>2025-05-15T08:45:00.604Z</time>
      </trkpt>
      <trkpt lat="42.878832" lon="-8.560862">
        <ele>194.080</ele>
        <time>2025-05-15T08:45:07.604Z</time>
      </trkpt>
      <trkpt lat="42.878806" lon="-8.560916">
        <ele>195.281</ele>
        <time>2025-05-15T08:45:10.604Z</time>
      </trkpt>
      <trkpt lat="42.878771" lon="-8.560977">
        <ele>196.762</ele>
        <time>2025-05-15T08:45:14.604Z</time>
      </trkpt>
      <trkpt lat="42.878747" lon="-8.561037">
        <ele>197.574</ele>
        <time>2025-05-15T08:45:18.604Z</time>
      </trkpt>
      <trkpt lat="42.878733" lon="-8.561103">
        <ele>197.877</ele>
        <time>2025-05-15T08:45:22.604Z</time>
      </trkpt>
      <trkpt lat="42.878685" lon="-8.561135">
        <ele>199.426</ele>
        <time>2025-05-15T08:45:27.604Z</time>
      </trkpt>
      <trkpt lat="42.878652" lon="-8.561189">
        <ele>199.747</ele>
        <time>2025-05-15T08:45:31.604Z</time>
      </trkpt>
      <trkpt lat="42.878628" lon="-8.561243">
        <ele>199.511</ele>
        <time>2025-05-15T08:45:35.604Z</time>
      </trkpt>
      <trkpt lat="42.878613" lon="-8.561318">
        <ele>198.509</ele>
        <time>2025-05-15T08:45:39.604Z</time>
      </trkpt>
      <trkpt lat="42.878619" lon="-8.561395">
        <ele>196.714</ele>
        <time>2025-05-15T08:45:43.604Z</time>
      </trkpt>
      <trkpt lat="42.878588" lon="-8.561458">
        <ele>197.033</ele>
        <time>2025-05-15T08:45:48.604Z</time>
      </trkpt>
      <trkpt lat="42.878560" lon="-8.561513">
        <ele>197.335</ele>
        <time>2025-05-15T08:45:52.604Z</time>
      </trkpt>
      <trkpt lat="42.878524" lon="-8.561476">
        <ele>199.057</ele>
        <time>2025-05-15T08:45:55.604Z</time>
      </trkpt>
      <trkpt lat="42.878492" lon="-8.561521">
        <ele>199.581</ele>
        <time>2025-05-15T08:46:00.604Z</time>
      </trkpt>
      <trkpt lat="42.878462" lon="-8.561580">
        <ele>199.612</ele>
        <time>2025-05-15T08:46:06.604Z</time>
      </trkpt>
      <trkpt lat="42.878443" lon="-8.561650">
        <ele>199.183</ele>
        <time>2025-05-15T08:46:11.604Z</time>
      </trkpt>
      <trkpt lat="42.878424" lon="-8.561712">
        <ele>198.895</ele>
        <time>2025-05-15T08:46:20.605Z</time>
      </trkpt>
      <trkpt lat="42.878372" lon="-8.561722">
        <ele>200.058</ele>
        <time>2025-05-15T08:46:38.605Z</time>
      </trkpt>
      <trkpt lat="42.878331" lon="-8.561774">
        <ele>200.129</ele>
        <time>2025-05-15T08:46:52.605Z</time>
      </trkpt>
      <trkpt lat="42.878303" lon="-8.561826">
        <ele>199.500</ele>
        <time>2025-05-15T08:46:56.605Z</time>
      </trkpt>
      <trkpt lat="42.878251" lon="-8.561852">
        <ele>199.620</ele>
        <time>2025-05-15T08:47:02.605Z</time>
      </trkpt>
      <trkpt lat="42.878205" lon="-8.561849">
        <ele>200.109</ele>
        <time>2025-05-15T08:47:06.605Z</time>
      </trkpt>
      <trkpt lat="42.878154" lon="-8.561858">
        <ele>200.554</ele>
        <time>2025-05-15T08:47:11.605Z</time>
      </trkpt>
      <trkpt lat="42.878102" lon="-8.561876">
        <ele>200.773</ele>
        <time>2025-05-15T08:47:17.605Z</time>
      </trkpt>
      <trkpt lat="42.878097" lon="-8.561802">
        <ele>202.185</ele>
        <time>2025-05-15T08:47:23.605Z</time>
      </trkpt>
      <trkpt lat="42.878052" lon="-8.561788">
        <ele>202.877</ele>
        <time>2025-05-15T08:47:28.605Z</time>
      </trkpt>
      <trkpt lat="42.878001" lon="-8.561801">
        <ele>202.911</ele>
        <time>2025-05-15T08:47:33.605Z</time>
      </trkpt>
      <trkpt lat="42.877991" lon="-8.561872">
        <ele>201.712</ele>
        <time>2025-05-15T08:47:48.605Z</time>
      </trkpt>
      <trkpt lat="42.877964" lon="-8.561931">
        <ele>200.993</ele>
        <time>2025-05-15T08:47:51.605Z</time>
      </trkpt>
      <trkpt lat="42.877943" lon="-8.561994">
        <ele>199.965</ele>
        <time>2025-05-15T08:47:54.605Z</time>
      </trkpt>
      <trkpt lat="42.877932" lon="-8.562060">
        <ele>198.898</ele>
        <time>2025-05-15T08:47:58.605Z</time>
      </trkpt>
      <trkpt lat="42.877916" lon="-8.562132">
        <ele>197.679</ele>
        <time>2025-05-15T08:48:02.605Z</time>
      </trkpt>
      <trkpt lat="42.877897" lon="-8.562192">
        <ele>196.705</ele>
        <time>2025-05-15T08:48:06.605Z</time>
      </trkpt>
      <trkpt lat="42.877934" lon="-8.562142">
        <ele>197.325</ele>
        <time>2025-05-15T08:48:17.605Z</time>
      </trkpt>
      <trkpt lat="42.877936" lon="-8.562207">
        <ele>196.109</ele>
        <time>2025-05-15T08:48:58.605Z</time>
      </trkpt>
      <trkpt lat="42.877913" lon="-8.562269">
        <ele>195.189</ele>
        <time>2025-05-15T08:49:17.605Z</time>
      </trkpt>
      <trkpt lat="42.877896" lon="-8.562336">
        <ele>193.978</ele>
        <time>2025-05-15T08:49:22.605Z</time>
      </trkpt>
      <trkpt lat="42.877872" lon="-8.562389">
        <ele>192.980</ele>
        <time>2025-05-15T08:49:26.605Z</time>
      </trkpt>
      <trkpt lat="42.877843" lon="-8.562440">
        <ele>192.082</ele>
        <time>2025-05-15T08:49:30.605Z</time>
      </trkpt>
      <trkpt lat="42.877829" lon="-8.562500">
        <ele>190.886</ele>
        <time>2025-05-15T08:49:34.605Z</time>
      </trkpt>
      <trkpt lat="42.877819" lon="-8.562561">
        <ele>189.887</ele>
        <time>2025-05-15T08:49:38.605Z</time>
      </trkpt>
      <trkpt lat="42.877817" lon="-8.562637">
        <ele>188.468</ele>
        <time>2025-05-15T08:49:43.605Z</time>
      </trkpt>
      <trkpt lat="42.877815" lon="-8.562704">
        <ele>187.230</ele>
        <time>2025-05-15T08:49:47.605Z</time>
      </trkpt>
      <trkpt lat="42.877824" lon="-8.562765">
        <ele>186.193</ele>
        <time>2025-05-15T08:49:51.605Z</time>
      </trkpt>
      <trkpt lat="42.877864" lon="-8.562793">
        <ele>185.575</ele>
        <time>2025-05-15T08:49:56.605Z</time>
      </trkpt>
      <trkpt lat="42.877864" lon="-8.562864">
        <ele>184.628</ele>
        <time>2025-05-15T08:50:01.605Z</time>
      </trkpt>
      <trkpt lat="42.877859" lon="-8.562928">
        <ele>183.920</ele>
        <time>2025-05-15T08:50:05.605Z</time>
      </trkpt>
      <trkpt lat="42.877868" lon="-8.562988">
        <ele>183.109</ele>
        <time>2025-05-15T08:50:09.605Z</time>
      </trkpt>
      <trkpt lat="42.877871" lon="-8.563050">
        <ele>182.439</ele>
        <time>2025-05-15T08:50:13.604Z</time>
      </trkpt>
      <trkpt lat="42.877863" lon="-8.563112">
        <ele>182.288</ele>
        <time>2025-05-15T08:50:17.605Z</time>
      </trkpt>
      <trkpt lat="42.877853" lon="-8.563183">
        <ele>181.940</ele>
        <time>2025-05-15T08:50:22.605Z</time>
      </trkpt>
      <trkpt lat="42.877878" lon="-8.563247">
        <ele>181.972</ele>
        <time>2025-05-15T08:50:27.605Z</time>
      </trkpt>
      <trkpt lat="42.877890" lon="-8.563319">
        <ele>181.896</ele>
        <time>2025-05-15T08:50:32.604Z</time>
      </trkpt>
      <trkpt lat="42.877897" lon="-8.563380">
        <ele>182.387</ele>
        <time>2025-05-15T08:50:36.605Z</time>
      </trkpt>
      <trkpt lat="42.877849" lon="-8.563416">
        <ele>182.288</ele>
        <time>2025-05-15T08:50:43.605Z</time>
      </trkpt>
      <trkpt lat="42.877800" lon="-8.563393">
        <ele>181.670</ele>
        <time>2025-05-15T08:50:51.605Z</time>
      </trkpt>
      <trkpt lat="42.877752" lon="-8.563395">
        <ele>181.473</ele>
        <time>2025-05-15T08:50:56.605Z</time>
      </trkpt>
      <trkpt lat="42.877711" lon="-8.563357">
        <ele>181.114</ele>
        <time>2025-05-15T08:51:04.605Z</time>
      </trkpt>
      <trkpt lat="42.877671" lon="-8.563309">
        <ele>181.154</ele>
        <time>2025-05-15T08:51:17.605Z</time>
      </trkpt>
      <trkpt lat="42.877621" lon="-8.563273">
        <ele>181.309</ele>
        <time>2025-05-15T08:51:22.605Z</time>
      </trkpt>
      <trkpt lat="42.877566" lon="-8.563266">
        <ele>181.409</ele>
        <time>2025-05-15T08:51:26.605Z</time>
      </trkpt>
      <trkpt lat="42.877521" lon="-8.563250">
        <ele>181.633</ele>
        <time>2025-05-15T08:51:30.605Z</time>
      </trkpt>
      <trkpt lat="42.877476" lon="-8.563244">
        <ele>181.952</ele>
        <time>2025-05-15T08:51:35.605Z</time>
      </trkpt>
      <trkpt lat="42.877428" lon="-8.563252">
        <ele>182.374</ele>
        <time>2025-05-15T08:51:39.605Z</time>
      </trkpt>
      <trkpt lat="42.877375" lon="-8.563257">
        <ele>182.726</ele>
        <time>2025-05-15T08:51:43.605Z</time>
      </trkpt>
      <trkpt lat="42.877328" lon="-8.563256">
        <ele>183.110</ele>
        <time>2025-05-15T08:51:47.605Z</time>
      </trkpt>
      <trkpt lat="42.877279" lon="-8.563258">
        <ele>183.671</ele>
        <time>2025-05-15T08:51:52.607Z</time>
      </trkpt>
      <trkpt lat="42.877233" lon="-8.563265">
        <ele>183.972</ele>
        <time>2025-05-15T08:51:56.606Z</time>
      </trkpt>
      <trkpt lat="42.877180" lon="-8.563257">
        <ele>184.684</ele>
        <time>2025-05-15T08:52:01.606Z</time>
      </trkpt>
      <trkpt lat="42.877128" lon="-8.563287">
        <ele>184.937</ele>
        <time>2025-05-15T08:52:06.606Z</time>
      </trkpt>
      <trkpt lat="42.877078" lon="-8.563318">
        <ele>185.225</ele>
        <time>2025-05-15T08:52:11.606Z</time>
      </trkpt>
      <trkpt lat="42.877030" lon="-8.563357">
        <ele>185.726</ele>
        <time>2025-05-15T08:52:16.606Z</time>
      </trkpt>
      <trkpt lat="42.876985" lon="-8.563377">
        <ele>186.308</ele>
        <time>2025-05-15T08:52:20.606Z</time>
      </trkpt>
      <trkpt lat="42.876943" lon="-8.563417">
        <ele>186.709</ele>
        <time>2025-05-15T08:52:24.606Z</time>
      </trkpt>
      <trkpt lat="42.876916" lon="-8.563471">
        <ele>186.714</ele>
        <time>2025-05-15T08:52:28.606Z</time>
      </trkpt>
      <trkpt lat="42.876905" lon="-8.563534">
        <ele>186.513</ele>
        <time>2025-05-15T08:53:02.606Z</time>
      </trkpt>
      <trkpt lat="42.876872" lon="-8.563593">
        <ele>186.625</ele>
        <time>2025-05-15T08:53:07.606Z</time>
      </trkpt>
      <trkpt lat="42.876831" lon="-8.563625">
        <ele>186.977</ele>
        <time>2025-05-15T08:53:13.606Z</time>
      </trkpt>
      <trkpt lat="42.876774" lon="-8.563634">
        <ele>187.321</ele>
        <time>2025-05-15T08:53:18.606Z</time>
      </trkpt>
      <trkpt lat="42.876720" lon="-8.563633">
        <ele>187.772</ele>
        <time>2025-05-15T08:53:22.606Z</time>
      </trkpt>
      <trkpt lat="42.876675" lon="-8.563646">
        <ele>188.153</ele>
        <time>2025-05-15T08:53:27.606Z</time>
      </trkpt>
      <trkpt lat="42.876623" lon="-8.563631">
        <ele>188.285</ele>
        <time>2025-05-15T08:53:32.606Z</time>
      </trkpt>
      <trkpt lat="42.876575" lon="-8.563614">
        <ele>188.398</ele>
        <time>2025-05-15T08:53:36.606Z</time>
      </trkpt>
      <trkpt lat="42.876524" lon="-8.563627">
        <ele>188.514</ele>
        <time>2025-05-15T08:53:40.606Z</time>
      </trkpt>
      <trkpt lat="42.876475" lon="-8.563618">
        <ele>188.754</ele>
        <time>2025-05-15T08:53:44.606Z</time>
      </trkpt>
      <trkpt lat="42.876421" lon="-8.563613">
        <ele>188.909</ele>
        <time>2025-05-15T08:53:48.606Z</time>
      </trkpt>
      <trkpt lat="42.876368" lon="-8.563608">
        <ele>188.609</ele>
        <time>2025-05-15T08:53:53.606Z</time>
      </trkpt>
      <trkpt lat="42.876315" lon="-8.563612">
        <ele>187.793</ele>
        <time>2025-05-15T08:53:58.606Z</time>
      </trkpt>
      <trkpt lat="42.876264" lon="-8.563645">
        <ele>186.672</ele>
        <time>2025-05-15T08:54:03.606Z</time>
      </trkpt>
      <trkpt lat="42.876227" lon="-8.563695">
        <ele>185.774</ele>
        <time>2025-05-15T08:54:08.606Z</time>
      </trkpt>
      <trkpt lat="42.876177" lon="-8.563721">
        <ele>184.786</ele>
        <time>2025-05-15T08:54:13.606Z</time>
      </trkpt>
      <trkpt lat="42.876132" lon="-8.563759">
        <ele>183.840</ele>
        <time>2025-05-15T08:54:17.606Z</time>
      </trkpt>
      <trkpt lat="42.876089" lon="-8.563793">
        <ele>183.271</ele>
        <time>2025-05-15T08:54:24.606Z</time>
      </trkpt>
      <trkpt lat="42.876037" lon="-8.563826">
        <ele>182.872</ele>
        <time>2025-05-15T08:54:29.606Z</time>
      </trkpt>
      <trkpt lat="42.875993" lon="-8.563844">
        <ele>182.484</ele>
        <time>2025-05-15T08:54:33.606Z</time>
      </trkpt>
      <trkpt lat="42.875947" lon="-8.563886">
        <ele>181.847</ele>
        <time>2025-05-15T08:54:38.606Z</time>
      </trkpt>
      <trkpt lat="42.875908" lon="-8.563916">
        <ele>181.564</ele>
        <time>2025-05-15T08:54:42.606Z</time>
      </trkpt>
      <trkpt lat="42.875860" lon="-8.563954">
        <ele>181.006</ele>
        <time>2025-05-15T08:54:47.606Z</time>
      </trkpt>
      <trkpt lat="42.875813" lon="-8.563965">
        <ele>180.916</ele>
        <time>2025-05-15T08:54:51.606Z</time>
      </trkpt>
      <trkpt lat="42.875763" lon="-8.563976">
        <ele>181.409</ele>
        <time>2025-05-15T08:54:56.606Z</time>
      </trkpt>
      <trkpt lat="42.875721" lon="-8.564003">
        <ele>181.618</ele>
        <time>2025-05-15T08:55:00.606Z</time>
      </trkpt>
      <trkpt lat="42.875708" lon="-8.564063">
        <ele>181.427</ele>
        <time>2025-05-15T08:55:05.606Z</time>
      </trkpt>
      <trkpt lat="42.875663" lon="-8.564075">
        <ele>181.839</ele>
        <time>2025-05-15T08:55:10.606Z</time>
      </trkpt>
      <trkpt lat="42.875617" lon="-8.564106">
        <ele>181.951</ele>
        <time>2025-05-15T08:55:16.606Z</time>
      </trkpt>
      <trkpt lat="42.875572" lon="-8.564143">
        <ele>182.015</ele>
        <time>2025-05-15T08:55:21.606Z</time>
      </trkpt>
      <trkpt lat="42.875529" lon="-8.564184">
        <ele>181.826</ele>
        <time>2025-05-15T08:55:25.606Z</time>
      </trkpt>
      <trkpt lat="42.875489" lon="-8.564225">
        <ele>181.637</ele>
        <time>2025-05-15T08:55:29.606Z</time>
      </trkpt>
      <trkpt lat="42.875444" lon="-8.564251">
        <ele>181.369</ele>
        <time>2025-05-15T08:55:33.606Z</time>
      </trkpt>
      <trkpt lat="42.875393" lon="-8.564275">
        <ele>181.092</ele>
        <time>2025-05-15T08:55:38.606Z</time>
      </trkpt>
      <trkpt lat="42.875348" lon="-8.564305">
        <ele>180.831</ele>
        <time>2025-05-15T08:55:42.606Z</time>
      </trkpt>
      <trkpt lat="42.875307" lon="-8.564339">
        <ele>180.561</ele>
        <time>2025-05-15T08:55:46.606Z</time>
      </trkpt>
      <trkpt lat="42.875270" lon="-8.564379">
        <ele>180.207</ele>
        <time>2025-05-15T08:55:50.606Z</time>
      </trkpt>
      <trkpt lat="42.875229" lon="-8.564406">
        <ele>180.209</ele>
        <time>2025-05-15T08:55:54.606Z</time>
      </trkpt>
      <trkpt lat="42.875182" lon="-8.564403">
        <ele>180.325</ele>
        <time>2025-05-15T08:55:59.606Z</time>
      </trkpt>
      <trkpt lat="42.875134" lon="-8.564416">
        <ele>180.254</ele>
        <time>2025-05-15T08:56:03.606Z</time>
      </trkpt>
      <trkpt lat="42.875090" lon="-8.564445">
        <ele>180.076</ele>
        <time>2025-05-15T08:56:07.606Z</time>
      </trkpt>
      <trkpt lat="42.875049" lon="-8.564487">
        <ele>180.098</ele>
        <time>2025-05-15T08:56:12.606Z</time>
      </trkpt>
      <trkpt lat="42.875009" lon="-8.564518">
        <ele>180.072</ele>
        <time>2025-05-15T08:56:16.606Z</time>
      </trkpt>
      <trkpt lat="42.874963" lon="-8.564532">
        <ele>179.863</ele>
        <time>2025-05-15T08:56:20.606Z</time>
      </trkpt>
      <trkpt lat="42.874913" lon="-8.564560">
        <ele>179.644</ele>
        <time>2025-05-15T08:56:25.606Z</time>
      </trkpt>
      <trkpt lat="42.874866" lon="-8.564582">
        <ele>179.316</ele>
        <time>2025-05-15T08:56:29.606Z</time>
      </trkpt>
      <trkpt lat="42.874817" lon="-8.564617">
        <ele>178.979</ele>
        <time>2025-05-15T08:56:33.606Z</time>
      </trkpt>
      <trkpt lat="42.874777" lon="-8.564649">
        <ele>178.657</ele>
        <time>2025-05-15T08:56:37.606Z</time>
      </trkpt>
      <trkpt lat="42.874739" lon="-8.564685">
        <ele>178.200</ele>
        <time>2025-05-15T08:56:41.606Z</time>
      </trkpt>
      <trkpt lat="42.874697" lon="-8.564728">
        <ele>177.920</ele>
        <time>2025-05-15T08:56:46.606Z</time>
      </trkpt>
      <trkpt lat="42.874651" lon="-8.564773">
        <ele>177.909</ele>
        <time>2025-05-15T08:56:51.606Z</time>
      </trkpt>
      <trkpt lat="42.874605" lon="-8.564806">
        <ele>177.827</ele>
        <time>2025-05-15T08:56:55.606Z</time>
      </trkpt>
      <trkpt lat="42.874563" lon="-8.564839">
        <ele>177.746</ele>
        <time>2025-05-15T08:56:59.606Z</time>
      </trkpt>
      <trkpt lat="42.874519" lon="-8.564851">
        <ele>177.558</ele>
        <time>2025-05-15T08:57:03.606Z</time>
      </trkpt>
      <trkpt lat="42.874467" lon="-8.564850">
        <ele>177.190</ele>
        <time>2025-05-15T08:57:08.607Z</time>
      </trkpt>
      <trkpt lat="42.874414" lon="-8.564853">
        <ele>176.854</ele>
        <time>2025-05-15T08:57:13.607Z</time>
      </trkpt>
      <trkpt lat="42.874366" lon="-8.564849">
        <ele>176.615</ele>
        <time>2025-05-15T08:57:18.607Z</time>
      </trkpt>
      <trkpt lat="42.874323" lon="-8.564820">
        <ele>176.326</ele>
        <time>2025-05-15T08:57:22.607Z</time>
      </trkpt>
      <trkpt lat="42.874278" lon="-8.564792">
        <ele>175.928</ele>
        <time>2025-05-15T08:57:26.607Z</time>
      </trkpt>
      <trkpt lat="42.874242" lon="-8.564839">
        <ele>176.181</ele>
        <time>2025-05-15T08:57:29.607Z</time>
      </trkpt>
      <trkpt lat="42.874215" lon="-8.564889">
        <ele>176.412</ele>
        <time>2025-05-15T08:57:32.607Z</time>
      </trkpt>
      <trkpt lat="42.874172" lon="-8.564914">
        <ele>176.432</ele>
        <time>2025-05-15T08:57:36.607Z</time>
      </trkpt>
      <trkpt lat="42.874117" lon="-8.564903">
        <ele>176.505</ele>
        <time>2025-05-15T08:57:41.607Z</time>
      </trkpt>
      <trkpt lat="42.874066" lon="-8.564874">
        <ele>176.509</ele>
        <time>2025-05-15T08:57:46.607Z</time>
      </trkpt>
      <trkpt lat="42.874031" lon="-8.564833">
        <ele>176.333</ele>
        <time>2025-05-15T08:57:50.607Z</time>
      </trkpt>
      <trkpt lat="42.873994" lon="-8.564791">
        <ele>176.172</ele>
        <time>2025-05-15T08:57:54.607Z</time>
      </trkpt>
      <trkpt lat="42.873958" lon="-8.564742">
        <ele>175.974</ele>
        <time>2025-05-15T08:57:59.607Z</time>
      </trkpt>
      <trkpt lat="42.873923" lon="-8.564699">
        <ele>175.876</ele>
        <time>2025-05-15T08:58:03.607Z</time>
      </trkpt>
      <trkpt lat="42.873896" lon="-8.564646">
        <ele>175.740</ele>
        <time>2025-05-15T08:58:07.607Z</time>
      </trkpt>
      <trkpt lat="42.873872" lon="-8.564590">
        <ele>175.731</ele>
        <time>2025-05-15T08:58:29.607Z</time>
      </trkpt>
      <trkpt lat="42.873827" lon="-8.564575">
        <ele>176.172</ele>
        <time>2025-05-15T08:58:43.607Z</time>
      </trkpt>
      <trkpt lat="42.873828" lon="-8.564510">
        <ele>175.954</ele>
        <time>2025-05-15T08:58:53.607Z</time>
      </trkpt>
      <trkpt lat="42.873777" lon="-8.564506">
        <ele>176.497</ele>
        <time>2025-05-15T08:58:58.607Z</time>
      </trkpt>
      <trkpt lat="42.873732" lon="-8.564516">
        <ele>177.028</ele>
        <time>2025-05-15T08:59:02.607Z</time>
      </trkpt>
      <trkpt lat="42.873689" lon="-8.564541">
        <ele>177.589</ele>
        <time>2025-05-15T08:59:05.607Z</time>
      </trkpt>
      <trkpt lat="42.873651" lon="-8.564579">
        <ele>178.117</ele>
        <time>2025-05-15T08:59:08.607Z</time>
      </trkpt>
      <trkpt lat="42.873605" lon="-8.564620">
        <ele>178.709</ele>
        <time>2025-05-15T08:59:12.607Z</time>
      </trkpt>
      <trkpt lat="42.873559" lon="-8.564658">
        <ele>179.094</ele>
        <time>2025-05-15T08:59:16.607Z</time>
      </trkpt>
      <trkpt lat="42.873510" lon="-8.564692">
        <ele>179.323</ele>
        <time>2025-05-15T08:59:20.607Z</time>
      </trkpt>
      <trkpt lat="42.873475" lon="-8.564743">
        <ele>179.525</ele>
        <time>2025-05-15T08:59:24.607Z</time>
      </trkpt>
      <trkpt lat="42.873436" lon="-8.564789">
        <ele>179.617</ele>
        <time>2025-05-15T08:59:29.607Z</time>
      </trkpt>
      <trkpt lat="42.873398" lon="-8.564845">
        <ele>179.811</ele>
        <time>2025-05-15T08:59:34.607Z</time>
      </trkpt>
      <trkpt lat="42.873361" lon="-8.564896">
        <ele>179.922</ele>
        <time>2025-05-15T08:59:39.607Z</time>
      </trkpt>
      <trkpt lat="42.873347" lon="-8.564955">
        <ele>180.083</ele>
        <time>2025-05-15T08:59:43.607Z</time>
      </trkpt>
      <trkpt lat="42.873331" lon="-8.565014">
        <ele>180.095</ele>
        <time>2025-05-15T08:59:47.607Z</time>
      </trkpt>
      <trkpt lat="42.873296" lon="-8.565075">
        <ele>180.178</ele>
        <time>2025-05-15T08:59:52.607Z</time>
      </trkpt>
      <trkpt lat="42.873268" lon="-8.565127">
        <ele>180.084</ele>
        <time>2025-05-15T08:59:56.607Z</time>
      </trkpt>
      <trkpt lat="42.873230" lon="-8.565176">
        <ele>179.907</ele>
        <time>2025-05-15T09:00:00.607Z</time>
      </trkpt>
      <trkpt lat="42.873180" lon="-8.565210">
        <ele>179.717</ele>
        <time>2025-05-15T09:00:04.607Z</time>
      </trkpt>
      <trkpt lat="42.873139" lon="-8.565255">
        <ele>179.409</ele>
        <time>2025-05-15T09:00:08.607Z</time>
      </trkpt>
      <trkpt lat="42.873098" lon="-8.565296">
        <ele>179.270</ele>
        <time>2025-05-15T09:00:12.607Z</time>
      </trkpt>
      <trkpt lat="42.873081" lon="-8.565357">
        <ele>179.469</ele>
        <time>2025-05-15T09:00:16.607Z</time>
      </trkpt>
      <trkpt lat="42.873053" lon="-8.565406">
        <ele>179.561</ele>
        <time>2025-05-15T09:00:20.607Z</time>
      </trkpt>
      <trkpt lat="42.873037" lon="-8.565467">
        <ele>179.633</ele>
        <time>2025-05-15T09:00:24.607Z</time>
      </trkpt>
      <trkpt lat="42.872993" lon="-8.565501">
        <ele>179.687</ele>
        <time>2025-05-15T09:00:28.607Z</time>
      </trkpt>
      <trkpt lat="42.872948" lon="-8.565529">
        <ele>179.698</ele>
        <time>2025-05-15T09:00:32.607Z</time>
      </trkpt>
      <trkpt lat="42.872906" lon="-8.565576">
        <ele>179.869</ele>
        <time>2025-05-15T09:00:37.607Z</time>
      </trkpt>
      <trkpt lat="42.872862" lon="-8.565619">
        <ele>180.311</ele>
        <time>2025-05-15T09:00:42.607Z</time>
      </trkpt>
      <trkpt lat="42.872820" lon="-8.565648">
        <ele>180.594</ele>
        <time>2025-05-15T09:00:46.607Z</time>
      </trkpt>
      <trkpt lat="42.872775" lon="-8.565687">
        <ele>180.925</ele>
        <time>2025-05-15T09:00:51.607Z</time>
      </trkpt>
      <trkpt lat="42.872728" lon="-8.565681">
        <ele>180.726</ele>
        <time>2025-05-15T09:00:55.607Z</time>
      </trkpt>
      <trkpt lat="42.872688" lon="-8.565729">
        <ele>181.208</ele>
        <time>2025-05-15T09:01:00.607Z</time>
      </trkpt>
      <trkpt lat="42.872650" lon="-8.565771">
        <ele>181.509</ele>
        <time>2025-05-15T09:01:05.607Z</time>
      </trkpt>
      <trkpt lat="42.872614" lon="-8.565832">
        <ele>181.814</ele>
        <time>2025-05-15T09:01:10.607Z</time>
      </trkpt>
      <trkpt lat="42.872569" lon="-8.565866">
        <ele>182.133</ele>
        <time>2025-05-15T09:01:14.606Z</time>
      </trkpt>
      <trkpt lat="42.872538" lon="-8.565911">
        <ele>182.745</ele>
        <time>2025-05-15T09:01:18.607Z</time>
      </trkpt>
      <trkpt lat="42.872492" lon="-8.565931">
        <ele>182.617</ele>
        <time>2025-05-15T09:01:22.607Z</time>
      </trkpt>
      <trkpt lat="42.872447" lon="-8.565942">
        <ele>182.231</ele>
        <time>2025-05-15T09:01:26.607Z</time>
      </trkpt>
      <trkpt lat="42.872401" lon="-8.565991">
        <ele>182.252</ele>
        <time>2025-05-15T09:01:30.607Z</time>
      </trkpt>
      <trkpt lat="42.872348" lon="-8.566022">
        <ele>181.653</ele>
        <time>2025-05-15T09:01:34.607Z</time>
      </trkpt>
      <trkpt lat="42.872303" lon="-8.566062">
        <ele>181.265</ele>
        <time>2025-05-15T09:01:38.607Z</time>
      </trkpt>
      <trkpt lat="42.872259" lon="-8.566091">
        <ele>180.648</ele>
        <time>2025-05-15T09:01:42.607Z</time>
      </trkpt>
      <trkpt lat="42.872208" lon="-8.566116">
        <ele>179.858</ele>
        <time>2025-05-15T09:01:46.607Z</time>
      </trkpt>
      <trkpt lat="42.872165" lon="-8.566149">
        <ele>179.552</ele>
        <time>2025-05-15T09:01:50.607Z</time>
      </trkpt>
      <trkpt lat="42.872118" lon="-8.566171">
        <ele>179.017</ele>
        <time>2025-05-15T09:01:54.607Z</time>
      </trkpt>
      <trkpt lat="42.872069" lon="-8.566182">
        <ele>178.309</ele>
        <time>2025-05-15T09:01:59.607Z</time>
      </trkpt>
      <trkpt lat="42.872019" lon="-8.566202">
        <ele>177.777</ele>
        <time>2025-05-15T09:02:04.607Z</time>
      </trkpt>
      <trkpt lat="42.871978" lon="-8.566239">
        <ele>177.456</ele>
        <time>2025-05-15T09:02:09.607Z</time>
      </trkpt>
      <trkpt lat="42.871925" lon="-8.566194">
        <ele>176.148</ele>
        <time>2025-05-15T09:02:39.607Z</time>
      </trkpt>
      <trkpt lat="42.871881" lon="-8.566233">
        <ele>176.240</ele>
        <time>2025-05-15T09:02:47.608Z</time>
      </trkpt>
      <trkpt lat="42.871849" lon="-8.566288">
        <ele>176.584</ele>
        <time>2025-05-15T09:02:52.608Z</time>
      </trkpt>
      <trkpt lat="42.871812" lon="-8.566336">
        <ele>176.635</ele>
        <time>2025-05-15T09:02:57.608Z</time>
      </trkpt>
      <trkpt lat="42.871774" lon="-8.566375">
        <ele>176.456</ele>
        <time>2025-05-15T09:03:02.608Z</time>
      </trkpt>
      <trkpt lat="42.871728" lon="-8.566410">
        <ele>176.418</ele>
        <time>2025-05-15T09:03:07.608Z</time>
      </trkpt>
      <trkpt lat="42.871680" lon="-8.566422">
        <ele>175.991</ele>
        <time>2025-05-15T09:03:13.608Z</time>
      </trkpt>
      <trkpt lat="42.871643" lon="-8.566473">
        <ele>176.684</ele>
        <time>2025-05-15T09:03:18.608Z</time>
      </trkpt>
      <trkpt lat="42.871614" lon="-8.566521">
        <ele>177.207</ele>
        <time>2025-05-15T09:03:23.608Z</time>
      </trkpt>
      <trkpt lat="42.871572" lon="-8.566559">
        <ele>177.317</ele>
        <time>2025-05-15T09:03:28.608Z</time>
      </trkpt>
      <trkpt lat="42.871549" lon="-8.566623">
        <ele>177.809</ele>
        <time>2025-05-15T09:03:33.608Z</time>
      </trkpt>
      <trkpt lat="42.871506" lon="-8.566674">
        <ele>177.610</ele>
        <time>2025-05-15T09:03:38.608Z</time>
      </trkpt>
      <trkpt lat="42.871460" lon="-8.566705">
        <ele>177.179</ele>
        <time>2025-05-15T09:03:43.608Z</time>
      </trkpt>
      <trkpt lat="42.871412" lon="-8.566726">
        <ele>176.251</ele>
        <time>2025-05-15T09:03:48.608Z</time>
      </trkpt>
      <trkpt lat="42.871372" lon="-8.566767">
        <ele>175.993</ele>
        <time>2025-05-15T09:03:53.608Z</time>
      </trkpt>
      <trkpt lat="42.871328" lon="-8.566800">
        <ele>175.787</ele>
        <time>2025-05-15T09:03:59.608Z</time>
      </trkpt>
      <trkpt lat="42.871342" lon="-8.566927">
        <ele>177.078</ele>
        <time>2025-05-15T09:04:14.608Z</time>
      </trkpt>
      <trkpt lat="42.871316" lon="-8.566993">
        <ele>177.359</ele>
        <time>2025-05-15T09:04:19.608Z</time>
      </trkpt>
      <trkpt lat="42.871290" lon="-8.567052">
        <ele>177.441</ele>
        <time>2025-05-15T09:04:23.608Z</time>
      </trkpt>
      <trkpt lat="42.871264" lon="-8.567104">
        <ele>177.364</ele>
        <time>2025-05-15T09:04:27.608Z</time>
      </trkpt>
      <trkpt lat="42.871249" lon="-8.567169">
        <ele>177.535</ele>
        <time>2025-05-15T09:04:32.608Z</time>
      </trkpt>
      <trkpt lat="42.871225" lon="-8.567236">
        <ele>177.486</ele>
        <time>2025-05-15T09:04:37.608Z</time>
      </trkpt>
      <trkpt lat="42.871196" lon="-8.567297">
        <ele>177.314</ele>
        <time>2025-05-15T09:04:41.608Z</time>
      </trkpt>
      <trkpt lat="42.871173" lon="-8.567364">
        <ele>177.409</ele>
        <time>2025-05-15T09:04:46.608Z</time>
      </trkpt>
      <trkpt lat="42.871157" lon="-8.567431">
        <ele>177.755</ele>
        <time>2025-05-15T09:04:51.608Z</time>
      </trkpt>
      <trkpt lat="42.871140" lon="-8.567489">
        <ele>177.854</ele>
        <time>2025-05-15T09:04:55.608Z</time>
      </trkpt>
      <trkpt lat="42.871116" lon="-8.567543">
        <ele>177.936</ele>
        <time>2025-05-15T09:04:59.608Z</time>
      </trkpt>
      <trkpt lat="42.871072" lon="-8.567585">
        <ele>178.058</ele>
        <time>2025-05-15T09:05:03.608Z</time>
      </trkpt>
      <trkpt lat="42.871021" lon="-8.567583">
        <ele>177.312</ele>
        <time>2025-05-15T09:05:07.608Z</time>
      </trkpt>
      <trkpt lat="42.870970" lon="-8.567571">
        <ele>176.583</ele>
        <time>2025-05-15T09:05:11.608Z</time>
      </trkpt>
      <trkpt lat="42.870928" lon="-8.567548">
        <ele>175.764</ele>
        <time>2025-05-15T09:05:15.608Z</time>
      </trkpt>
      <trkpt lat="42.870885" lon="-8.567513">
        <ele>174.736</ele>
        <time>2025-05-15T09:05:19.608Z</time>
      </trkpt>
      <trkpt lat="42.870842" lon="-8.567471">
        <ele>173.959</ele>
        <time>2025-05-15T09:05:23.608Z</time>
      </trkpt>
      <trkpt lat="42.870805" lon="-8.567425">
        <ele>173.883</ele>
        <time>2025-05-15T09:05:27.607Z</time>
      </trkpt>
      <trkpt lat="42.870769" lon="-8.567383">
        <ele>174.125</ele>
        <time>2025-05-15T09:05:30.607Z</time>
      </trkpt>
      <trkpt lat="42.870736" lon="-8.567332">
        <ele>174.517</ele>
        <time>2025-05-15T09:05:34.608Z</time>
      </trkpt>
      <trkpt lat="42.870702" lon="-8.567389">
        <ele>175.209</ele>
        <time>2025-05-15T09:05:41.608Z</time>
      </trkpt>
      <trkpt lat="42.870685" lon="-8.567457">
        <ele>175.580</ele>
        <time>2025-05-15T09:05:46.607Z</time>
      </trkpt>
      <trkpt lat="42.870678" lon="-8.567528">
        <ele>175.699</ele>
        <time>2025-05-15T09:05:51.608Z</time>
      </trkpt>
      <trkpt lat="42.870647" lon="-8.567576">
        <ele>175.791</ele>
        <time>2025-05-15T09:05:56.608Z</time>
      </trkpt>
      <trkpt lat="42.870627" lon="-8.567632">
        <ele>175.553</ele>
        <time>2025-05-15T09:06:01.608Z</time>
      </trkpt>
    </trkseg>
  </trk></gpx>