<?xml version="1.0" encoding="UTF-8"?>
<gpx creator="https://gpx.studio" version="1.1" xmlns="http://www.topografix.com/GPX/1/1" xmlns:xsi="http://www.w3.org/2001/XMLSchema-instance" xsi:schemaLocation="http://www.topografix.com/GPX/1/1 http://www.topografix.com/GPX/1/1/gpx.xsd http://www.garmin.com/xmlschemas/GpxExtensions/v3 http://www.garmin.com/xmlschemas/GpxExtensionsv3.xsd http://www.garmin.com/xmlschemas/TrackPointExtension/v1 http://www.garmin.com/xmlschemas/TrackPointExtensionv1.xsd http://www.garmin.com/xmlschemas/PowerExtension/v1 http://www.garmin.com/xmlschemas/PowerExtensionv1.xsd http://www.topografix.com/GPX/gpx_style/0/2 http://www.topografix.com/GPX/gpx_style/0/2/gpx_style.xsd" xmlns:gpxtpx="http://www.garmin.com/xmlschemas/TrackPointExtension/v1" xmlns:gpxx="http://www.garmin.com/xmlschemas/GpxExtensions/v3" xmlns:gpxpx="http://www.garmin.com/xmlschemas/PowerExtension/v1" xmlns:gpx_style="http://www.topografix.com/GPX/gpx_style/0/2">
  <metadata>
    <name>U6 - SAN LÁZARO - MONTE DO GOZO</name>
    <desc>Ruta que discurre entre San Lázaro y el Monte do Gozo.</desc>
    <author>
      <name>gpx.studio</name>
      <link href="https://gpx.studio"/>
    </author>
  </metadata>
  <wpt lat="42.886596" lon="-8.519826">
    <ele>292.006905456877</ele>
    <name>Capilla de San Lázaro</name>
    <cmt>Capilla de San Lázaro.</cmt>
    <desc>Capilla de San Lázaro.</desc>
    <sym>Building</sym>
  </wpt>
  <wpt lat="42.885230475515954" lon="-8.51724120592354">
    <ele>295.06885854083396</ele>
    <name>Parque infantil</name>
    <cmt>Parque infantil.</cmt>
    <desc>Parque infantil.</desc>
    <sym>Park</sym>
  </wpt>
  <wpt lat="42.88518" lon="-8.514495">
    <ele>291.57636788003185</ele>
    <name>Parque de San Lázaro</name>
    <cmt>Parque de San Lázaro.</cmt>
    <desc>Parque de San Lázaro.</desc>
    <sym>Park</sym>
  </wpt>
  <wpt lat="42.884608" lon="-8.513106">
    <ele>286.34345397397476</ele>
    <name>Estanque de San Lázaro</name>
    <cmt>Estanque de San Lázaro.</cmt>
    <desc>Estanque de San Lázaro.</desc>
    <sym>Drinking Water</sym>
  </wpt>
  <wpt lat="42.886043" lon="-8.512287">
    <ele>276.9752211506299</ele>
    <name>Parking Plaza de la Concordia</name>
    <cmt>Párking plaza de la concordia.</cmt>
    <desc>Párking plaza de la concordia.</desc>
    <sym>Parking Area</sym>
  </wpt>
  <wpt lat="42.885759" lon="-8.512739">
    <ele>278.4408840063931</ele>
    <name>Parque del Palacio de Congresos</name>
    <cmt>Parque del Palacio de Congresos.</cmt>
    <desc>Parque del Palacio de Congresos.</desc>
    <sym>Park</sym>
  </wpt>
  <wpt lat="42.886203" lon="-8.511494">
    <ele>277.1869949237123</ele>
    <name>Monumento Porta Itineris Sancti Iacobi</name>
    <cmt>Monumento Porta Itineris Sancti Iacobi.</cmt>
    <desc>Monumento Porta Itineris Sancti Iacobi.</desc>
    <sym>Scenic Area</sym>
  </wpt>
  <wpt lat="42.881701" lon="-8.510823">
    <ele>261.3670809239148</ele>
    <name>Río Sar</name>
    <cmt>Río Sar.</cmt>
    <desc>Río Sar.</desc>
    <sym>Water Source</sym>
  </wpt>
  <wpt lat="42.882885" lon="-8.509581">
    <ele>263.41133951149095</ele>
    <name>Molino de Paredes</name>
    <cmt>Molino de Paredes.</cmt>
    <desc>Molino de Paredes.</desc>
    <sym>Building</sym>
  </wpt>
  <wpt lat="42.882947" lon="-8.50887">
    <ele>263.75500742320526</ele>
    <name>Fuente de Paredes</name>
    <cmt>Fuente de Paredes.</cmt>
    <desc>Fuente de Paredes.</desc>
    <sym>Drinking Water</sym>
  </wpt>
  <wpt lat="42.882699" lon="-8.508022">
    <ele>265.8514036621905</ele>
    <name>Puente sobre autopista del Atlántico</name>
    <cmt>Puente sobre autopista del Atlántico.</cmt>
    <desc>Puente sobre autopista del Atlántico.</desc>
    <sym>Bridge</sym>
  </wpt>
  <wpt lat="42.884772" lon="-8.49553">
    <ele>349.6400025815896</ele>
    <name>Mirador a la Catedral</name>
    <cmt>Mirador a la Catedral.</cmt>
    <desc>Mirador a la Catedral.</desc>
    <sym>Scenic Area</sym>
  </wpt>
  <wpt lat="42.884634" lon="-8.494912">
    <ele>356.53062546848776</ele>
    <name>Monumento Año Dual España-Japón 2013-2014</name>
    <cmt>Monumento Año Dual España-Japón 2013-2014.</cmt>
    <desc>Monumento Año Dual España-Japón 2013-2014.</desc>
    <sym>Binoculars</sym>
  </wpt>
  <wpt lat="42.887497" lon="-8.493005">
    <ele>355.615777572967</ele>
    <name>Capilla de Santa Mariña do Camiño</name>
    <cmt>Capilla de Santa Mariña do Camiño.</cmt>
    <desc>Capilla de Santa Mariña do Camiño.</desc>
    <sym>Building</sym>
  </wpt>
  <wpt lat="0" lon="0">
    <ele>0</ele>
  </wpt>
  <wpt lat="42.889895" lon="-8.492932">
    <ele>370.73816727826215</ele>
    <name>Baños</name>
    <cmt>Baños.</cmt>
    <desc>Baños.</desc>
    <sym>Restroom</sym>
  </wpt>
  <wpt lat="42.88950328616889" lon="-8.494384167052601">
    <ele>372.8606039691301</ele>
    <name>Ermita de San Marcos</name>
    <cmt>Ermita de San Marcos.</cmt>
    <desc>Ermita de San Marcos.</desc>
    <sym>Building</sym>
  </wpt>
  <wpt lat="42.889246" lon="-8.493795">
    <ele>375.667292619644</ele>
    <name>Mirador</name>
    <cmt>Mirador.</cmt>
    <desc>Mirador.</desc>
    <sym>Scenic Area</sym>
  </wpt>
  <wpt lat="42.885947" lon="-8.498285">
    <ele>331.57636082950137</ele>
    <name>Piscinas del Monte del Gozo</name>
    <cmt>Piscinas del Monte del Gozo.</cmt>
    <desc>Piscinas del Monte del Gozo.</desc>
    <sym>Drinking Water</sym>
  </wpt>
  <wpt lat="42.884897" lon="-8.499243">
    <ele>318.71140205768415</ele>
    <name>Auditorio del Monte do Gozo</name>
    <cmt>Auditorio del Monte do Gozo.</cmt>
    <desc>Auditorio del Monte do Gozo.</desc>
    <sym>Binoculars</sym>
  </wpt>
  <wpt lat="42.886176" lon="-8.501008">
    <ele>324.9037831538441</ele>
    <name>Monumento al peregrino</name>
    <cmt>Monumento al peregrino.</cmt>
    <desc>Monumento al peregrino.</desc>
    <sym>Scenic Area</sym>
  </wpt>
  <wpt lat="42.886568" lon="-8.508022">
    <ele>270.9163557626776</ele>
    <name>Puente de San Lázaro</name>
    <cmt>Puente de San Lázaro.</cmt>
    <desc>Puente de San Lázaro.</desc>
    <sym>Bridge</sym>
  </wpt>
  <wpt lat="42.886653" lon="-8.508538">
    <ele>272.71028055639545</ele>
    <name>Lavadero</name>
    <cmt>Lavadero.</cmt>
    <desc>Lavadero.</desc>
    <sym>Drinking Water</sym>
  </wpt>
  <wpt lat="42.886417" lon="-8.50937">
    <ele>275.85499000882345</ele>
    <name>Monumento O Templario Peregrino</name>
    <cmt>Monumento O Templario Peregrino.</cmt>
    <desc>Monumento O Templario Peregrino.</desc>
    <sym>Binoculars</sym>
  </wpt>
  <wpt lat="42.886374" lon="-8.509626">
    <ele>276.4921632541535</ele>
    <name>Jardín de O Pallote</name>
    <cmt>Jardín de O Pallote.</cmt>
    <desc>Jardín de O Pallote.</desc>
    <sym>Park</sym>
  </wpt>
  <wpt lat="42.886388" lon="-8.509984">
    <ele>275.91800892158597</ele>
    <name>Monumento A Estrela Camiñante</name>
    <cmt>Monumento A Estrela Camiñante.</cmt>
    <desc>Monumento A Estrela Camiñante.</desc>
    <sym>Binoculars</sym>
  </wpt>
  <wpt lat="42.886954" lon="-8.511889">
    <ele>277.250594760875</ele>
    <name>Parque da Muiña</name>
    <cmt>Parque da Muiña.</cmt>
    <desc>Parque da Muiña.</desc>
    <sym>Park</sym>
  </wpt>
  <wpt lat="42.88671" lon="-8.513634">
    <ele>279.12434415156065</ele>
    <name>Museo Pedagógico de Galicia</name>
    <cmt>Museo Pedagógico de Galicia.</cmt>
    <desc>Museo Pedagógico de Galicia.</desc>
    <sym>Building</sym>
  </wpt>
  <wpt lat="42.886494" lon="-8.514584">
    <ele>283.31530754277594</ele>
    <name>Lavadero</name>
    <cmt>Lavadero</cmt>
    <desc>Lavadero</desc>
    <sym>Drinking Water</sym>
  </wpt>
  <wpt lat="42.886823" lon="-8.518322">
    <ele>289.16692474121294</ele>
    <name>Consellería de Medio Rural</name>
    <cmt>Consellería de Medio Rural.</cmt>
    <desc>Consellería de Medio Rural.</desc>
    <sym>Building</sym>
  </wpt>
  <wpt lat="42.88675" lon="-8.518627">
    <ele>290.56174850436</ele>
    <name>Crucero de San Lázaro</name>
    <cmt>Crucero de San Lázaro.</cmt>
    <desc>Crucero de San Lázaro.</desc>
    <sym>Binoculars</sym>
  </wpt>
  <wpt lat="42.88673" lon="-8.519181">
    <ele>291.0642787360126</ele>
    <name>Lavadero</name>
    <cmt>Lavadero.</cmt>
    <desc>Lavadero.</desc>
    <sym>Drinking Water</sym>
  </wpt>
  <trk>
    <name>U6 - SAN LÁZARO - MONTE DO GOZO</name>
    <trkseg>
      <trkpt lat="42.886520895666536" lon="-8.519821712966518">
        <ele>292.3446594716758</ele>
        <time>2025-06-30T08:00:00.000Z</time>
      </trkpt>
      <trkpt lat="42.886429" lon="-8.519823">
        <ele>292.72202271595677</ele>
        <time>2025-06-30T08:00:21.096Z</time>
        <extensions>
          <gpxtpx:TrackPointExtension>
            <gpxtpx:Extensions>
              <highway>footway</highway>
              <surface>paving_stones</surface>
            </gpxtpx:Extensions>
          </gpxtpx:TrackPointExtension>
        </extensions>
      </trkpt>
      <trkpt lat="42.886351" lon="-8.519704">
        <ele>292.9954789650862</ele>
        <time>2025-06-30T08:00:49.008Z</time>
        <extensions>
          <gpxtpx:TrackPointExtension>
            <gpxtpx:Extensions>
              <highway>footway</highway>
              <surface>paving_stones</surface>
            </gpxtpx:Extensions>
          </gpxtpx:TrackPointExtension>
        </extensions>
      </trkpt>
      <trkpt lat="42.88634" lon="-8.519687">
        <ele>293.0514122924946</ele>
        <time>2025-06-30T08:00:52.973Z</time>
        <extensions>
          <gpxtpx:TrackPointExtension>
            <gpxtpx:Extensions>
              <highway>living_street</highway>
              <surface>sett</surface>
              <oneway>yes</oneway>
            </gpxtpx:Extensions>
          </gpxtpx:TrackPointExtension>
        </extensions>
      </trkpt>
      <trkpt lat="42.886292" lon="-8.519566">
        <ele>293.5089309388312</ele>
        <time>2025-06-30T08:01:17.027Z</time>
        <extensions>
          <gpxtpx:TrackPointExtension>
            <gpxtpx:Extensions>
              <highway>living_street</highway>
              <surface>sett</surface>
              <oneway>yes</oneway>
            </gpxtpx:Extensions>
          </gpxtpx:TrackPointExtension>
        </extensions>
      </trkpt>
      <trkpt lat="42.886178" lon="-8.519357">
        <ele>294.78969605129805</ele>
        <time>2025-06-30T08:02:02.576Z</time>
        <extensions>
          <gpxtpx:TrackPointExtension>
            <gpxtpx:Extensions>
              <highway>living_street</highway>
              <surface>sett</surface>
              <oneway>yes</oneway>
            </gpxtpx:Extensions>
          </gpxtpx:TrackPointExtension>
        </extensions>
      </trkpt>
      <trkpt lat="42.885942" lon="-8.518803">
        <ele>297.82842965377966</ele>
        <time>2025-06-30T08:03:55.075Z</time>
        <extensions>
          <gpxtpx:TrackPointExtension>
            <gpxtpx:Extensions>
              <highway>living_street</highway>
              <surface>sett</surface>
              <oneway>yes</oneway>
            </gpxtpx:Extensions>
          </gpxtpx:TrackPointExtension>
        </extensions>
      </trkpt>
      <trkpt lat="42.885853" lon="-8.518635">
        <ele>297.90711496896245</ele>
        <time>2025-06-30T08:04:31.649Z</time>
        <extensions>
          <gpxtpx:TrackPointExtension>
            <gpxtpx:Extensions>
              <highway>living_street</highway>
              <surface>sett</surface>
              <oneway>yes</oneway>
            </gpxtpx:Extensions>
          </gpxtpx:TrackPointExtension>
        </extensions>
      </trkpt>
      <trkpt lat="42.885852" lon="-8.518635">
        <ele>297.91665557511294</ele>
        <time>2025-06-30T08:04:31.895Z</time>
        <extensions>
          <gpxtpx:TrackPointExtension>
            <gpxtpx:Extensions>
              <highway>living_street</highway>
              <surface>sett</surface>
              <oneway>yes</oneway>
            </gpxtpx:Extensions>
          </gpxtpx:TrackPointExtension>
        </extensions>
      </trkpt>
      <trkpt lat="42.885388" lon="-8.518084">
        <ele>299.58986562682634</ele>
        <time>2025-06-30T08:06:37.286Z</time>
        <extensions>
          <gpxtpx:TrackPointExtension>
            <gpxtpx:Extensions>
              <highway>living_street</highway>
              <surface>asphalt</surface>
              <oneway>yes</oneway>
            </gpxtpx:Extensions>
          </gpxtpx:TrackPointExtension>
        </extensions>
      </trkpt>
      <trkpt lat="42.885236" lon="-8.517879">
        <ele>300.1832965313928</ele>
        <time>2025-06-30T08:07:16.229Z</time>
        <extensions>
          <gpxtpx:TrackPointExtension>
            <gpxtpx:Extensions>
              <reversedirection>yes</reversedirection>
              <highway>living_street</highway>
              <surface>asphalt</surface>
              <oneway>yes</oneway>
            </gpxtpx:Extensions>
          </gpxtpx:TrackPointExtension>
        </extensions>
      </trkpt>
      <trkpt lat="42.88522" lon="-8.517849">
        <ele>300.1706931917935</ele>
        <time>2025-06-30T08:07:21.005Z</time>
        <extensions>
          <gpxtpx:TrackPointExtension>
            <gpxtpx:Extensions>
              <reversedirection>yes</reversedirection>
              <highway>living_street</highway>
              <surface>asphalt</surface>
              <oneway>yes</oneway>
            </gpxtpx:Extensions>
          </gpxtpx:TrackPointExtension>
        </extensions>
      </trkpt>
      <trkpt lat="42.88522" lon="-8.517849">
        <ele>300.1706931917935</ele>
        <time>2025-06-30T08:07:21.005Z</time>
        <extensions>
          <gpxtpx:TrackPointExtension>
            <gpxtpx:Extensions>
              <reversedirection>yes</reversedirection>
              <highway>living_street</highway>
              <surface>asphalt</surface>
              <oneway>yes</oneway>
            </gpxtpx:Extensions>
          </gpxtpx:TrackPointExtension>
        </extensions>
      </trkpt>
      <trkpt lat="42.885205" lon="-8.517817">
        <ele>300.0912492077552</ele>
        <time>2025-06-30T08:07:25.893Z</time>
        <extensions>
          <gpxtpx:TrackPointExtension>
            <gpxtpx:Extensions>
              <reversedirection>yes</reversedirection>
              <highway>living_street</highway>
              <surface>asphalt</surface>
              <oneway>yes</oneway>
            </gpxtpx:Extensions>
          </gpxtpx:TrackPointExtension>
        </extensions>
      </trkpt>
      <trkpt lat="42.885196" lon="-8.517785">
        <ele>299.927629904313</ele>
        <time>2025-06-30T08:07:30.302Z</time>
        <extensions>
          <gpxtpx:TrackPointExtension>
            <gpxtpx:Extensions>
              <reversedirection>yes</reversedirection>
              <highway>living_street</highway>
              <surface>asphalt</surface>
              <oneway>yes</oneway>
            </gpxtpx:Extensions>
          </gpxtpx:TrackPointExtension>
        </extensions>
      </trkpt>
      <trkpt lat="42.885195" lon="-8.517745">
        <ele>299.63038886282624</ele>
        <time>2025-06-30T08:07:35.450Z</time>
        <extensions>
          <gpxtpx:TrackPointExtension>
            <gpxtpx:Extensions>
              <reversedirection>yes</reversedirection>
              <highway>residential</highway>
              <surface>asphalt</surface>
              <oneway>yes</oneway>
            </gpxtpx:Extensions>
          </gpxtpx:TrackPointExtension>
        </extensions>
      </trkpt>
      <trkpt lat="42.885245" lon="-8.517653">
        <ele>298.39856025986467</ele>
        <time>2025-06-30T08:07:50.195Z</time>
        <extensions>
          <gpxtpx:TrackPointExtension>
            <gpxtpx:Extensions>
              <reversedirection>yes</reversedirection>
              <highway>residential</highway>
              <surface>asphalt</surface>
              <oneway>yes</oneway>
            </gpxtpx:Extensions>
          </gpxtpx:TrackPointExtension>
        </extensions>
      </trkpt>
      <trkpt lat="42.885301" lon="-8.517588">
        <ele>297.3474922459108</ele>
        <time>2025-06-30T08:08:03.110Z</time>
        <extensions>
          <gpxtpx:TrackPointExtension>
            <gpxtpx:Extensions>
              <reversedirection>yes</reversedirection>
              <highway>residential</highway>
              <surface>asphalt</surface>
              <oneway>no</oneway>
            </gpxtpx:Extensions>
          </gpxtpx:TrackPointExtension>
        </extensions>
      </trkpt>
      <trkpt lat="42.885438" lon="-8.517507">
        <ele>295.5978190269666</ele>
        <time>2025-06-30T08:08:29.340Z</time>
        <extensions>
          <gpxtpx:TrackPointExtension>
            <gpxtpx:Extensions>
              <reversedirection>yes</reversedirection>
              <highway>residential</highway>
              <surface>asphalt</surface>
              <oneway>no</oneway>
            </gpxtpx:Extensions>
          </gpxtpx:TrackPointExtension>
        </extensions>
      </trkpt>
      <trkpt lat="42.885485" lon="-8.51748">
        <ele>295.03245411643405</ele>
        <time>2025-06-30T08:08:38.298Z</time>
        <extensions>
          <gpxtpx:TrackPointExtension>
            <gpxtpx:Extensions>
              <highway>footway</highway>
              <surface>asphalt</surface>
            </gpxtpx:Extensions>
          </gpxtpx:TrackPointExtension>
        </extensions>
      </trkpt>
      <trkpt lat="42.885473" lon="-8.517438">
        <ele>294.76624367632974</ele>
        <time>2025-06-30T08:08:44.103Z</time>
        <extensions>
          <gpxtpx:TrackPointExtension>
            <gpxtpx:Extensions>
              <highway>path</highway>
              <surface>paving_stones</surface>
            </gpxtpx:Extensions>
          </gpxtpx:TrackPointExtension>
        </extensions>
      </trkpt>
      <trkpt lat="42.885467" lon="-8.517419">
        <ele>294.64944963313224</ele>
        <time>2025-06-30T08:08:46.769Z</time>
        <extensions>
          <gpxtpx:TrackPointExtension>
            <gpxtpx:Extensions>
              <reversedirection>yes</reversedirection>
              <highway>footway</highway>
              <surface>paving_stones</surface>
            </gpxtpx:Extensions>
          </gpxtpx:TrackPointExtension>
        </extensions>
      </trkpt>
      <trkpt lat="42.885326" lon="-8.517506">
        <ele>296.45784367382186</ele>
        <time>2025-06-30T08:09:13.955Z</time>
        <extensions>
          <gpxtpx:TrackPointExtension>
            <gpxtpx:Extensions>
              <reversedirection>yes</reversedirection>
              <highway>footway</highway>
              <surface>paving_stones</surface>
            </gpxtpx:Extensions>
          </gpxtpx:TrackPointExtension>
        </extensions>
      </trkpt>
      <trkpt lat="42.885325" lon="-8.517507">
        <ele>296.47277023669886</ele>
        <time>2025-06-30T08:09:14.214Z</time>
        <extensions>
          <gpxtpx:TrackPointExtension>
            <gpxtpx:Extensions>
              <reversedirection>yes</reversedirection>
              <highway>footway</highway>
              <surface>paving_stones</surface>
            </gpxtpx:Extensions>
          </gpxtpx:TrackPointExtension>
        </extensions>
      </trkpt>
      <trkpt lat="42.885277" lon="-8.517536">
        <ele>297.0573172233916</ele>
        <time>2025-06-30T08:09:23.438Z</time>
        <extensions>
          <gpxtpx:TrackPointExtension>
            <gpxtpx:Extensions>
              <reversedirection>yes</reversedirection>
              <highway>footway</highway>
              <surface>paving_stones</surface>
            </gpxtpx:Extensions>
          </gpxtpx:TrackPointExtension>
        </extensions>
      </trkpt>
      <trkpt lat="42.885119" lon="-8.517434">
        <ele>297.3993651023136</ele>
        <time>2025-06-30T08:09:54.145Z</time>
      </trkpt>
      <trkpt lat="42.885119" lon="-8.517434">
        <ele>297.3993651023136</ele>
        <time>2025-06-30T08:09:54.145Z</time>
        <extensions>
          <gpxtpx:TrackPointExtension>
            <gpxtpx:Extensions>
              <reversedirection>yes</reversedirection>
              <highway>footway</highway>
              <surface>paving_stones</surface>
            </gpxtpx:Extensions>
          </gpxtpx:TrackPointExtension>
        </extensions>
      </trkpt>
      <trkpt lat="42.885001" lon="-8.517167">
        <ele>296.65226493564114</ele>
        <time>2025-06-30T08:10:35.410Z</time>
        <extensions>
          <gpxtpx:TrackPointExtension>
            <gpxtpx:Extensions>
              <reversedirection>yes</reversedirection>
              <highway>footway</highway>
              <surface>paving_stones</surface>
            </gpxtpx:Extensions>
          </gpxtpx:TrackPointExtension>
        </extensions>
      </trkpt>
      <trkpt lat="42.884814" lon="-8.516741">
        <ele>295.6442398966767</ele>
        <time>2025-06-30T08:11:40.950Z</time>
        <extensions>
          <gpxtpx:TrackPointExtension>
            <gpxtpx:Extensions>
              <reversedirection>yes</reversedirection>
              <highway>footway</highway>
              <surface>paving_stones</surface>
            </gpxtpx:Extensions>
          </gpxtpx:TrackPointExtension>
        </extensions>
      </trkpt>
      <trkpt lat="42.884668" lon="-8.516422">
        <ele>294.0057831801424</ele>
        <time>2025-06-30T08:12:25.970Z</time>
        <extensions>
          <gpxtpx:TrackPointExtension>
            <gpxtpx:Extensions>
              <reversedirection>yes</reversedirection>
              <highway>footway</highway>
              <surface>asphalt</surface>
            </gpxtpx:Extensions>
          </gpxtpx:TrackPointExtension>
        </extensions>
      </trkpt>
      <trkpt lat="42.884565" lon="-8.516154">
        <ele>293.12721863384434</ele>
        <time>2025-06-30T08:13:02.030Z</time>
        <extensions>
          <gpxtpx:TrackPointExtension>
            <gpxtpx:Extensions>
              <reversedirection>yes</reversedirection>
              <highway>footway</highway>
              <surface>paving_stones</surface>
            </gpxtpx:Extensions>
          </gpxtpx:TrackPointExtension>
        </extensions>
      </trkpt>
      <trkpt lat="42.884528" lon="-8.51607">
        <ele>292.8138194628536</ele>
        <time>2025-06-30T08:13:14.699Z</time>
        <extensions>
          <gpxtpx:TrackPointExtension>
            <gpxtpx:Extensions>
              <highway>path</highway>
              <surface>compacted</surface>
            </gpxtpx:Extensions>
          </gpxtpx:TrackPointExtension>
        </extensions>
      </trkpt>
      <trkpt lat="42.884528" lon="-8.516065">
        <ele>292.802168618423</ele>
        <time>2025-06-30T08:13:15.301Z</time>
        <extensions>
          <gpxtpx:TrackPointExtension>
            <gpxtpx:Extensions>
              <highway>path</highway>
              <surface>compacted</surface>
            </gpxtpx:Extensions>
          </gpxtpx:TrackPointExtension>
        </extensions>
      </trkpt>
      <trkpt lat="42.884536" lon="-8.516023">
        <ele>292.72974259671844</ele>
        <time>2025-06-30T08:13:20.910Z</time>
        <extensions>
          <gpxtpx:TrackPointExtension>
            <gpxtpx:Extensions>
              <highway>path</highway>
              <surface>compacted</surface>
            </gpxtpx:Extensions>
          </gpxtpx:TrackPointExtension>
        </extensions>
      </trkpt>
      <trkpt lat="42.884577" lon="-8.515879">
        <ele>292.6064301499403</ele>
        <time>2025-06-30T08:13:40.880Z</time>
        <extensions>
          <gpxtpx:TrackPointExtension>
            <gpxtpx:Extensions>
              <highway>path</highway>
              <surface>compacted</surface>
            </gpxtpx:Extensions>
          </gpxtpx:TrackPointExtension>
        </extensions>
      </trkpt>
      <trkpt lat="42.88464" lon="-8.515707">
        <ele>292.5056874164846</ele>
        <time>2025-06-30T08:14:05.737Z</time>
        <extensions>
          <gpxtpx:TrackPointExtension>
            <gpxtpx:Extensions>
              <highway>path</highway>
              <surface>compacted</surface>
            </gpxtpx:Extensions>
          </gpxtpx:TrackPointExtension>
        </extensions>
      </trkpt>
      <trkpt lat="42.884711" lon="-8.515622">
        <ele>292.2855847963142</ele>
        <time>2025-06-30T08:14:22.691Z</time>
        <extensions>
          <gpxtpx:TrackPointExtension>
            <gpxtpx:Extensions>
              <highway>path</highway>
              <surface>compacted</surface>
            </gpxtpx:Extensions>
          </gpxtpx:TrackPointExtension>
        </extensions>
      </trkpt>
      <trkpt lat="42.884927" lon="-8.515423">
        <ele>291.56760914470544</ele>
        <time>2025-06-30T08:15:09.190Z</time>
        <extensions>
          <gpxtpx:TrackPointExtension>
            <gpxtpx:Extensions>
              <highway>path</highway>
              <surface>compacted</surface>
            </gpxtpx:Extensions>
          </gpxtpx:TrackPointExtension>
        </extensions>
      </trkpt>
      <trkpt lat="42.885065" lon="-8.515255">
        <ele>291.0461988197886</ele>
        <time>2025-06-30T08:15:41.577Z</time>
        <extensions>
          <gpxtpx:TrackPointExtension>
            <gpxtpx:Extensions>
              <highway>path</highway>
              <surface>compacted</surface>
            </gpxtpx:Extensions>
          </gpxtpx:TrackPointExtension>
        </extensions>
      </trkpt>
      <trkpt lat="42.885068" lon="-8.515251">
        <ele>291.0410988640286</ele>
        <time>2025-06-30T08:15:42.306Z</time>
        <extensions>
          <gpxtpx:TrackPointExtension>
            <gpxtpx:Extensions>
              <highway>path</highway>
              <surface>compacted</surface>
            </gpxtpx:Extensions>
          </gpxtpx:TrackPointExtension>
        </extensions>
      </trkpt>
      <trkpt lat="42.885222" lon="-8.514136">
        <ele>290.3720079659023</ele>
        <time>2025-06-30T08:18:07.377Z</time>
        <extensions>
          <gpxtpx:TrackPointExtension>
            <gpxtpx:Extensions>
              <highway>path</highway>
              <surface>compacted</surface>
            </gpxtpx:Extensions>
          </gpxtpx:TrackPointExtension>
        </extensions>
      </trkpt>
      <trkpt lat="42.88523" lon="-8.514028">
        <ele>289.7542053750726</ele>
        <time>2025-06-30T08:18:20.091Z</time>
        <extensions>
          <gpxtpx:TrackPointExtension>
            <gpxtpx:Extensions>
              <highway>path</highway>
              <surface>compacted</surface>
            </gpxtpx:Extensions>
          </gpxtpx:TrackPointExtension>
        </extensions>
      </trkpt>
      <trkpt lat="42.88521" lon="-8.513787">
        <ele>288.15967025940864</ele>
        <time>2025-06-30T08:18:41.604Z</time>
        <extensions>
          <gpxtpx:TrackPointExtension>
            <gpxtpx:Extensions>
              <highway>path</highway>
              <surface>compacted</surface>
            </gpxtpx:Extensions>
          </gpxtpx:TrackPointExtension>
        </extensions>
      </trkpt>
      <trkpt lat="42.885222" lon="-8.513717">
        <ele>287.41644063380033</ele>
        <time>2025-06-30T08:18:51.159Z</time>
        <extensions>
          <gpxtpx:TrackPointExtension>
            <gpxtpx:Extensions>
              <highway>path</highway>
              <surface>compacted</surface>
            </gpxtpx:Extensions>
          </gpxtpx:TrackPointExtension>
        </extensions>
      </trkpt>
      <trkpt lat="42.885222" lon="-8.513717">
        <ele>287.41644063380033</ele>
        <time>2025-06-30T08:18:51.313Z</time>
        <extensions>
          <gpxtpx:TrackPointExtension>
            <gpxtpx:Extensions>
              <highway>path</highway>
              <surface>compacted</surface>
            </gpxtpx:Extensions>
          </gpxtpx:TrackPointExtension>
        </extensions>
      </trkpt>
      <trkpt lat="42.885289" lon="-8.513556">
        <ele>285.1714512290673</ele>
        <time>2025-06-30T08:19:15.925Z</time>
        <extensions>
          <gpxtpx:TrackPointExtension>
            <gpxtpx:Extensions>
              <highway>path</highway>
              <surface>compacted</surface>
            </gpxtpx:Extensions>
          </gpxtpx:TrackPointExtension>
        </extensions>
      </trkpt>
      <trkpt lat="42.885385" lon="-8.513275">
        <ele>282.2706241777083</ele>
        <time>2025-06-30T08:19:57.139Z</time>
        <extensions>
          <gpxtpx:TrackPointExtension>
            <gpxtpx:Extensions>
              <reversedirection>yes</reversedirection>
              <highway>path</highway>
              <surface>compacted</surface>
            </gpxtpx:Extensions>
          </gpxtpx:TrackPointExtension>
        </extensions>
      </trkpt>
      <trkpt lat="42.884887" lon="-8.513507">
        <ele>289.5758581740825</ele>
        <time>2025-06-30T08:21:32.605Z</time>
        <extensions>
          <gpxtpx:TrackPointExtension>
            <gpxtpx:Extensions>
              <reversedirection>yes</reversedirection>
              <highway>path</highway>
              <surface>compacted</surface>
            </gpxtpx:Extensions>
          </gpxtpx:TrackPointExtension>
        </extensions>
      </trkpt>
      <trkpt lat="42.884614" lon="-8.513489">
        <ele>290.9142742443398</ele>
        <time>2025-06-30T08:22:22.190Z</time>
        <extensions>
          <gpxtpx:TrackPointExtension>
            <gpxtpx:Extensions>
              <reversedirection>yes</reversedirection>
              <highway>path</highway>
              <surface>compacted</surface>
            </gpxtpx:Extensions>
          </gpxtpx:TrackPointExtension>
        </extensions>
      </trkpt>
      <trkpt lat="42.88448" lon="-8.513496">
        <ele>290.7556204618894</ele>
        <time>2025-06-30T08:22:46.518Z</time>
        <extensions>
          <gpxtpx:TrackPointExtension>
            <gpxtpx:Extensions>
              <reversedirection>yes</reversedirection>
              <highway>path</highway>
              <surface>compacted</surface>
            </gpxtpx:Extensions>
          </gpxtpx:TrackPointExtension>
        </extensions>
      </trkpt>
      <trkpt lat="42.884423" lon="-8.513503">
        <ele>290.64784162456147</ele>
        <time>2025-06-30T08:22:56.864Z</time>
        <extensions>
          <gpxtpx:TrackPointExtension>
            <gpxtpx:Extensions>
              <highway>path</highway>
              <surface>compacted</surface>
            </gpxtpx:Extensions>
          </gpxtpx:TrackPointExtension>
        </extensions>
      </trkpt>
      <trkpt lat="42.884421" lon="-8.513503">
        <ele>290.6414868994266</ele>
        <time>2025-06-30T08:22:57.242Z</time>
        <extensions>
          <gpxtpx:TrackPointExtension>
            <gpxtpx:Extensions>
              <reversedirection>yes</reversedirection>
              <highway>path</highway>
              <surface>compacted</surface>
            </gpxtpx:Extensions>
          </gpxtpx:TrackPointExtension>
        </extensions>
      </trkpt>
      <trkpt lat="42.884329" lon="-8.513512">
        <ele>290.4224741612478</ele>
        <time>2025-06-30T08:23:13.916Z</time>
        <extensions>
          <gpxtpx:TrackPointExtension>
            <gpxtpx:Extensions>
              <reversedirection>yes</reversedirection>
              <highway>path</highway>
              <surface>compacted</surface>
            </gpxtpx:Extensions>
          </gpxtpx:TrackPointExtension>
        </extensions>
      </trkpt>
      <trkpt lat="42.884217" lon="-8.513558">
        <ele>290.40244002179816</ele>
        <time>2025-06-30T08:23:35.060Z</time>
        <extensions>
          <gpxtpx:TrackPointExtension>
            <gpxtpx:Extensions>
              <reversedirection>yes</reversedirection>
              <highway>path</highway>
              <surface>compacted</surface>
            </gpxtpx:Extensions>
          </gpxtpx:TrackPointExtension>
        </extensions>
      </trkpt>
      <trkpt lat="42.884197" lon="-8.513551">
        <ele>290.30258803442354</ele>
        <time>2025-06-30T08:23:38.793Z</time>
        <extensions>
          <gpxtpx:TrackPointExtension>
            <gpxtpx:Extensions>
              <reversedirection>yes</reversedirection>
              <highway>path</highway>
              <surface>compacted</surface>
            </gpxtpx:Extensions>
          </gpxtpx:TrackPointExtension>
        </extensions>
      </trkpt>
      <trkpt lat="42.884178" lon="-8.513511">
        <ele>290.0727685831424</ele>
        <time>2025-06-30T08:23:45.106Z</time>
        <extensions>
          <gpxtpx:TrackPointExtension>
            <gpxtpx:Extensions>
              <highway>footway</highway>
              <surface>paving_stones</surface>
            </gpxtpx:Extensions>
          </gpxtpx:TrackPointExtension>
        </extensions>
      </trkpt>
      <trkpt lat="42.884715" lon="-8.513049">
        <ele>285.16894326794437</ele>
        <time>2025-06-30T08:25:39.864Z</time>
        <extensions>
          <gpxtpx:TrackPointExtension>
            <gpxtpx:Extensions>
              <highway>footway</highway>
              <surface>paving_stones</surface>
            </gpxtpx:Extensions>
          </gpxtpx:TrackPointExtension>
        </extensions>
      </trkpt>
      <trkpt lat="42.885269" lon="-8.513066">
        <ele>282.2851982556286</ele>
        <time>2025-06-30T08:27:20.573Z</time>
        <extensions>
          <gpxtpx:TrackPointExtension>
            <gpxtpx:Extensions>
              <highway>footway</highway>
              <surface>paving_stones</surface>
            </gpxtpx:Extensions>
          </gpxtpx:TrackPointExtension>
        </extensions>
      </trkpt>
      <trkpt lat="42.885269" lon="-8.513066">
        <ele>282.2851982556286</ele>
        <time>2025-06-30T08:27:20.573Z</time>
        <extensions>
          <gpxtpx:TrackPointExtension>
            <gpxtpx:Extensions>
              <highway>footway</highway>
              <surface>paving_stones</surface>
            </gpxtpx:Extensions>
          </gpxtpx:TrackPointExtension>
        </extensions>
      </trkpt>
      <trkpt lat="42.885306" lon="-8.513067">
        <ele>282.085476562436</ele>
        <time>2025-06-30T08:27:27.300Z</time>
        <extensions>
          <gpxtpx:TrackPointExtension>
            <gpxtpx:Extensions>
              <reversedirection>yes</reversedirection>
              <highway>footway</highway>
              <surface>asphalt</surface>
            </gpxtpx:Extensions>
          </gpxtpx:TrackPointExtension>
        </extensions>
      </trkpt>
      <trkpt lat="42.885307" lon="-8.513002">
        <ele>281.88627821370096</ele>
        <time>2025-06-30T08:27:35.969Z</time>
        <extensions>
          <gpxtpx:TrackPointExtension>
            <gpxtpx:Extensions>
              <highway>residential</highway>
              <surface>asphalt</surface>
            </gpxtpx:Extensions>
          </gpxtpx:TrackPointExtension>
        </extensions>
      </trkpt>
      <trkpt lat="42.885307" lon="-8.513002">
        <ele>281.88627821370096</ele>
        <time>2025-06-30T08:27:35.969Z</time>
        <extensions>
          <gpxtpx:TrackPointExtension>
            <gpxtpx:Extensions>
              <reversedirection>yes</reversedirection>
              <highway>footway</highway>
              <surface>asphalt</surface>
            </gpxtpx:Extensions>
          </gpxtpx:TrackPointExtension>
        </extensions>
      </trkpt>
      <trkpt lat="42.885309" lon="-8.512921">
        <ele>281.7393263564144</ele>
        <time>2025-06-30T08:27:46.774Z</time>
        <extensions>
          <gpxtpx:TrackPointExtension>
            <gpxtpx:Extensions>
              <highway>footway</highway>
              <surface>paving_stones</surface>
            </gpxtpx:Extensions>
          </gpxtpx:TrackPointExtension>
        </extensions>
      </trkpt>
      <trkpt lat="42.885308" lon="-8.512867">
        <ele>281.6445025860941</ele>
        <time>2025-06-30T08:27:53.974Z</time>
        <extensions>
          <gpxtpx:TrackPointExtension>
            <gpxtpx:Extensions>
              <highway>footway</highway>
              <surface>paving_stones</surface>
            </gpxtpx:Extensions>
          </gpxtpx:TrackPointExtension>
        </extensions>
      </trkpt>
      <trkpt lat="42.885359" lon="-8.512867">
        <ele>281.40174859741217</ele>
        <time>2025-06-30T08:28:03.253Z</time>
        <extensions>
          <gpxtpx:TrackPointExtension>
            <gpxtpx:Extensions>
              <highway>footway</highway>
              <surface>asphalt</surface>
            </gpxtpx:Extensions>
          </gpxtpx:TrackPointExtension>
        </extensions>
      </trkpt>
      <trkpt lat="42.885394" lon="-8.512866">
        <ele>281.2285814662192</ele>
        <time>2025-06-30T08:28:09.624Z</time>
        <extensions>
          <gpxtpx:TrackPointExtension>
            <gpxtpx:Extensions>
              <highway>footway</highway>
              <surface>asphalt</surface>
            </gpxtpx:Extensions>
          </gpxtpx:TrackPointExtension>
        </extensions>
      </trkpt>
      <trkpt lat="42.885429" lon="-8.512866">
        <ele>281.0160023449576</ele>
        <time>2025-06-30T08:28:15.993Z</time>
        <extensions>
          <gpxtpx:TrackPointExtension>
            <gpxtpx:Extensions>
              <highway>footway</highway>
              <surface>paving_stones</surface>
            </gpxtpx:Extensions>
          </gpxtpx:TrackPointExtension>
        </extensions>
      </trkpt>
      <trkpt lat="42.885498" lon="-8.512867">
        <ele>280.6420328593352</ele>
        <time>2025-06-30T08:28:28.549Z</time>
        <extensions>
          <gpxtpx:TrackPointExtension>
            <gpxtpx:Extensions>
              <reversedirection>yes</reversedirection>
              <highway>footway</highway>
              <surface>paving_stones</surface>
            </gpxtpx:Extensions>
          </gpxtpx:TrackPointExtension>
        </extensions>
      </trkpt>
      <trkpt lat="42.88571" lon="-8.512874">
        <ele>279.17198092533954</ele>
        <time>2025-06-30T08:29:07.136Z</time>
        <extensions>
          <gpxtpx:TrackPointExtension>
            <gpxtpx:Extensions>
              <highway>path</highway>
              <surface>sett</surface>
            </gpxtpx:Extensions>
          </gpxtpx:TrackPointExtension>
        </extensions>
      </trkpt>
      <trkpt lat="42.885764" lon="-8.512654">
        <ele>278.15599988480193</ele>
        <time>2025-06-30T08:29:38.069Z</time>
      </trkpt>
      <trkpt lat="42.885765" lon="-8.512653">
        <ele>278.14614423657866</ele>
        <time>2025-06-30T08:29:38.288Z</time>
        <extensions>
          <gpxtpx:TrackPointExtension>
            <gpxtpx:Extensions>
              <highway>path</highway>
              <surface>sett</surface>
            </gpxtpx:Extensions>
          </gpxtpx:TrackPointExtension>
        </extensions>
      </trkpt>
      <trkpt lat="42.885842" lon="-8.512342">
        <ele>276.9890587849002</ele>
        <time>2025-06-30T08:30:17.267Z</time>
        <extensions>
          <gpxtpx:TrackPointExtension>
            <gpxtpx:Extensions>
              <highway>path</highway>
              <surface>sett</surface>
            </gpxtpx:Extensions>
          </gpxtpx:TrackPointExtension>
        </extensions>
      </trkpt>
      <trkpt lat="42.885883" lon="-8.511626">
        <ele>276.441578428727</ele>
        <time>2025-06-30T08:31:38.633Z</time>
        <extensions>
          <gpxtpx:TrackPointExtension>
            <gpxtpx:Extensions>
              <reversedirection>yes</reversedirection>
              <highway>footway</highway>
              <surface>concrete</surface>
            </gpxtpx:Extensions>
          </gpxtpx:TrackPointExtension>
        </extensions>
      </trkpt>
      <trkpt lat="42.886138" lon="-8.511652">
        <ele>277.145873749769</ele>
        <time>2025-06-30T08:32:29.675Z</time>
        <extensions>
          <gpxtpx:TrackPointExtension>
            <gpxtpx:Extensions>
              <reversedirection>yes</reversedirection>
              <highway>footway</highway>
              <surface>concrete</surface>
            </gpxtpx:Extensions>
          </gpxtpx:TrackPointExtension>
        </extensions>
      </trkpt>
      <trkpt lat="42.886146" lon="-8.511495">
        <ele>277.07797376103747</ele>
        <time>2025-06-30T08:32:54.344Z</time>
        <extensions>
          <gpxtpx:TrackPointExtension>
            <gpxtpx:Extensions>
              <reversedirection>yes</reversedirection>
              <highway>footway</highway>
              <surface>concrete</surface>
            </gpxtpx:Extensions>
          </gpxtpx:TrackPointExtension>
        </extensions>
      </trkpt>
      <trkpt lat="42.886177" lon="-8.51098">
        <ele>275.17944742331804</ele>
        <time>2025-06-30T08:34:03.310Z</time>
        <extensions>
          <gpxtpx:TrackPointExtension>
            <gpxtpx:Extensions>
              <reversedirection>yes</reversedirection>
              <highway>footway</highway>
              <surface>sett</surface>
              <foot>yes</foot>
              <bicycle>yes</bicycle>
            </gpxtpx:Extensions>
          </gpxtpx:TrackPointExtension>
        </extensions>
      </trkpt>
      <trkpt lat="42.88618" lon="-8.510948">
        <ele>274.97951020321386</ele>
        <time>2025-06-30T08:34:07.697Z</time>
        <extensions>
          <gpxtpx:TrackPointExtension>
            <gpxtpx:Extensions>
              <reversedirection>yes</reversedirection>
              <highway>footway</highway>
              <surface>paving_stones</surface>
            </gpxtpx:Extensions>
          </gpxtpx:TrackPointExtension>
        </extensions>
      </trkpt>
      <trkpt lat="42.886176" lon="-8.510947">
        <ele>274.9864056562311</ele>
        <time>2025-06-30T08:34:08.457Z</time>
        <extensions>
          <gpxtpx:TrackPointExtension>
            <gpxtpx:Extensions>
              <reversedirection>yes</reversedirection>
              <highway>footway</highway>
              <surface>paving_stones</surface>
            </gpxtpx:Extensions>
          </gpxtpx:TrackPointExtension>
        </extensions>
      </trkpt>
      <trkpt lat="42.886008" lon="-8.510893">
        <ele>275.1970662417827</ele>
        <time>2025-06-30T08:34:40.501Z</time>
        <extensions>
          <gpxtpx:TrackPointExtension>
            <gpxtpx:Extensions>
              <reversedirection>yes</reversedirection>
              <highway>footway</highway>
              <surface>paving_stones</surface>
            </gpxtpx:Extensions>
          </gpxtpx:TrackPointExtension>
        </extensions>
      </trkpt>
      <trkpt lat="42.885799" lon="-8.510867">
        <ele>275.917649244495</ele>
        <time>2025-06-30T08:35:25.553Z</time>
        <extensions>
          <gpxtpx:TrackPointExtension>
            <gpxtpx:Extensions>
              <reversedirection>yes</reversedirection>
              <highway>footway</highway>
              <surface>paving_stones</surface>
            </gpxtpx:Extensions>
          </gpxtpx:TrackPointExtension>
        </extensions>
      </trkpt>
      <trkpt lat="42.885255" lon="-8.51087">
        <ele>276.93408422214986</ele>
        <time>2025-06-30T08:37:22.333Z</time>
        <extensions>
          <gpxtpx:TrackPointExtension>
            <gpxtpx:Extensions>
              <reversedirection>yes</reversedirection>
              <highway>footway</highway>
              <surface>paving_stones</surface>
            </gpxtpx:Extensions>
          </gpxtpx:TrackPointExtension>
        </extensions>
      </trkpt>
      <trkpt lat="42.884938" lon="-8.510882">
        <ele>277.4448244747717</ele>
        <time>2025-06-30T08:38:30.336Z</time>
        <extensions>
          <gpxtpx:TrackPointExtension>
            <gpxtpx:Extensions>
              <reversedirection>yes</reversedirection>
              <highway>footway</highway>
              <surface>paving_stones</surface>
            </gpxtpx:Extensions>
          </gpxtpx:TrackPointExtension>
        </extensions>
      </trkpt>
      <trkpt lat="42.884683" lon="-8.510937">
        <ele>277.8584160929862</ele>
        <time>2025-06-30T08:39:25.321Z</time>
        <extensions>
          <gpxtpx:TrackPointExtension>
            <gpxtpx:Extensions>
              <reversedirection>yes</reversedirection>
              <highway>footway</highway>
              <surface>paving_stones</surface>
            </gpxtpx:Extensions>
          </gpxtpx:TrackPointExtension>
        </extensions>
      </trkpt>
      <trkpt lat="42.884316" lon="-8.511055">
        <ele>276.83296661903273</ele>
        <time>2025-06-30T08:40:37.012Z</time>
        <extensions>
          <gpxtpx:TrackPointExtension>
            <gpxtpx:Extensions>
              <reversedirection>yes</reversedirection>
              <highway>footway</highway>
              <surface>paving_stones</surface>
            </gpxtpx:Extensions>
          </gpxtpx:TrackPointExtension>
        </extensions>
      </trkpt>
      <trkpt lat="42.884242" lon="-8.511085">
        <ele>276.6211502497094</ele>
        <time>2025-06-30T08:40:50.936Z</time>
        <extensions>
          <gpxtpx:TrackPointExtension>
            <gpxtpx:Extensions>
              <reversedirection>yes</reversedirection>
              <highway>footway</highway>
              <surface>paving_stones</surface>
            </gpxtpx:Extensions>
          </gpxtpx:TrackPointExtension>
        </extensions>
      </trkpt>
      <trkpt lat="42.884034" lon="-8.51117">
        <ele>276.4635420444433</ele>
        <time>2025-06-30T08:41:31.659Z</time>
        <extensions>
          <gpxtpx:TrackPointExtension>
            <gpxtpx:Extensions>
              <reversedirection>yes</reversedirection>
              <highway>footway</highway>
              <surface>paving_stones</surface>
            </gpxtpx:Extensions>
          </gpxtpx:TrackPointExtension>
        </extensions>
      </trkpt>
      <trkpt lat="42.883797" lon="-8.511293">
        <ele>275.8501872503329</ele>
        <time>2025-06-30T08:42:18.018Z</time>
        <extensions>
          <gpxtpx:TrackPointExtension>
            <gpxtpx:Extensions>
              <reversedirection>yes</reversedirection>
              <highway>footway</highway>
              <surface>paving_stones</surface>
            </gpxtpx:Extensions>
          </gpxtpx:TrackPointExtension>
        </extensions>
      </trkpt>
      <trkpt lat="42.883555" lon="-8.51147">
        <ele>274.32023078005477</ele>
        <time>2025-06-30T08:43:03.043Z</time>
        <extensions>
          <gpxtpx:TrackPointExtension>
            <gpxtpx:Extensions>
              <reversedirection>yes</reversedirection>
              <highway>footway</highway>
              <surface>paving_stones</surface>
            </gpxtpx:Extensions>
          </gpxtpx:TrackPointExtension>
        </extensions>
      </trkpt>
      <trkpt lat="42.883278" lon="-8.511722">
        <ele>273.57489763556543</ele>
        <time>2025-06-30T08:43:58.460Z</time>
        <extensions>
          <gpxtpx:TrackPointExtension>
            <gpxtpx:Extensions>
              <reversedirection>yes</reversedirection>
              <highway>footway</highway>
              <surface>paving_stones</surface>
            </gpxtpx:Extensions>
          </gpxtpx:TrackPointExtension>
        </extensions>
      </trkpt>
      <trkpt lat="42.882999" lon="-8.511993">
        <ele>273.88504280136107</ele>
        <time>2025-06-30T08:45:04.544Z</time>
        <extensions>
          <gpxtpx:TrackPointExtension>
            <gpxtpx:Extensions>
              <reversedirection>yes</reversedirection>
              <highway>footway</highway>
              <surface>paving_stones</surface>
            </gpxtpx:Extensions>
          </gpxtpx:TrackPointExtension>
        </extensions>
      </trkpt>
      <trkpt lat="42.8828" lon="-8.512199">
        <ele>273.42764234694187</ele>
        <time>2025-06-30T08:45:53.508Z</time>
        <extensions>
          <gpxtpx:TrackPointExtension>
            <gpxtpx:Extensions>
              <reversedirection>yes</reversedirection>
              <highway>footway</highway>
              <surface>paving_stones</surface>
            </gpxtpx:Extensions>
          </gpxtpx:TrackPointExtension>
        </extensions>
      </trkpt>
      <trkpt lat="42.882741" lon="-8.51231">
        <ele>273.2251834283591</ele>
        <time>2025-06-30T08:46:13.139Z</time>
        <extensions>
          <gpxtpx:TrackPointExtension>
            <gpxtpx:Extensions>
              <reversedirection>yes</reversedirection>
              <highway>footway</highway>
              <surface>paving_stones</surface>
            </gpxtpx:Extensions>
          </gpxtpx:TrackPointExtension>
        </extensions>
      </trkpt>
      <trkpt lat="42.882732" lon="-8.512361">
        <ele>273.3364265925027</ele>
        <time>2025-06-30T08:46:20.648Z</time>
      </trkpt>
      <trkpt lat="42.882732" lon="-8.512361">
        <ele>273.3364265925027</ele>
        <time>2025-06-30T08:46:20.648Z</time>
      </trkpt>
      <trkpt lat="42.88272727671" lon="-8.51215662385448">
        <ele>273.3000000000011</ele>
        <time>2025-06-30T08:46:49.962Z</time>
      </trkpt>
      <trkpt lat="42.88272727671" lon="-8.51215662385448">
        <ele>273.3000000000011</ele>
        <time>2025-06-30T08:46:50.198Z</time>
      </trkpt>
      <trkpt lat="42.88266338084921" lon="-8.511987508186394">
        <ele>273.46436232328483</ele>
        <time>2025-06-30T08:47:14.720Z</time>
      </trkpt>
      <trkpt lat="42.88266338084921" lon="-8.511987508186394">
        <ele>273.46436232328483</ele>
        <time>2025-06-30T08:47:14.720Z</time>
      </trkpt>
      <trkpt lat="42.88256656881245" lon="-8.511873883596536">
        <ele>273.5506356926061</ele>
        <time>2025-06-30T08:47:37.270Z</time>
      </trkpt>
      <trkpt lat="42.88256656881245" lon="-8.511873883596536">
        <ele>273.5506356926061</ele>
        <time>2025-06-30T08:47:37.270Z</time>
      </trkpt>
      <trkpt lat="42.88244845792198" lon="-8.511828962246682">
        <ele>273.1276553700211</ele>
        <time>2025-06-30T08:47:58.923Z</time>
      </trkpt>
      <trkpt lat="42.88226908136227" lon="-8.511885467844905">
        <ele>272.2739604923417</ele>
        <time>2025-06-30T08:48:31.434Z</time>
      </trkpt>
      <trkpt lat="42.88226908136227" lon="-8.511885467844905">
        <ele>272.2739604923417</ele>
        <time>2025-06-30T08:48:31.434Z</time>
      </trkpt>
      <trkpt lat="42.88211614074646" lon="-8.511858708850724">
        <ele>271.1049261898362</ele>
        <time>2025-06-30T08:48:52.381Z</time>
      </trkpt>
      <trkpt lat="42.88174736234623" lon="-8.51150758776541">
        <ele>265.1143796107714</ele>
        <time>2025-06-30T08:49:50.558Z</time>
      </trkpt>
      <trkpt lat="42.881441628890826" lon="-8.511216492997903">
        <ele>262.45380729105744</ele>
        <time>2025-06-30T08:50:42.159Z</time>
      </trkpt>
      <trkpt lat="42.881511" lon="-8.511152">
        <ele>262.3535727969405</ele>
        <time>2025-06-30T08:50:55.623Z</time>
        <extensions>
          <gpxtpx:TrackPointExtension>
            <gpxtpx:Extensions>
              <highway>path</highway>
            </gpxtpx:Extensions>
          </gpxtpx:TrackPointExtension>
        </extensions>
      </trkpt>
      <trkpt lat="42.881658" lon="-8.511033">
        <ele>262.08243469606424</ele>
        <time>2025-06-30T08:51:23.087Z</time>
        <extensions>
          <gpxtpx:TrackPointExtension>
            <gpxtpx:Extensions>
              <highway>path</highway>
            </gpxtpx:Extensions>
          </gpxtpx:TrackPointExtension>
        </extensions>
      </trkpt>
      <trkpt lat="42.88169" lon="-8.510986">
        <ele>261.9521864533438</ele>
        <time>2025-06-30T08:51:30.641Z</time>
        <extensions>
          <gpxtpx:TrackPointExtension>
            <gpxtpx:Extensions>
              <highway>path</highway>
            </gpxtpx:Extensions>
          </gpxtpx:TrackPointExtension>
        </extensions>
      </trkpt>
      <trkpt lat="42.881723" lon="-8.510956">
        <ele>261.84732885332903</ele>
        <time>2025-06-30T08:51:37.011Z</time>
        <extensions>
          <gpxtpx:TrackPointExtension>
            <gpxtpx:Extensions>
              <highway>path</highway>
            </gpxtpx:Extensions>
          </gpxtpx:TrackPointExtension>
        </extensions>
      </trkpt>
      <trkpt lat="42.881746" lon="-8.510924">
        <ele>261.7354807466976</ele>
        <time>2025-06-30T08:51:42.363Z</time>
        <extensions>
          <gpxtpx:TrackPointExtension>
            <gpxtpx:Extensions>
              <highway>path</highway>
            </gpxtpx:Extensions>
          </gpxtpx:TrackPointExtension>
        </extensions>
      </trkpt>
      <trkpt lat="42.881837" lon="-8.510813">
        <ele>261.2159896101036</ele>
        <time>2025-06-30T08:52:02.253Z</time>
        <extensions>
          <gpxtpx:TrackPointExtension>
            <gpxtpx:Extensions>
              <highway>path</highway>
            </gpxtpx:Extensions>
          </gpxtpx:TrackPointExtension>
        </extensions>
      </trkpt>
      <trkpt lat="42.882063" lon="-8.510574">
        <ele>260.2759619132311</ele>
        <time>2025-06-30T08:52:51.986Z</time>
        <extensions>
          <gpxtpx:TrackPointExtension>
            <gpxtpx:Extensions>
              <highway>path</highway>
            </gpxtpx:Extensions>
          </gpxtpx:TrackPointExtension>
        </extensions>
      </trkpt>
      <trkpt lat="42.882146" lon="-8.510493">
        <ele>260.0860177066646</ele>
        <time>2025-06-30T08:53:10.241Z</time>
        <extensions>
          <gpxtpx:TrackPointExtension>
            <gpxtpx:Extensions>
              <highway>path</highway>
            </gpxtpx:Extensions>
          </gpxtpx:TrackPointExtension>
        </extensions>
      </trkpt>
      <trkpt lat="42.882353" lon="-8.510294">
        <ele>260.0578904327473</ele>
        <time>2025-06-30T08:53:57.891Z</time>
        <extensions>
          <gpxtpx:TrackPointExtension>
            <gpxtpx:Extensions>
              <highway>path</highway>
            </gpxtpx:Extensions>
          </gpxtpx:TrackPointExtension>
        </extensions>
      </trkpt>
      <trkpt lat="42.882473" lon="-8.510209">
        <ele>260.29738383391054</ele>
        <time>2025-06-30T08:54:27.233Z</time>
        <extensions>
          <gpxtpx:TrackPointExtension>
            <gpxtpx:Extensions>
              <highway>path</highway>
            </gpxtpx:Extensions>
          </gpxtpx:TrackPointExtension>
        </extensions>
      </trkpt>
      <trkpt lat="42.882608" lon="-8.510053">
        <ele>261.3367380984509</ele>
        <time>2025-06-30T08:55:07.074Z</time>
        <extensions>
          <gpxtpx:TrackPointExtension>
            <gpxtpx:Extensions>
              <highway>path</highway>
            </gpxtpx:Extensions>
          </gpxtpx:TrackPointExtension>
        </extensions>
      </trkpt>
      <trkpt lat="42.882704" lon="-8.509971">
        <ele>262.2594389554586</ele>
        <time>2025-06-30T08:55:33.000Z</time>
        <extensions>
          <gpxtpx:TrackPointExtension>
            <gpxtpx:Extensions>
              <highway>path</highway>
            </gpxtpx:Extensions>
          </gpxtpx:TrackPointExtension>
        </extensions>
      </trkpt>
      <trkpt lat="42.882717" lon="-8.509978">
        <ele>262.31765322389623</ele>
        <time>2025-06-30T08:55:36.062Z</time>
        <extensions>
          <gpxtpx:TrackPointExtension>
            <gpxtpx:Extensions>
              <highway>path</highway>
            </gpxtpx:Extensions>
          </gpxtpx:TrackPointExtension>
        </extensions>
      </trkpt>
      <trkpt lat="42.882739" lon="-8.509989">
        <ele>262.41912724012604</ele>
        <time>2025-06-30T08:55:41.198Z</time>
        <extensions>
          <gpxtpx:TrackPointExtension>
            <gpxtpx:Extensions>
              <highway>path</highway>
            </gpxtpx:Extensions>
          </gpxtpx:TrackPointExtension>
        </extensions>
      </trkpt>
      <trkpt lat="42.882739" lon="-8.510094">
        <ele>262.13026580014355</ele>
        <time>2025-06-30T08:55:58.056Z</time>
        <extensions>
          <gpxtpx:TrackPointExtension>
            <gpxtpx:Extensions>
              <highway>path</highway>
            </gpxtpx:Extensions>
          </gpxtpx:TrackPointExtension>
        </extensions>
      </trkpt>
      <trkpt lat="42.882797" lon="-8.509912">
        <ele>262.9377326389249</ele>
        <time>2025-06-30T08:56:29.920Z</time>
        <extensions>
          <gpxtpx:TrackPointExtension>
            <gpxtpx:Extensions>
              <highway>path</highway>
            </gpxtpx:Extensions>
          </gpxtpx:TrackPointExtension>
        </extensions>
      </trkpt>
      <trkpt lat="42.882846" lon="-8.509831">
        <ele>263.24177273655886</ele>
        <time>2025-06-30T08:56:46.829Z</time>
        <extensions>
          <gpxtpx:TrackPointExtension>
            <gpxtpx:Extensions>
              <highway>path</highway>
            </gpxtpx:Extensions>
          </gpxtpx:TrackPointExtension>
        </extensions>
      </trkpt>
      <trkpt lat="42.882882" lon="-8.509743">
        <ele>263.39801952731943</ele>
        <time>2025-06-30T08:57:02.568Z</time>
        <extensions>
          <gpxtpx:TrackPointExtension>
            <gpxtpx:Extensions>
              <highway>path</highway>
            </gpxtpx:Extensions>
          </gpxtpx:TrackPointExtension>
        </extensions>
      </trkpt>
      <trkpt lat="42.882884" lon="-8.509665">
        <ele>263.4065694378703</ele>
        <time>2025-06-30T08:57:14.760Z</time>
        <extensions>
          <gpxtpx:TrackPointExtension>
            <gpxtpx:Extensions>
              <highway>path</highway>
            </gpxtpx:Extensions>
          </gpxtpx:TrackPointExtension>
        </extensions>
      </trkpt>
      <trkpt lat="42.882875" lon="-8.50964">
        <ele>263.3757591862245</ele>
        <time>2025-06-30T08:57:19.112Z</time>
        <extensions>
          <gpxtpx:TrackPointExtension>
            <gpxtpx:Extensions>
              <highway>path</highway>
            </gpxtpx:Extensions>
          </gpxtpx:TrackPointExtension>
        </extensions>
      </trkpt>
      <trkpt lat="42.882873" lon="-8.509632">
        <ele>263.3693990891813</ele>
        <time>2025-06-30T08:57:20.430Z</time>
        <extensions>
          <gpxtpx:TrackPointExtension>
            <gpxtpx:Extensions>
              <highway>path</highway>
            </gpxtpx:Extensions>
          </gpxtpx:TrackPointExtension>
        </extensions>
      </trkpt>
      <trkpt lat="42.88286" lon="-8.509616">
        <ele>263.3280584638019</ele>
        <time>2025-06-30T08:57:24.176Z</time>
        <extensions>
          <gpxtpx:TrackPointExtension>
            <gpxtpx:Extensions>
              <highway>path</highway>
            </gpxtpx:Extensions>
          </gpxtpx:TrackPointExtension>
        </extensions>
      </trkpt>
      <trkpt lat="42.882699" lon="-8.509416">
        <ele>262.8160714397217</ele>
        <time>2025-06-30T08:58:10.790Z</time>
        <extensions>
          <gpxtpx:TrackPointExtension>
            <gpxtpx:Extensions>
              <highway>path</highway>
              <surface>compacted</surface>
            </gpxtpx:Extensions>
          </gpxtpx:TrackPointExtension>
        </extensions>
      </trkpt>
      <trkpt lat="42.882693" lon="-8.509398">
        <ele>262.7974840236951</ele>
        <time>2025-06-30T08:58:13.805Z</time>
        <extensions>
          <gpxtpx:TrackPointExtension>
            <gpxtpx:Extensions>
              <highway>path</highway>
              <surface>compacted</surface>
            </gpxtpx:Extensions>
          </gpxtpx:TrackPointExtension>
        </extensions>
      </trkpt>
      <trkpt lat="42.882689" lon="-8.509385">
        <ele>262.788038502126</ele>
        <time>2025-06-30T08:58:15.959Z</time>
        <extensions>
          <gpxtpx:TrackPointExtension>
            <gpxtpx:Extensions>
              <highway>path</highway>
              <surface>compacted</surface>
            </gpxtpx:Extensions>
          </gpxtpx:TrackPointExtension>
        </extensions>
      </trkpt>
      <trkpt lat="42.882693" lon="-8.509305">
        <ele>262.8402255486637</ele>
        <time>2025-06-30T08:58:28.186Z</time>
        <extensions>
          <gpxtpx:TrackPointExtension>
            <gpxtpx:Extensions>
              <highway>path</highway>
              <surface>compacted</surface>
            </gpxtpx:Extensions>
          </gpxtpx:TrackPointExtension>
        </extensions>
      </trkpt>
      <trkpt lat="42.882727" lon="-8.509197">
        <ele>262.9843153853813</ele>
        <time>2025-06-30T08:58:45.879Z</time>
        <extensions>
          <gpxtpx:TrackPointExtension>
            <gpxtpx:Extensions>
              <highway>path</highway>
              <surface>compacted</surface>
            </gpxtpx:Extensions>
          </gpxtpx:TrackPointExtension>
        </extensions>
      </trkpt>
      <trkpt lat="42.882845" lon="-8.50904">
        <ele>263.3803577529273</ele>
        <time>2025-06-30T08:59:19.143Z</time>
        <extensions>
          <gpxtpx:TrackPointExtension>
            <gpxtpx:Extensions>
              <highway>path</highway>
              <surface>compacted</surface>
            </gpxtpx:Extensions>
          </gpxtpx:TrackPointExtension>
        </extensions>
      </trkpt>
      <trkpt lat="42.882986" lon="-8.508886">
        <ele>263.9223991881827</ele>
        <time>2025-06-30T08:59:55.676Z</time>
        <extensions>
          <gpxtpx:TrackPointExtension>
            <gpxtpx:Extensions>
              <highway>path</highway>
              <surface>compacted</surface>
            </gpxtpx:Extensions>
          </gpxtpx:TrackPointExtension>
        </extensions>
      </trkpt>
      <trkpt lat="42.883049" lon="-8.508837">
        <ele>264.28000360808903</ele>
        <time>2025-06-30T09:00:10.636Z</time>
        <extensions>
          <gpxtpx:TrackPointExtension>
            <gpxtpx:Extensions>
              <highway>path</highway>
            </gpxtpx:Extensions>
          </gpxtpx:TrackPointExtension>
        </extensions>
      </trkpt>
      <trkpt lat="42.883042" lon="-8.508836">
        <ele>264.24777809041643</ele>
        <time>2025-06-30T09:00:12.085Z</time>
        <extensions>
          <gpxtpx:TrackPointExtension>
            <gpxtpx:Extensions>
              <highway>path</highway>
            </gpxtpx:Extensions>
          </gpxtpx:TrackPointExtension>
        </extensions>
      </trkpt>
      <trkpt lat="42.883011" lon="-8.508828">
        <ele>264.10922614524645</ele>
        <time>2025-06-30T09:00:18.583Z</time>
        <extensions>
          <gpxtpx:TrackPointExtension>
            <gpxtpx:Extensions>
              <highway>steps</highway>
            </gpxtpx:Extensions>
          </gpxtpx:TrackPointExtension>
        </extensions>
      </trkpt>
      <trkpt lat="42.882895" lon="-8.508771">
        <ele>263.76589328753835</ele>
        <time>2025-06-30T09:00:43.972Z</time>
        <extensions>
          <gpxtpx:TrackPointExtension>
            <gpxtpx:Extensions>
              <highway>unclassified</highway>
              <surface>asphalt</surface>
            </gpxtpx:Extensions>
          </gpxtpx:TrackPointExtension>
        </extensions>
      </trkpt>
      <trkpt lat="42.882897" lon="-8.508771">
        <ele>263.7722533868167</ele>
        <time>2025-06-30T09:00:44.401Z</time>
        <extensions>
          <gpxtpx:TrackPointExtension>
            <gpxtpx:Extensions>
              <highway>unclassified</highway>
              <surface>asphalt</surface>
            </gpxtpx:Extensions>
          </gpxtpx:TrackPointExtension>
        </extensions>
      </trkpt>
      <trkpt lat="42.883249" lon="-8.508627">
        <ele>265.59613966897655</ele>
        <time>2025-06-30T09:01:59.894Z</time>
        <extensions>
          <gpxtpx:TrackPointExtension>
            <gpxtpx:Extensions>
              <highway>unclassified</highway>
              <surface>asphalt</surface>
            </gpxtpx:Extensions>
          </gpxtpx:TrackPointExtension>
        </extensions>
      </trkpt>
      <trkpt lat="42.883371" lon="-8.508589">
        <ele>266.12838153652905</ele>
        <time>2025-06-30T09:02:25.062Z</time>
        <extensions>
          <gpxtpx:TrackPointExtension>
            <gpxtpx:Extensions>
              <reversedirection>yes</reversedirection>
              <highway>unclassified</highway>
            </gpxtpx:Extensions>
          </gpxtpx:TrackPointExtension>
        </extensions>
      </trkpt>
      <trkpt lat="42.883244" lon="-8.508575">
        <ele>265.6408237216534</ele>
        <time>2025-06-30T09:02:50.686Z</time>
        <extensions>
          <gpxtpx:TrackPointExtension>
            <gpxtpx:Extensions>
              <reversedirection>yes</reversedirection>
              <highway>unclassified</highway>
            </gpxtpx:Extensions>
          </gpxtpx:TrackPointExtension>
        </extensions>
      </trkpt>
      <trkpt lat="42.883025" lon="-8.508531">
        <ele>264.8964959966959</ele>
        <time>2025-06-30T09:03:35.206Z</time>
        <extensions>
          <gpxtpx:TrackPointExtension>
            <gpxtpx:Extensions>
              <reversedirection>yes</reversedirection>
              <highway>unclassified</highway>
            </gpxtpx:Extensions>
          </gpxtpx:TrackPointExtension>
        </extensions>
      </trkpt>
      <trkpt lat="42.88291" lon="-8.508481">
        <ele>264.5898397186894</ele>
        <time>2025-06-30T09:03:59.480Z</time>
        <extensions>
          <gpxtpx:TrackPointExtension>
            <gpxtpx:Extensions>
              <reversedirection>yes</reversedirection>
              <highway>unclassified</highway>
            </gpxtpx:Extensions>
          </gpxtpx:TrackPointExtension>
        </extensions>
      </trkpt>
      <trkpt lat="42.882824" lon="-8.508408">
        <ele>264.3124084414827</ele>
        <time>2025-06-30T09:04:20.927Z</time>
        <extensions>
          <gpxtpx:TrackPointExtension>
            <gpxtpx:Extensions>
              <reversedirection>yes</reversedirection>
              <highway>unclassified</highway>
            </gpxtpx:Extensions>
          </gpxtpx:TrackPointExtension>
        </extensions>
      </trkpt>
      <trkpt lat="42.882783" lon="-8.508284">
        <ele>264.29705255993207</ele>
        <time>2025-06-30T09:04:42.036Z</time>
        <extensions>
          <gpxtpx:TrackPointExtension>
            <gpxtpx:Extensions>
              <reversedirection>yes</reversedirection>
              <highway>residential</highway>
            </gpxtpx:Extensions>
          </gpxtpx:TrackPointExtension>
        </extensions>
      </trkpt>
      <trkpt lat="42.882664" lon="-8.507977">
        <ele>266.3501497571723</ele>
        <time>2025-06-30T09:05:36.713Z</time>
        <extensions>
          <gpxtpx:TrackPointExtension>
            <gpxtpx:Extensions>
              <reversedirection>yes</reversedirection>
              <highway>residential</highway>
            </gpxtpx:Extensions>
          </gpxtpx:TrackPointExtension>
        </extensions>
      </trkpt>
      <trkpt lat="42.882527" lon="-8.507654">
        <ele>271.9016642645471</ele>
        <time>2025-06-30T09:06:51.040Z</time>
        <extensions>
          <gpxtpx:TrackPointExtension>
            <gpxtpx:Extensions>
              <reversedirection>yes</reversedirection>
              <highway>residential</highway>
            </gpxtpx:Extensions>
          </gpxtpx:TrackPointExtension>
        </extensions>
      </trkpt>
      <trkpt lat="42.882516" lon="-8.5076">
        <ele>272.81206408448804</ele>
        <time>2025-06-30T09:07:00.622Z</time>
        <extensions>
          <gpxtpx:TrackPointExtension>
            <gpxtpx:Extensions>
              <reversedirection>yes</reversedirection>
              <highway>residential</highway>
            </gpxtpx:Extensions>
          </gpxtpx:TrackPointExtension>
        </extensions>
      </trkpt>
      <trkpt lat="42.882508" lon="-8.507607">
        <ele>272.74033934277014</ele>
        <time>2025-06-30T09:07:02.840Z</time>
        <extensions>
          <gpxtpx:TrackPointExtension>
            <gpxtpx:Extensions>
              <reversedirection>yes</reversedirection>
              <highway>residential</highway>
            </gpxtpx:Extensions>
          </gpxtpx:TrackPointExtension>
        </extensions>
      </trkpt>
      <trkpt lat="42.882192" lon="-8.507923">
        <ele>269.6116560695398</ele>
        <time>2025-06-30T09:08:35.133Z</time>
        <extensions>
          <gpxtpx:TrackPointExtension>
            <gpxtpx:Extensions>
              <reversedirection>yes</reversedirection>
              <highway>residential</highway>
            </gpxtpx:Extensions>
          </gpxtpx:TrackPointExtension>
        </extensions>
      </trkpt>
      <trkpt lat="42.882191" lon="-8.507924">
        <ele>269.60077662310516</ele>
        <time>2025-06-30T09:08:35.417Z</time>
        <extensions>
          <gpxtpx:TrackPointExtension>
            <gpxtpx:Extensions>
              <reversedirection>yes</reversedirection>
              <highway>residential</highway>
            </gpxtpx:Extensions>
          </gpxtpx:TrackPointExtension>
        </extensions>
      </trkpt>
      <trkpt lat="42.882169" lon="-8.507945">
        <ele>269.35626311101987</ele>
        <time>2025-06-30T09:08:41.739Z</time>
        <extensions>
          <gpxtpx:TrackPointExtension>
            <gpxtpx:Extensions>
              <reversedirection>yes</reversedirection>
              <highway>track</highway>
            </gpxtpx:Extensions>
          </gpxtpx:TrackPointExtension>
        </extensions>
      </trkpt>
      <trkpt lat="42.88202" lon="-8.507537">
        <ele>273.04965868887456</ele>
        <time>2025-06-30T09:10:00.434Z</time>
        <extensions>
          <gpxtpx:TrackPointExtension>
            <gpxtpx:Extensions>
              <reversedirection>yes</reversedirection>
              <highway>path</highway>
            </gpxtpx:Extensions>
          </gpxtpx:TrackPointExtension>
        </extensions>
      </trkpt>
      <trkpt lat="42.881979" lon="-8.507364">
        <ele>274.16037992749017</ele>
        <time>2025-06-30T09:10:31.822Z</time>
        <extensions>
          <gpxtpx:TrackPointExtension>
            <gpxtpx:Extensions>
              <reversedirection>yes</reversedirection>
              <highway>path</highway>
            </gpxtpx:Extensions>
          </gpxtpx:TrackPointExtension>
        </extensions>
      </trkpt>
      <trkpt lat="42.881788" lon="-8.506921">
        <ele>273.2509564869602</ele>
        <time>2025-06-30T09:12:00.552Z</time>
        <extensions>
          <gpxtpx:TrackPointExtension>
            <gpxtpx:Extensions>
              <reversedirection>yes</reversedirection>
              <highway>path</highway>
            </gpxtpx:Extensions>
          </gpxtpx:TrackPointExtension>
        </extensions>
      </trkpt>
      <trkpt lat="42.881743" lon="-8.506667">
        <ele>273.07174445004244</ele>
        <time>2025-06-30T09:12:45.663Z</time>
        <extensions>
          <gpxtpx:TrackPointExtension>
            <gpxtpx:Extensions>
              <reversedirection>yes</reversedirection>
              <highway>path</highway>
            </gpxtpx:Extensions>
          </gpxtpx:TrackPointExtension>
        </extensions>
      </trkpt>
      <trkpt lat="42.881862" lon="-8.506532">
        <ele>275.1542371864432</ele>
        <time>2025-06-30T09:13:22.118Z</time>
        <extensions>
          <gpxtpx:TrackPointExtension>
            <gpxtpx:Extensions>
              <reversedirection>yes</reversedirection>
              <highway>path</highway>
            </gpxtpx:Extensions>
          </gpxtpx:TrackPointExtension>
        </extensions>
      </trkpt>
      <trkpt lat="42.882114" lon="-8.506318">
        <ele>279.5512435874675</ele>
        <time>2025-06-30T09:14:32.041Z</time>
        <extensions>
          <gpxtpx:TrackPointExtension>
            <gpxtpx:Extensions>
              <reversedirection>yes</reversedirection>
              <highway>path</highway>
            </gpxtpx:Extensions>
          </gpxtpx:TrackPointExtension>
        </extensions>
      </trkpt>
      <trkpt lat="42.882499" lon="-8.505921">
        <ele>283.9800645749086</ele>
        <time>2025-06-30T09:16:25.722Z</time>
        <extensions>
          <gpxtpx:TrackPointExtension>
            <gpxtpx:Extensions>
              <reversedirection>yes</reversedirection>
              <highway>path</highway>
            </gpxtpx:Extensions>
          </gpxtpx:TrackPointExtension>
        </extensions>
      </trkpt>
      <trkpt lat="42.882536" lon="-8.505871">
        <ele>284</ele>
        <time>2025-06-30T09:16:37.989Z</time>
        <extensions>
          <gpxtpx:TrackPointExtension>
            <gpxtpx:Extensions>
              <reversedirection>yes</reversedirection>
              <highway>path</highway>
            </gpxtpx:Extensions>
          </gpxtpx:TrackPointExtension>
        </extensions>
      </trkpt>
      <trkpt lat="42.882564" lon="-8.505812">
        <ele>284</ele>
        <time>2025-06-30T09:16:50.120Z</time>
        <extensions>
          <gpxtpx:TrackPointExtension>
            <gpxtpx:Extensions>
              <reversedirection>yes</reversedirection>
              <highway>path</highway>
            </gpxtpx:Extensions>
          </gpxtpx:TrackPointExtension>
        </extensions>
      </trkpt>
      <trkpt lat="42.882541" lon="-8.505698">
        <ele>284</ele>
        <time>2025-06-30T09:17:10.531Z</time>
        <extensions>
          <gpxtpx:TrackPointExtension>
            <gpxtpx:Extensions>
              <reversedirection>yes</reversedirection>
              <highway>path</highway>
            </gpxtpx:Extensions>
          </gpxtpx:TrackPointExtension>
        </extensions>
      </trkpt>
      <trkpt lat="42.882487" lon="-8.505537">
        <ele>283.91285634289983</ele>
        <time>2025-06-30T09:17:41.096Z</time>
        <extensions>
          <gpxtpx:TrackPointExtension>
            <gpxtpx:Extensions>
              <reversedirection>yes</reversedirection>
              <highway>path</highway>
            </gpxtpx:Extensions>
          </gpxtpx:TrackPointExtension>
        </extensions>
      </trkpt>
      <trkpt lat="42.882489" lon="-8.505453">
        <ele>283.9223964287435</ele>
        <time>2025-06-30T09:17:55.604Z</time>
        <extensions>
          <gpxtpx:TrackPointExtension>
            <gpxtpx:Extensions>
              <reversedirection>yes</reversedirection>
              <highway>path</highway>
            </gpxtpx:Extensions>
          </gpxtpx:TrackPointExtension>
        </extensions>
      </trkpt>
      <trkpt lat="42.882616" lon="-8.505259">
        <ele>284.5830616561738</ele>
        <time>2025-06-30T09:18:40.512Z</time>
        <extensions>
          <gpxtpx:TrackPointExtension>
            <gpxtpx:Extensions>
              <reversedirection>yes</reversedirection>
              <highway>track</highway>
            </gpxtpx:Extensions>
          </gpxtpx:TrackPointExtension>
        </extensions>
      </trkpt>
      <trkpt lat="42.882606" lon="-8.505239">
        <ele>284.64233382160035</ele>
        <time>2025-06-30T09:18:44.692Z</time>
      </trkpt>
      <trkpt lat="42.882606" lon="-8.505239">
        <ele>284.64233382160035</ele>
        <time>2025-06-30T09:18:44.692Z</time>
        <extensions>
          <gpxtpx:TrackPointExtension>
            <gpxtpx:Extensions>
              <reversedirection>yes</reversedirection>
              <highway>track</highway>
            </gpxtpx:Extensions>
          </gpxtpx:TrackPointExtension>
        </extensions>
      </trkpt>
      <trkpt lat="42.882558" lon="-8.505126">
        <ele>284.77991208119215</ele>
        <time>2025-06-30T09:19:10.246Z</time>
        <extensions>
          <gpxtpx:TrackPointExtension>
            <gpxtpx:Extensions>
              <reversedirection>yes</reversedirection>
              <highway>track</highway>
            </gpxtpx:Extensions>
          </gpxtpx:TrackPointExtension>
        </extensions>
      </trkpt>
      <trkpt lat="42.882464" lon="-8.504746">
        <ele>284.90651039532884</ele>
        <time>2025-06-30T09:20:11.654Z</time>
        <extensions>
          <gpxtpx:TrackPointExtension>
            <gpxtpx:Extensions>
              <reversedirection>yes</reversedirection>
              <highway>track</highway>
            </gpxtpx:Extensions>
          </gpxtpx:TrackPointExtension>
        </extensions>
      </trkpt>
      <trkpt lat="42.882397" lon="-8.50443">
        <ele>284.2557018677248</ele>
        <time>2025-06-30T09:20:59.574Z</time>
        <extensions>
          <gpxtpx:TrackPointExtension>
            <gpxtpx:Extensions>
              <reversedirection>yes</reversedirection>
              <highway>track</highway>
            </gpxtpx:Extensions>
          </gpxtpx:TrackPointExtension>
        </extensions>
      </trkpt>
      <trkpt lat="42.882377" lon="-8.504189">
        <ele>284.5898355841175</ele>
        <time>2025-06-30T09:21:34.447Z</time>
        <extensions>
          <gpxtpx:TrackPointExtension>
            <gpxtpx:Extensions>
              <reversedirection>yes</reversedirection>
              <highway>track</highway>
            </gpxtpx:Extensions>
          </gpxtpx:TrackPointExtension>
        </extensions>
      </trkpt>
      <trkpt lat="42.882408" lon="-8.504119">
        <ele>284.81166315953</ele>
        <time>2025-06-30T09:21:46.207Z</time>
        <extensions>
          <gpxtpx:TrackPointExtension>
            <gpxtpx:Extensions>
              <highway>unclassified</highway>
              <surface>asphalt</surface>
            </gpxtpx:Extensions>
          </gpxtpx:TrackPointExtension>
        </extensions>
      </trkpt>
      <trkpt lat="42.882385" lon="-8.504098">
        <ele>284.7648432211957</ele>
        <time>2025-06-30T09:21:52.180Z</time>
        <extensions>
          <gpxtpx:TrackPointExtension>
            <gpxtpx:Extensions>
              <highway>unclassified</highway>
              <surface>asphalt</surface>
            </gpxtpx:Extensions>
          </gpxtpx:TrackPointExtension>
        </extensions>
      </trkpt>
      <trkpt lat="42.881808" lon="-8.503555">
        <ele>286.1879065482786</ele>
        <time>2025-06-30T09:24:23.364Z</time>
        <extensions>
          <gpxtpx:TrackPointExtension>
            <gpxtpx:Extensions>
              <highway>unclassified</highway>
              <surface>asphalt</surface>
            </gpxtpx:Extensions>
          </gpxtpx:TrackPointExtension>
        </extensions>
      </trkpt>
      <trkpt lat="42.881674" lon="-8.503443">
        <ele>286.68791153167905</ele>
        <time>2025-06-30T09:24:57.696Z</time>
        <extensions>
          <gpxtpx:TrackPointExtension>
            <gpxtpx:Extensions>
              <highway>unclassified</highway>
              <surface>asphalt</surface>
            </gpxtpx:Extensions>
          </gpxtpx:TrackPointExtension>
        </extensions>
      </trkpt>
      <trkpt lat="42.880601" lon="-8.502338">
        <ele>290.5354031813072</ele>
        <time>2025-06-30T09:30:02.041Z</time>
        <extensions>
          <gpxtpx:TrackPointExtension>
            <gpxtpx:Extensions>
              <highway>footway</highway>
              <surface>asphalt</surface>
            </gpxtpx:Extensions>
          </gpxtpx:TrackPointExtension>
        </extensions>
      </trkpt>
      <trkpt lat="42.880627" lon="-8.502293">
        <ele>290.75919105503783</ele>
        <time>2025-06-30T09:30:11.439Z</time>
        <extensions>
          <gpxtpx:TrackPointExtension>
            <gpxtpx:Extensions>
              <highway>footway</highway>
              <surface>compacted</surface>
            </gpxtpx:Extensions>
          </gpxtpx:TrackPointExtension>
        </extensions>
      </trkpt>
      <trkpt lat="42.880564" lon="-8.502209">
        <ele>290.9379083763362</ele>
        <time>2025-06-30T09:30:31.150Z</time>
        <extensions>
          <gpxtpx:TrackPointExtension>
            <gpxtpx:Extensions>
              <highway>footway</highway>
              <surface>compacted</surface>
            </gpxtpx:Extensions>
          </gpxtpx:TrackPointExtension>
        </extensions>
      </trkpt>
      <trkpt lat="42.880525" lon="-8.502135">
        <ele>291.1356945080455</ele>
        <time>2025-06-30T09:30:46.097Z</time>
        <extensions>
          <gpxtpx:TrackPointExtension>
            <gpxtpx:Extensions>
              <highway>footway</highway>
              <surface>compacted</surface>
            </gpxtpx:Extensions>
          </gpxtpx:TrackPointExtension>
        </extensions>
      </trkpt>
      <trkpt lat="42.880519" lon="-8.502062">
        <ele>291.3813082195826</ele>
        <time>2025-06-30T09:30:58.145Z</time>
        <extensions>
          <gpxtpx:TrackPointExtension>
            <gpxtpx:Extensions>
              <highway>footway</highway>
              <surface>compacted</surface>
            </gpxtpx:Extensions>
          </gpxtpx:TrackPointExtension>
        </extensions>
      </trkpt>
      <trkpt lat="42.880528" lon="-8.501968">
        <ele>291.71315907546995</ele>
        <time>2025-06-30T09:31:13.691Z</time>
        <extensions>
          <gpxtpx:TrackPointExtension>
            <gpxtpx:Extensions>
              <highway>footway</highway>
              <surface>compacted</surface>
            </gpxtpx:Extensions>
          </gpxtpx:TrackPointExtension>
        </extensions>
      </trkpt>
      <trkpt lat="42.880547" lon="-8.501892">
        <ele>291.9472744440196</ele>
        <time>2025-06-30T09:31:26.859Z</time>
        <extensions>
          <gpxtpx:TrackPointExtension>
            <gpxtpx:Extensions>
              <highway>footway</highway>
              <surface>compacted</surface>
            </gpxtpx:Extensions>
          </gpxtpx:TrackPointExtension>
        </extensions>
      </trkpt>
      <trkpt lat="42.880608" lon="-8.50178">
        <ele>292.0166392149637</ele>
        <time>2025-06-30T09:31:49.742Z</time>
        <extensions>
          <gpxtpx:TrackPointExtension>
            <gpxtpx:Extensions>
              <highway>footway</highway>
              <surface>compacted</surface>
            </gpxtpx:Extensions>
          </gpxtpx:TrackPointExtension>
        </extensions>
      </trkpt>
      <trkpt lat="42.880633" lon="-8.501733">
        <ele>292.03769944749905</ele>
        <time>2025-06-30T09:31:59.764Z</time>
        <extensions>
          <gpxtpx:TrackPointExtension>
            <gpxtpx:Extensions>
              <highway>footway</highway>
              <surface>compacted</surface>
            </gpxtpx:Extensions>
          </gpxtpx:TrackPointExtension>
        </extensions>
      </trkpt>
      <trkpt lat="42.880798" lon="-8.501548">
        <ele>292.64958102637956</ele>
        <time>2025-06-30T09:32:50.062Z</time>
        <extensions>
          <gpxtpx:TrackPointExtension>
            <gpxtpx:Extensions>
              <highway>footway</highway>
              <surface>compacted</surface>
            </gpxtpx:Extensions>
          </gpxtpx:TrackPointExtension>
        </extensions>
      </trkpt>
      <trkpt lat="42.880935" lon="-8.501371">
        <ele>294.54086222676597</ele>
        <time>2025-06-30T09:33:36.534Z</time>
        <extensions>
          <gpxtpx:TrackPointExtension>
            <gpxtpx:Extensions>
              <highway>footway</highway>
              <surface>compacted</surface>
            </gpxtpx:Extensions>
          </gpxtpx:TrackPointExtension>
        </extensions>
      </trkpt>
      <trkpt lat="42.88107" lon="-8.501196">
        <ele>296.30890818350116</ele>
        <time>2025-06-30T09:34:23.888Z</time>
        <extensions>
          <gpxtpx:TrackPointExtension>
            <gpxtpx:Extensions>
              <highway>footway</highway>
              <surface>compacted</surface>
            </gpxtpx:Extensions>
          </gpxtpx:TrackPointExtension>
        </extensions>
      </trkpt>
      <trkpt lat="42.88115" lon="-8.501097">
        <ele>297.2108750573832</ele>
        <time>2025-06-30T09:34:52.360Z</time>
        <extensions>
          <gpxtpx:TrackPointExtension>
            <gpxtpx:Extensions>
              <highway>footway</highway>
              <surface>compacted</surface>
            </gpxtpx:Extensions>
          </gpxtpx:TrackPointExtension>
        </extensions>
      </trkpt>
      <trkpt lat="42.881364" lon="-8.50083">
        <ele>299.3619774670351</ele>
        <time>2025-06-30T09:36:08.147Z</time>
        <extensions>
          <gpxtpx:TrackPointExtension>
            <gpxtpx:Extensions>
              <highway>footway</highway>
              <surface>compacted</surface>
            </gpxtpx:Extensions>
          </gpxtpx:TrackPointExtension>
        </extensions>
      </trkpt>
      <trkpt lat="42.881899" lon="-8.500195">
        <ele>302.09385991280067</ele>
        <time>2025-06-30T09:39:11.178Z</time>
        <extensions>
          <gpxtpx:TrackPointExtension>
            <gpxtpx:Extensions>
              <highway>footway</highway>
              <surface>compacted</surface>
            </gpxtpx:Extensions>
          </gpxtpx:TrackPointExtension>
        </extensions>
      </trkpt>
      <trkpt lat="42.881967" lon="-8.50011">
        <ele>302.40633697537754</ele>
        <time>2025-06-30T09:39:32.518Z</time>
        <extensions>
          <gpxtpx:TrackPointExtension>
            <gpxtpx:Extensions>
              <highway>footway</highway>
              <surface>compacted</surface>
            </gpxtpx:Extensions>
          </gpxtpx:TrackPointExtension>
        </extensions>
      </trkpt>
      <trkpt lat="42.882327" lon="-8.49966">
        <ele>306.6363062404568</ele>
        <time>2025-06-30T09:41:23.875Z</time>
        <extensions>
          <gpxtpx:TrackPointExtension>
            <gpxtpx:Extensions>
              <highway>footway</highway>
              <surface>asphalt</surface>
            </gpxtpx:Extensions>
          </gpxtpx:TrackPointExtension>
        </extensions>
      </trkpt>
      <trkpt lat="42.882352" lon="-8.49963">
        <ele>307.0715398212202</ele>
        <time>2025-06-30T09:41:32.917Z</time>
        <extensions>
          <gpxtpx:TrackPointExtension>
            <gpxtpx:Extensions>
              <highway>footway</highway>
              <surface>asphalt</surface>
            </gpxtpx:Extensions>
          </gpxtpx:TrackPointExtension>
        </extensions>
      </trkpt>
      <trkpt lat="42.882371" lon="-8.499607">
        <ele>307.4871470245771</ele>
        <time>2025-06-30T09:41:40.218Z</time>
        <extensions>
          <gpxtpx:TrackPointExtension>
            <gpxtpx:Extensions>
              <highway>footway</highway>
              <surface>asphalt</surface>
            </gpxtpx:Extensions>
          </gpxtpx:TrackPointExtension>
        </extensions>
      </trkpt>
      <trkpt lat="42.882395" lon="-8.499578">
        <ele>308.01145007556823</ele>
        <time>2025-06-30T09:41:49.434Z</time>
        <extensions>
          <gpxtpx:TrackPointExtension>
            <gpxtpx:Extensions>
              <highway>footway</highway>
              <surface>asphalt</surface>
            </gpxtpx:Extensions>
          </gpxtpx:TrackPointExtension>
        </extensions>
      </trkpt>
      <trkpt lat="42.88244" lon="-8.499521">
        <ele>309.0684579405009</ele>
        <time>2025-06-30T09:42:07.081Z</time>
        <extensions>
          <gpxtpx:TrackPointExtension>
            <gpxtpx:Extensions>
              <reversedirection>yes</reversedirection>
              <highway>footway</highway>
              <surface>paving_stones</surface>
            </gpxtpx:Extensions>
          </gpxtpx:TrackPointExtension>
        </extensions>
      </trkpt>
      <trkpt lat="42.883549" lon="-8.498173">
        <ele>326.87870833296427</ele>
        <time>2025-06-30T09:49:14.015Z</time>
        <extensions>
          <gpxtpx:TrackPointExtension>
            <gpxtpx:Extensions>
              <reversedirection>yes</reversedirection>
              <highway>footway</highway>
              <surface>paving_stones</surface>
            </gpxtpx:Extensions>
          </gpxtpx:TrackPointExtension>
        </extensions>
      </trkpt>
      <trkpt lat="42.884515" lon="-8.497">
        <ele>339.1890947855152</ele>
        <time>2025-06-30T09:55:12.786Z</time>
        <extensions>
          <gpxtpx:TrackPointExtension>
            <gpxtpx:Extensions>
              <reversedirection>yes</reversedirection>
              <highway>path</highway>
              <surface>asphalt</surface>
            </gpxtpx:Extensions>
          </gpxtpx:TrackPointExtension>
        </extensions>
      </trkpt>
      <trkpt lat="42.884515" lon="-8.497">
        <ele>339.1890947855152</ele>
        <time>2025-06-30T09:55:12.786Z</time>
        <extensions>
          <gpxtpx:TrackPointExtension>
            <gpxtpx:Extensions>
              <reversedirection>yes</reversedirection>
              <highway>path</highway>
              <surface>asphalt</surface>
            </gpxtpx:Extensions>
          </gpxtpx:TrackPointExtension>
        </extensions>
      </trkpt>
      <trkpt lat="42.884472" lon="-8.496946">
        <ele>339.99294588899653</ele>
        <time>2025-06-30T09:55:28.999Z</time>
        <extensions>
          <gpxtpx:TrackPointExtension>
            <gpxtpx:Extensions>
              <reversedirection>yes</reversedirection>
              <highway>path</highway>
              <surface>asphalt</surface>
            </gpxtpx:Extensions>
          </gpxtpx:TrackPointExtension>
        </extensions>
      </trkpt>
      <trkpt lat="42.884431" lon="-8.496885">
        <ele>340.7748090573222</ele>
        <time>2025-06-30T09:55:45.828Z</time>
        <extensions>
          <gpxtpx:TrackPointExtension>
            <gpxtpx:Extensions>
              <highway>footway</highway>
              <surface>paving_stones</surface>
            </gpxtpx:Extensions>
          </gpxtpx:TrackPointExtension>
        </extensions>
      </trkpt>
      <trkpt lat="42.88496" lon="-8.496244">
        <ele>345.44967637327557</ele>
        <time>2025-06-30T09:59:02.113Z</time>
      </trkpt>
      <trkpt lat="42.884961" lon="-8.496243">
        <ele>345.45666687996186</ele>
        <time>2025-06-30T09:59:02.448Z</time>
        <extensions>
          <gpxtpx:TrackPointExtension>
            <gpxtpx:Extensions>
              <highway>footway</highway>
              <surface>paving_stones</surface>
            </gpxtpx:Extensions>
          </gpxtpx:TrackPointExtension>
        </extensions>
      </trkpt>
      <trkpt lat="42.885388" lon="-8.495725">
        <ele>348.36652586462554</ele>
        <time>2025-06-30T10:01:29.539Z</time>
        <extensions>
          <gpxtpx:TrackPointExtension>
            <gpxtpx:Extensions>
              <highway>footway</highway>
              <surface>paving_stones</surface>
            </gpxtpx:Extensions>
          </gpxtpx:TrackPointExtension>
        </extensions>
      </trkpt>
      <trkpt lat="42.885588" lon="-8.495485">
        <ele>349.911182140909</ele>
        <time>2025-06-30T10:02:30.082Z</time>
        <extensions>
          <gpxtpx:TrackPointExtension>
            <gpxtpx:Extensions>
              <highway>footway</highway>
              <surface>paving_stones</surface>
            </gpxtpx:Extensions>
          </gpxtpx:TrackPointExtension>
        </extensions>
      </trkpt>
      <trkpt lat="42.885594" lon="-8.495478">
        <ele>349.9424195308012</ele>
        <time>2025-06-30T10:02:31.792Z</time>
        <extensions>
          <gpxtpx:TrackPointExtension>
            <gpxtpx:Extensions>
              <highway>path</highway>
            </gpxtpx:Extensions>
          </gpxtpx:TrackPointExtension>
        </extensions>
      </trkpt>
      <trkpt lat="42.885511" lon="-8.495427">
        <ele>350.1194665730471</ele>
        <time>2025-06-30T10:02:51.462Z</time>
        <extensions>
          <gpxtpx:TrackPointExtension>
            <gpxtpx:Extensions>
              <highway>path</highway>
            </gpxtpx:Extensions>
          </gpxtpx:TrackPointExtension>
        </extensions>
      </trkpt>
      <trkpt lat="42.885478" lon="-8.495389">
        <ele>350.28015976804375</ele>
        <time>2025-06-30T10:03:00.791Z</time>
        <extensions>
          <gpxtpx:TrackPointExtension>
            <gpxtpx:Extensions>
              <highway>path</highway>
            </gpxtpx:Extensions>
          </gpxtpx:TrackPointExtension>
        </extensions>
      </trkpt>
      <trkpt lat="42.885421" lon="-8.495348">
        <ele>350.3855002095929</ele>
        <time>2025-06-30T10:03:14.682Z</time>
        <extensions>
          <gpxtpx:TrackPointExtension>
            <gpxtpx:Extensions>
              <highway>path</highway>
            </gpxtpx:Extensions>
          </gpxtpx:TrackPointExtension>
        </extensions>
      </trkpt>
      <trkpt lat="42.885123" lon="-8.495312">
        <ele>349.8830097757984</ele>
        <time>2025-06-30T10:04:19.188Z</time>
        <extensions>
          <gpxtpx:TrackPointExtension>
            <gpxtpx:Extensions>
              <highway>path</highway>
            </gpxtpx:Extensions>
          </gpxtpx:TrackPointExtension>
        </extensions>
      </trkpt>
      <trkpt lat="42.885041" lon="-8.495293">
        <ele>349.99944087923564</ele>
        <time>2025-06-30T10:04:37.247Z</time>
        <extensions>
          <gpxtpx:TrackPointExtension>
            <gpxtpx:Extensions>
              <highway>path</highway>
            </gpxtpx:Extensions>
          </gpxtpx:TrackPointExtension>
        </extensions>
      </trkpt>
      <trkpt lat="42.884962" lon="-8.495237">
        <ele>350.63864800264133</ele>
        <time>2025-06-30T10:04:58.091Z</time>
        <extensions>
          <gpxtpx:TrackPointExtension>
            <gpxtpx:Extensions>
              <highway>path</highway>
            </gpxtpx:Extensions>
          </gpxtpx:TrackPointExtension>
        </extensions>
      </trkpt>
      <trkpt lat="42.884961" lon="-8.495234">
        <ele>350.6608945035609</ele>
        <time>2025-06-30T10:04:58.669Z</time>
        <extensions>
          <gpxtpx:TrackPointExtension>
            <gpxtpx:Extensions>
              <highway>path</highway>
            </gpxtpx:Extensions>
          </gpxtpx:TrackPointExtension>
        </extensions>
      </trkpt>
      <trkpt lat="42.884953" lon="-8.495199">
        <ele>350.90101093865735</ele>
        <time>2025-06-30T10:05:05.544Z</time>
        <extensions>
          <gpxtpx:TrackPointExtension>
            <gpxtpx:Extensions>
              <highway>path</highway>
            </gpxtpx:Extensions>
          </gpxtpx:TrackPointExtension>
        </extensions>
      </trkpt>
      <trkpt lat="42.884928" lon="-8.495182">
        <ele>351.1191328661682</ele>
        <time>2025-06-30T10:05:12.695Z</time>
        <extensions>
          <gpxtpx:TrackPointExtension>
            <gpxtpx:Extensions>
              <highway>path</highway>
            </gpxtpx:Extensions>
          </gpxtpx:TrackPointExtension>
        </extensions>
      </trkpt>
      <trkpt lat="42.884904" lon="-8.495182">
        <ele>351.23193892759235</ele>
        <time>2025-06-30T10:05:18.841Z</time>
        <extensions>
          <gpxtpx:TrackPointExtension>
            <gpxtpx:Extensions>
              <highway>path</highway>
            </gpxtpx:Extensions>
          </gpxtpx:TrackPointExtension>
        </extensions>
      </trkpt>
      <trkpt lat="42.88487" lon="-8.495211">
        <ele>351.1907818258514</ele>
        <time>2025-06-30T10:05:29.104Z</time>
        <extensions>
          <gpxtpx:TrackPointExtension>
            <gpxtpx:Extensions>
              <highway>path</highway>
            </gpxtpx:Extensions>
          </gpxtpx:TrackPointExtension>
        </extensions>
      </trkpt>
      <trkpt lat="42.884785" lon="-8.495354">
        <ele>350.64686245415464</ele>
        <time>2025-06-30T10:06:03.638Z</time>
        <extensions>
          <gpxtpx:TrackPointExtension>
            <gpxtpx:Extensions>
              <highway>path</highway>
            </gpxtpx:Extensions>
          </gpxtpx:TrackPointExtension>
        </extensions>
      </trkpt>
      <trkpt lat="42.884777" lon="-8.495479">
        <ele>349.8870830613196</ele>
        <time>2025-06-30T10:06:27.171Z</time>
        <extensions>
          <gpxtpx:TrackPointExtension>
            <gpxtpx:Extensions>
              <highway>path</highway>
            </gpxtpx:Extensions>
          </gpxtpx:TrackPointExtension>
        </extensions>
      </trkpt>
      <trkpt lat="42.884759" lon="-8.495487">
        <ele>349.9737457958763</ele>
        <time>2025-06-30T10:06:32.018Z</time>
        <extensions>
          <gpxtpx:TrackPointExtension>
            <gpxtpx:Extensions>
              <highway>path</highway>
            </gpxtpx:Extensions>
          </gpxtpx:TrackPointExtension>
        </extensions>
      </trkpt>
      <trkpt lat="42.884721" lon="-8.49545">
        <ele>350.48844311709513</ele>
        <time>2025-06-30T10:06:43.967Z</time>
        <extensions>
          <gpxtpx:TrackPointExtension>
            <gpxtpx:Extensions>
              <highway>path</highway>
            </gpxtpx:Extensions>
          </gpxtpx:TrackPointExtension>
        </extensions>
      </trkpt>
      <trkpt lat="42.884712" lon="-8.495392">
        <ele>351.0080502550911</ele>
        <time>2025-06-30T10:06:55.088Z</time>
        <extensions>
          <gpxtpx:TrackPointExtension>
            <gpxtpx:Extensions>
              <highway>path</highway>
            </gpxtpx:Extensions>
          </gpxtpx:TrackPointExtension>
        </extensions>
      </trkpt>
      <trkpt lat="42.884714" lon="-8.495346">
        <ele>351.3558264828275</ele>
        <time>2025-06-30T10:07:03.730Z</time>
        <extensions>
          <gpxtpx:TrackPointExtension>
            <gpxtpx:Extensions>
              <highway>path</highway>
            </gpxtpx:Extensions>
          </gpxtpx:TrackPointExtension>
        </extensions>
      </trkpt>
      <trkpt lat="42.884716" lon="-8.494941">
        <ele>355.7675596005663</ele>
        <time>2025-06-30T10:08:19.688Z</time>
        <extensions>
          <gpxtpx:TrackPointExtension>
            <gpxtpx:Extensions>
              <highway>path</highway>
            </gpxtpx:Extensions>
          </gpxtpx:TrackPointExtension>
        </extensions>
      </trkpt>
      <trkpt lat="42.884717" lon="-8.494741">
        <ele>357.9584624926573</ele>
        <time>2025-06-30T10:08:57.607Z</time>
        <extensions>
          <gpxtpx:TrackPointExtension>
            <gpxtpx:Extensions>
              <highway>path</highway>
            </gpxtpx:Extensions>
          </gpxtpx:TrackPointExtension>
        </extensions>
      </trkpt>
      <trkpt lat="42.884726" lon="-8.494281">
        <ele>360.45279767736844</ele>
        <time>2025-06-30T10:10:24.736Z</time>
        <extensions>
          <gpxtpx:TrackPointExtension>
            <gpxtpx:Extensions>
              <reversedirection>yes</reversedirection>
              <highway>path</highway>
              <surface>compacted</surface>
            </gpxtpx:Extensions>
          </gpxtpx:TrackPointExtension>
        </extensions>
      </trkpt>
      <trkpt lat="42.884726" lon="-8.494281">
        <ele>360.45279767736844</ele>
        <time>2025-06-30T10:10:24.736Z</time>
        <extensions>
          <gpxtpx:TrackPointExtension>
            <gpxtpx:Extensions>
              <highway>path</highway>
              <surface>compacted</surface>
            </gpxtpx:Extensions>
          </gpxtpx:TrackPointExtension>
        </extensions>
      </trkpt>
      <trkpt lat="42.883828" lon="-8.494358">
        <ele>353.90643629513795</ele>
        <time>2025-06-30T10:14:15.566Z</time>
        <extensions>
          <gpxtpx:TrackPointExtension>
            <gpxtpx:Extensions>
              <highway>path</highway>
              <surface>compacted</surface>
            </gpxtpx:Extensions>
          </gpxtpx:TrackPointExtension>
        </extensions>
      </trkpt>
      <trkpt lat="42.883781" lon="-8.494357">
        <ele>353.4977601932399</ele>
        <time>2025-06-30T10:14:23.916Z</time>
        <extensions>
          <gpxtpx:TrackPointExtension>
            <gpxtpx:Extensions>
              <highway>path</highway>
              <surface>compacted</surface>
            </gpxtpx:Extensions>
          </gpxtpx:TrackPointExtension>
        </extensions>
      </trkpt>
      <trkpt lat="42.883781" lon="-8.494357">
        <ele>353.4977601932399</ele>
        <time>2025-06-30T10:14:23.916Z</time>
        <extensions>
          <gpxtpx:TrackPointExtension>
            <gpxtpx:Extensions>
              <highway>path</highway>
              <surface>compacted</surface>
            </gpxtpx:Extensions>
          </gpxtpx:TrackPointExtension>
        </extensions>
      </trkpt>
      <trkpt lat="42.883777" lon="-8.494356">
        <ele>353.4617887671251</ele>
        <time>2025-06-30T10:14:24.643Z</time>
        <extensions>
          <gpxtpx:TrackPointExtension>
            <gpxtpx:Extensions>
              <reversedirection>yes</reversedirection>
              <highway>path</highway>
              <surface>compacted</surface>
            </gpxtpx:Extensions>
          </gpxtpx:TrackPointExtension>
        </extensions>
      </trkpt>
      <trkpt lat="42.883566" lon="-8.494144">
        <ele>351.32304914340057</ele>
        <time>2025-06-30T10:15:11.184Z</time>
        <extensions>
          <gpxtpx:TrackPointExtension>
            <gpxtpx:Extensions>
              <reversedirection>yes</reversedirection>
              <highway>path</highway>
              <surface>compacted</surface>
            </gpxtpx:Extensions>
          </gpxtpx:TrackPointExtension>
        </extensions>
      </trkpt>
      <trkpt lat="42.883741" lon="-8.493818">
        <ele>351.9851543670989</ele>
        <time>2025-06-30T10:16:03.782Z</time>
        <extensions>
          <gpxtpx:TrackPointExtension>
            <gpxtpx:Extensions>
              <reversedirection>yes</reversedirection>
              <highway>path</highway>
              <surface>compacted</surface>
            </gpxtpx:Extensions>
          </gpxtpx:TrackPointExtension>
        </extensions>
      </trkpt>
      <trkpt lat="42.883818" lon="-8.493711">
        <ele>352.1986665457964</ele>
        <time>2025-06-30T10:16:23.301Z</time>
        <extensions>
          <gpxtpx:TrackPointExtension>
            <gpxtpx:Extensions>
              <reversedirection>yes</reversedirection>
              <highway>path</highway>
              <surface>compacted</surface>
            </gpxtpx:Extensions>
          </gpxtpx:TrackPointExtension>
        </extensions>
      </trkpt>
      <trkpt lat="42.883892" lon="-8.493626">
        <ele>352.4809609433637</ele>
        <time>2025-06-30T10:16:40.481Z</time>
      </trkpt>
      <trkpt lat="42.883893" lon="-8.493625">
        <ele>352.4810707570753</ele>
        <time>2025-06-30T10:16:40.732Z</time>
        <extensions>
          <gpxtpx:TrackPointExtension>
            <gpxtpx:Extensions>
              <reversedirection>yes</reversedirection>
              <highway>path</highway>
              <surface>compacted</surface>
            </gpxtpx:Extensions>
          </gpxtpx:TrackPointExtension>
        </extensions>
      </trkpt>
      <trkpt lat="42.883892" lon="-8.493626">
        <ele>352.4809609433637</ele>
        <time>2025-06-30T10:16:40.983Z</time>
        <extensions>
          <gpxtpx:TrackPointExtension>
            <gpxtpx:Extensions>
              <reversedirection>yes</reversedirection>
              <highway>path</highway>
              <surface>compacted</surface>
            </gpxtpx:Extensions>
          </gpxtpx:TrackPointExtension>
        </extensions>
      </trkpt>
      <trkpt lat="42.883898" lon="-8.49362">
        <ele>352.48161982684417</ele>
        <time>2025-06-30T10:16:42.534Z</time>
        <extensions>
          <gpxtpx:TrackPointExtension>
            <gpxtpx:Extensions>
              <highway>track</highway>
            </gpxtpx:Extensions>
          </gpxtpx:TrackPointExtension>
        </extensions>
      </trkpt>
      <trkpt lat="42.883906" lon="-8.493568">
        <ele>352.27744348025936</ele>
        <time>2025-06-30T10:16:50.650Z</time>
        <extensions>
          <gpxtpx:TrackPointExtension>
            <gpxtpx:Extensions>
              <highway>track</highway>
            </gpxtpx:Extensions>
          </gpxtpx:TrackPointExtension>
        </extensions>
      </trkpt>
      <trkpt lat="42.883999" lon="-8.493393">
        <ele>351.5456385966393</ele>
        <time>2025-06-30T10:17:23.676Z</time>
        <extensions>
          <gpxtpx:TrackPointExtension>
            <gpxtpx:Extensions>
              <highway>track</highway>
            </gpxtpx:Extensions>
          </gpxtpx:TrackPointExtension>
        </extensions>
      </trkpt>
      <trkpt lat="42.883991" lon="-8.493332">
        <ele>351.1002534141976</ele>
        <time>2025-06-30T10:17:33.142Z</time>
        <extensions>
          <gpxtpx:TrackPointExtension>
            <gpxtpx:Extensions>
              <reversedirection>yes</reversedirection>
              <highway>unclassified</highway>
              <surface>asphalt</surface>
            </gpxtpx:Extensions>
          </gpxtpx:TrackPointExtension>
        </extensions>
      </trkpt>
      <trkpt lat="42.884511" lon="-8.492888">
        <ele>352.3226421747614</ele>
        <time>2025-06-30T10:19:41.029Z</time>
        <extensions>
          <gpxtpx:TrackPointExtension>
            <gpxtpx:Extensions>
              <reversedirection>yes</reversedirection>
              <highway>unclassified</highway>
              <surface>asphalt</surface>
            </gpxtpx:Extensions>
          </gpxtpx:TrackPointExtension>
        </extensions>
      </trkpt>
      <trkpt lat="42.884862" lon="-8.492761">
        <ele>352.60858849086196</ele>
        <time>2025-06-30T10:20:56.738Z</time>
        <extensions>
          <gpxtpx:TrackPointExtension>
            <gpxtpx:Extensions>
              <reversedirection>yes</reversedirection>
              <highway>unclassified</highway>
              <surface>asphalt</surface>
            </gpxtpx:Extensions>
          </gpxtpx:TrackPointExtension>
        </extensions>
      </trkpt>
      <trkpt lat="42.88538" lon="-8.492756">
        <ele>352.53648473227855</ele>
        <time>2025-06-30T10:22:44.740Z</time>
        <extensions>
          <gpxtpx:TrackPointExtension>
            <gpxtpx:Extensions>
              <reversedirection>yes</reversedirection>
              <highway>unclassified</highway>
              <surface>asphalt</surface>
            </gpxtpx:Extensions>
          </gpxtpx:TrackPointExtension>
        </extensions>
      </trkpt>
      <trkpt lat="42.885984" lon="-8.49282">
        <ele>352.1789181614534</ele>
        <time>2025-06-30T10:24:51.049Z</time>
        <extensions>
          <gpxtpx:TrackPointExtension>
            <gpxtpx:Extensions>
              <reversedirection>yes</reversedirection>
              <highway>unclassified</highway>
              <surface>asphalt</surface>
            </gpxtpx:Extensions>
          </gpxtpx:TrackPointExtension>
        </extensions>
      </trkpt>
      <trkpt lat="42.886294" lon="-8.492866">
        <ele>353.3515970455304</ele>
        <time>2025-06-30T10:25:56.063Z</time>
        <extensions>
          <gpxtpx:TrackPointExtension>
            <gpxtpx:Extensions>
              <reversedirection>yes</reversedirection>
              <highway>unclassified</highway>
              <surface>asphalt</surface>
            </gpxtpx:Extensions>
          </gpxtpx:TrackPointExtension>
        </extensions>
      </trkpt>
      <trkpt lat="42.88667" lon="-8.492875">
        <ele>354.69406796821926</ele>
        <time>2025-06-30T10:27:14.469Z</time>
        <extensions>
          <gpxtpx:TrackPointExtension>
            <gpxtpx:Extensions>
              <reversedirection>yes</reversedirection>
              <highway>unclassified</highway>
              <surface>asphalt</surface>
            </gpxtpx:Extensions>
          </gpxtpx:TrackPointExtension>
        </extensions>
      </trkpt>
      <trkpt lat="42.887644" lon="-8.492689">
        <ele>354.741114185438</ele>
        <time>2025-06-30T10:30:39.521Z</time>
      </trkpt>
      <trkpt lat="42.887644" lon="-8.492689">
        <ele>354.741114185438</ele>
        <time>2025-06-30T10:30:39.699Z</time>
        <extensions>
          <gpxtpx:TrackPointExtension>
            <gpxtpx:Extensions>
              <reversedirection>yes</reversedirection>
              <highway>unclassified</highway>
              <surface>asphalt</surface>
            </gpxtpx:Extensions>
          </gpxtpx:TrackPointExtension>
        </extensions>
      </trkpt>
      <trkpt lat="42.88775" lon="-8.492693">
        <ele>355.2852512926331</ele>
        <time>2025-06-30T10:31:04.068Z</time>
        <extensions>
          <gpxtpx:TrackPointExtension>
            <gpxtpx:Extensions>
              <reversedirection>yes</reversedirection>
              <highway>unclassified</highway>
              <surface>asphalt</surface>
            </gpxtpx:Extensions>
          </gpxtpx:TrackPointExtension>
        </extensions>
      </trkpt>
      <trkpt lat="42.887837" lon="-8.492695">
        <ele>355.7800325148379</ele>
        <time>2025-06-30T10:31:21.915Z</time>
        <extensions>
          <gpxtpx:TrackPointExtension>
            <gpxtpx:Extensions>
              <highway>residential</highway>
              <surface>asphalt</surface>
              <oneway>yes</oneway>
            </gpxtpx:Extensions>
          </gpxtpx:TrackPointExtension>
        </extensions>
      </trkpt>
      <trkpt lat="42.887855" lon="-8.492598">
        <ele>354.98895674941446</ele>
        <time>2025-06-30T10:31:39.195Z</time>
        <extensions>
          <gpxtpx:TrackPointExtension>
            <gpxtpx:Extensions>
              <highway>residential</highway>
              <surface>asphalt</surface>
              <oneway>yes</oneway>
            </gpxtpx:Extensions>
          </gpxtpx:TrackPointExtension>
        </extensions>
      </trkpt>
      <trkpt lat="42.887892" lon="-8.49251">
        <ele>354.49747438147386</ele>
        <time>2025-06-30T10:31:56.718Z</time>
        <extensions>
          <gpxtpx:TrackPointExtension>
            <gpxtpx:Extensions>
              <highway>residential</highway>
              <surface>asphalt</surface>
              <oneway>yes</oneway>
            </gpxtpx:Extensions>
          </gpxtpx:TrackPointExtension>
        </extensions>
      </trkpt>
      <trkpt lat="42.887955" lon="-8.492444">
        <ele>354.43791237027955</ele>
        <time>2025-06-30T10:32:15.438Z</time>
        <extensions>
          <gpxtpx:TrackPointExtension>
            <gpxtpx:Extensions>
              <highway>residential</highway>
              <surface>asphalt</surface>
              <oneway>yes</oneway>
            </gpxtpx:Extensions>
          </gpxtpx:TrackPointExtension>
        </extensions>
      </trkpt>
      <trkpt lat="42.88802" lon="-8.492411">
        <ele>354.7284692180971</ele>
        <time>2025-06-30T10:32:32.112Z</time>
        <extensions>
          <gpxtpx:TrackPointExtension>
            <gpxtpx:Extensions>
              <highway>residential</highway>
              <surface>asphalt</surface>
              <oneway>yes</oneway>
            </gpxtpx:Extensions>
          </gpxtpx:TrackPointExtension>
        </extensions>
      </trkpt>
      <trkpt lat="42.888078" lon="-8.492396">
        <ele>355.1345539428303</ele>
        <time>2025-06-30T10:32:46.306Z</time>
        <extensions>
          <gpxtpx:TrackPointExtension>
            <gpxtpx:Extensions>
              <highway>residential</highway>
              <surface>asphalt</surface>
              <oneway>yes</oneway>
            </gpxtpx:Extensions>
          </gpxtpx:TrackPointExtension>
        </extensions>
      </trkpt>
      <trkpt lat="42.888152" lon="-8.492392">
        <ele>355.80330198817023</ele>
        <time>2025-06-30T10:33:04.100Z</time>
        <extensions>
          <gpxtpx:TrackPointExtension>
            <gpxtpx:Extensions>
              <highway>residential</highway>
              <surface>asphalt</surface>
              <oneway>yes</oneway>
            </gpxtpx:Extensions>
          </gpxtpx:TrackPointExtension>
        </extensions>
      </trkpt>
      <trkpt lat="42.888205" lon="-8.492414">
        <ele>356.5140280414384</ele>
        <time>2025-06-30T10:33:17.375Z</time>
        <extensions>
          <gpxtpx:TrackPointExtension>
            <gpxtpx:Extensions>
              <highway>residential</highway>
              <surface>asphalt</surface>
              <oneway>yes</oneway>
            </gpxtpx:Extensions>
          </gpxtpx:TrackPointExtension>
        </extensions>
      </trkpt>
      <trkpt lat="42.888224" lon="-8.492522">
        <ele>357.695227632323</ele>
        <time>2025-06-30T10:33:36.877Z</time>
        <extensions>
          <gpxtpx:TrackPointExtension>
            <gpxtpx:Extensions>
              <highway>residential</highway>
              <surface>asphalt</surface>
              <oneway>yes</oneway>
            </gpxtpx:Extensions>
          </gpxtpx:TrackPointExtension>
        </extensions>
      </trkpt>
      <trkpt lat="42.88822" lon="-8.492586">
        <ele>358.2472263290084</ele>
        <time>2025-06-30T10:33:48.154Z</time>
        <extensions>
          <gpxtpx:TrackPointExtension>
            <gpxtpx:Extensions>
              <reversedirection>yes</reversedirection>
              <highway>unclassified</highway>
              <surface>asphalt</surface>
            </gpxtpx:Extensions>
          </gpxtpx:TrackPointExtension>
        </extensions>
      </trkpt>
      <trkpt lat="42.888369" lon="-8.49255">
        <ele>359.50312834794374</ele>
        <time>2025-06-30T10:34:24.416Z</time>
        <extensions>
          <gpxtpx:TrackPointExtension>
            <gpxtpx:Extensions>
              <reversedirection>yes</reversedirection>
              <highway>unclassified</highway>
              <surface>asphalt</surface>
            </gpxtpx:Extensions>
          </gpxtpx:TrackPointExtension>
        </extensions>
      </trkpt>
      <trkpt lat="42.889055" lon="-8.492382">
        <ele>365.48443151223546</ele>
        <time>2025-06-30T10:37:30.679Z</time>
        <extensions>
          <gpxtpx:TrackPointExtension>
            <gpxtpx:Extensions>
              <reversedirection>yes</reversedirection>
              <highway>unclassified</highway>
              <surface>asphalt</surface>
            </gpxtpx:Extensions>
          </gpxtpx:TrackPointExtension>
        </extensions>
      </trkpt>
      <trkpt lat="42.889232" lon="-8.492377">
        <ele>366.7027732225602</ele>
        <time>2025-06-30T10:38:17.023Z</time>
        <extensions>
          <gpxtpx:TrackPointExtension>
            <gpxtpx:Extensions>
              <reversedirection>yes</reversedirection>
              <highway>unclassified</highway>
              <surface>asphalt</surface>
            </gpxtpx:Extensions>
          </gpxtpx:TrackPointExtension>
        </extensions>
      </trkpt>
      <trkpt lat="42.889363" lon="-8.492403">
        <ele>367.8844171183191</ele>
        <time>2025-06-30T10:38:51.863Z</time>
        <extensions>
          <gpxtpx:TrackPointExtension>
            <gpxtpx:Extensions>
              <reversedirection>yes</reversedirection>
              <highway>unclassified</highway>
              <surface>asphalt</surface>
            </gpxtpx:Extensions>
          </gpxtpx:TrackPointExtension>
        </extensions>
      </trkpt>
      <trkpt lat="42.889524" lon="-8.492469">
        <ele>369.59029763043014</ele>
        <time>2025-06-30T10:39:36.107Z</time>
        <extensions>
          <gpxtpx:TrackPointExtension>
            <gpxtpx:Extensions>
              <reversedirection>yes</reversedirection>
              <highway>unclassified</highway>
              <surface>asphalt</surface>
            </gpxtpx:Extensions>
          </gpxtpx:TrackPointExtension>
        </extensions>
      </trkpt>
      <trkpt lat="42.889793" lon="-8.49267">
        <ele>371.44277974227583</ele>
        <time>2025-06-30T10:40:55.507Z</time>
        <extensions>
          <gpxtpx:TrackPointExtension>
            <gpxtpx:Extensions>
              <reversedirection>yes</reversedirection>
              <highway>unclassified</highway>
              <surface>asphalt</surface>
            </gpxtpx:Extensions>
          </gpxtpx:TrackPointExtension>
        </extensions>
      </trkpt>
      <trkpt lat="42.890047" lon="-8.492846">
        <ele>369.52341015948923</ele>
        <time>2025-06-30T10:41:51.369Z</time>
        <extensions>
          <gpxtpx:TrackPointExtension>
            <gpxtpx:Extensions>
              <reversedirection>yes</reversedirection>
              <highway>unclassified</highway>
              <surface>sett</surface>
            </gpxtpx:Extensions>
          </gpxtpx:TrackPointExtension>
        </extensions>
      </trkpt>
      <trkpt lat="42.89006" lon="-8.492855">
        <ele>369.44939141606807</ele>
        <time>2025-06-30T10:41:54.049Z</time>
        <extensions>
          <gpxtpx:TrackPointExtension>
            <gpxtpx:Extensions>
              <reversedirection>yes</reversedirection>
              <highway>unclassified</highway>
              <surface>sett</surface>
            </gpxtpx:Extensions>
          </gpxtpx:TrackPointExtension>
        </extensions>
      </trkpt>
      <trkpt lat="42.890062" lon="-8.492857">
        <ele>369.4365104502615</ele>
        <time>2025-06-30T10:41:54.572Z</time>
        <extensions>
          <gpxtpx:TrackPointExtension>
            <gpxtpx:Extensions>
              <reversedirection>yes</reversedirection>
              <highway>unclassified</highway>
              <surface>sett</surface>
            </gpxtpx:Extensions>
          </gpxtpx:TrackPointExtension>
        </extensions>
      </trkpt>
      <trkpt lat="42.890062" lon="-8.492857">
        <ele>369.4365104502615</ele>
        <time>2025-06-30T10:41:54.572Z</time>
      </trkpt>
      <trkpt lat="42.890030100617935" lon="-8.49292589263652">
        <ele>369.55448630996233</ele>
        <time>2025-06-30T10:42:06.767Z</time>
      </trkpt>
      <trkpt lat="42.890034" lon="-8.49293">
        <ele>369.5277580515909</ele>
        <time>2025-06-30T10:42:07.753Z</time>
        <extensions>
          <gpxtpx:TrackPointExtension>
            <gpxtpx:Extensions>
              <highway>footway</highway>
              <surface>sett</surface>
            </gpxtpx:Extensions>
          </gpxtpx:TrackPointExtension>
        </extensions>
      </trkpt>
      <trkpt lat="42.890028" lon="-8.49295">
        <ele>369.5520694227902</ele>
        <time>2025-06-30T10:42:10.992Z</time>
        <extensions>
          <gpxtpx:TrackPointExtension>
            <gpxtpx:Extensions>
              <reversedirection>yes</reversedirection>
              <highway>footway</highway>
              <surface>sett</surface>
            </gpxtpx:Extensions>
          </gpxtpx:TrackPointExtension>
        </extensions>
      </trkpt>
      <trkpt lat="42.889936" lon="-8.493313">
        <ele>370.2257945215077</ele>
        <time>2025-06-30T10:43:08.476Z</time>
        <extensions>
          <gpxtpx:TrackPointExtension>
            <gpxtpx:Extensions>
              <reversedirection>yes</reversedirection>
              <highway>footway</highway>
              <surface>sett</surface>
            </gpxtpx:Extensions>
          </gpxtpx:TrackPointExtension>
        </extensions>
      </trkpt>
      <trkpt lat="42.889921" lon="-8.493354">
        <ele>370.3387747815596</ele>
        <time>2025-06-30T10:43:15.333Z</time>
        <extensions>
          <gpxtpx:TrackPointExtension>
            <gpxtpx:Extensions>
              <reversedirection>yes</reversedirection>
              <highway>footway</highway>
              <surface>sett</surface>
            </gpxtpx:Extensions>
          </gpxtpx:TrackPointExtension>
        </extensions>
      </trkpt>
      <trkpt lat="42.889686" lon="-8.494041">
        <ele>372.35925690115084</ele>
        <time>2025-06-30T10:45:08.802Z</time>
        <extensions>
          <gpxtpx:TrackPointExtension>
            <gpxtpx:Extensions>
              <reversedirection>yes</reversedirection>
              <highway>footway</highway>
              <surface>sett</surface>
            </gpxtpx:Extensions>
          </gpxtpx:TrackPointExtension>
        </extensions>
      </trkpt>
      <trkpt lat="42.889679" lon="-8.494092">
        <ele>372.2960752791272</ele>
        <time>2025-06-30T10:45:16.566Z</time>
      </trkpt>
      <trkpt lat="42.889679601933096" lon="-8.494091424075435">
        <ele>372.29263131159945</ele>
        <time>2025-06-30T10:45:16.740Z</time>
      </trkpt>
      <trkpt lat="42.889679601933096" lon="-8.494091424075435">
        <ele>372.29263131159945</ele>
        <time>2025-06-30T10:45:16.914Z</time>
      </trkpt>
      <trkpt lat="42.88962862014051" lon="-8.494088524743148">
        <ele>372.68250974780085</ele>
        <time>2025-06-30T10:45:27.333Z</time>
      </trkpt>
      <trkpt lat="42.88962862014051" lon="-8.494088524743148">
        <ele>372.68250974780085</ele>
        <time>2025-06-30T10:45:27.333Z</time>
      </trkpt>
      <trkpt lat="42.88954028649735" lon="-8.494170017867248">
        <ele>373.10360953216497</ele>
        <time>2025-06-30T10:45:49.103Z</time>
      </trkpt>
      <trkpt lat="42.889424" lon="-8.494245">
        <ele>373.37306508338213</ele>
        <time>2025-06-30T10:46:15.363Z</time>
      </trkpt>
      <trkpt lat="42.889424" lon="-8.494245">
        <ele>373.37306508338213</ele>
        <time>2025-06-30T10:46:15.363Z</time>
        <extensions>
          <gpxtpx:TrackPointExtension>
            <gpxtpx:Extensions>
              <reversedirection>yes</reversedirection>
              <highway>path</highway>
              <surface>compacted</surface>
            </gpxtpx:Extensions>
          </gpxtpx:TrackPointExtension>
        </extensions>
      </trkpt>
      <trkpt lat="42.88939" lon="-8.494266">
        <ele>373.37819808682036</ele>
        <time>2025-06-30T10:46:37.306Z</time>
        <extensions>
          <gpxtpx:TrackPointExtension>
            <gpxtpx:Extensions>
              <reversedirection>yes</reversedirection>
              <highway>path</highway>
              <surface>compacted</surface>
            </gpxtpx:Extensions>
          </gpxtpx:TrackPointExtension>
        </extensions>
      </trkpt>
      <trkpt lat="42.889326" lon="-8.494297">
        <ele>373.40773509997047</ele>
        <time>2025-06-30T10:46:51.750Z</time>
        <extensions>
          <gpxtpx:TrackPointExtension>
            <gpxtpx:Extensions>
              <reversedirection>yes</reversedirection>
              <highway>path</highway>
              <surface>compacted</surface>
            </gpxtpx:Extensions>
          </gpxtpx:TrackPointExtension>
        </extensions>
      </trkpt>
      <trkpt lat="42.889254" lon="-8.494304">
        <ele>373.36825529979643</ele>
        <time>2025-06-30T10:47:07.277Z</time>
        <extensions>
          <gpxtpx:TrackPointExtension>
            <gpxtpx:Extensions>
              <reversedirection>yes</reversedirection>
              <highway>path</highway>
              <surface>compacted</surface>
            </gpxtpx:Extensions>
          </gpxtpx:TrackPointExtension>
        </extensions>
      </trkpt>
      <trkpt lat="42.889204" lon="-8.494294">
        <ele>373.215366508137</ele>
        <time>2025-06-30T10:47:17.676Z</time>
        <extensions>
          <gpxtpx:TrackPointExtension>
            <gpxtpx:Extensions>
              <reversedirection>yes</reversedirection>
              <highway>path</highway>
              <surface>compacted</surface>
            </gpxtpx:Extensions>
          </gpxtpx:TrackPointExtension>
        </extensions>
      </trkpt>
      <trkpt lat="42.889152" lon="-8.49426">
        <ele>373.0465231180199</ele>
        <time>2025-06-30T10:47:29.299Z</time>
        <extensions>
          <gpxtpx:TrackPointExtension>
            <gpxtpx:Extensions>
              <reversedirection>yes</reversedirection>
              <highway>path</highway>
              <surface>compacted</surface>
            </gpxtpx:Extensions>
          </gpxtpx:TrackPointExtension>
        </extensions>
      </trkpt>
      <trkpt lat="42.88904" lon="-8.494068">
        <ele>373.4133233868645</ele>
        <time>2025-06-30T10:48:05.550Z</time>
        <extensions>
          <gpxtpx:TrackPointExtension>
            <gpxtpx:Extensions>
              <reversedirection>yes</reversedirection>
              <highway>path</highway>
              <surface>compacted</surface>
            </gpxtpx:Extensions>
          </gpxtpx:TrackPointExtension>
        </extensions>
      </trkpt>
      <trkpt lat="42.888949" lon="-8.493937">
        <ele>373.36145858639065</ele>
        <time>2025-06-30T10:48:29.032Z</time>
        <extensions>
          <gpxtpx:TrackPointExtension>
            <gpxtpx:Extensions>
              <reversedirection>yes</reversedirection>
              <highway>path</highway>
              <surface>compacted</surface>
            </gpxtpx:Extensions>
          </gpxtpx:TrackPointExtension>
        </extensions>
      </trkpt>
      <trkpt lat="42.88894" lon="-8.49393">
        <ele>373.3306784094093</ele>
        <time>2025-06-30T10:48:30.723Z</time>
        <extensions>
          <gpxtpx:TrackPointExtension>
            <gpxtpx:Extensions>
              <reversedirection>yes</reversedirection>
              <highway>path</highway>
              <surface>compacted</surface>
            </gpxtpx:Extensions>
          </gpxtpx:TrackPointExtension>
        </extensions>
      </trkpt>
      <trkpt lat="42.888802" lon="-8.493812">
        <ele>372.7332610413905</ele>
        <time>2025-06-30T10:48:57.418Z</time>
        <extensions>
          <gpxtpx:TrackPointExtension>
            <gpxtpx:Extensions>
              <reversedirection>yes</reversedirection>
              <highway>path</highway>
              <surface>compacted</surface>
            </gpxtpx:Extensions>
          </gpxtpx:TrackPointExtension>
        </extensions>
      </trkpt>
      <trkpt lat="42.888734" lon="-8.493788">
        <ele>372.0131009505144</ele>
        <time>2025-06-30T10:49:07.842Z</time>
        <extensions>
          <gpxtpx:TrackPointExtension>
            <gpxtpx:Extensions>
              <reversedirection>yes</reversedirection>
              <highway>path</highway>
              <surface>compacted</surface>
            </gpxtpx:Extensions>
          </gpxtpx:TrackPointExtension>
        </extensions>
      </trkpt>
      <trkpt lat="42.888659" lon="-8.493784">
        <ele>371.1682394251698</ele>
        <time>2025-06-30T10:49:18.983Z</time>
        <extensions>
          <gpxtpx:TrackPointExtension>
            <gpxtpx:Extensions>
              <reversedirection>yes</reversedirection>
              <highway>path</highway>
              <surface>compacted</surface>
            </gpxtpx:Extensions>
          </gpxtpx:TrackPointExtension>
        </extensions>
      </trkpt>
      <trkpt lat="42.888608" lon="-8.493804">
        <ele>370.53064270170876</ele>
        <time>2025-06-30T10:49:26.811Z</time>
        <extensions>
          <gpxtpx:TrackPointExtension>
            <gpxtpx:Extensions>
              <reversedirection>yes</reversedirection>
              <highway>path</highway>
              <surface>compacted</surface>
            </gpxtpx:Extensions>
          </gpxtpx:TrackPointExtension>
        </extensions>
      </trkpt>
      <trkpt lat="42.888541" lon="-8.493864">
        <ele>369.8232929854666</ele>
        <time>2025-06-30T10:49:38.098Z</time>
        <extensions>
          <gpxtpx:TrackPointExtension>
            <gpxtpx:Extensions>
              <reversedirection>yes</reversedirection>
              <highway>path</highway>
              <surface>compacted</surface>
            </gpxtpx:Extensions>
          </gpxtpx:TrackPointExtension>
        </extensions>
      </trkpt>
      <trkpt lat="42.888488" lon="-8.49393">
        <ele>369.40213003936265</ele>
        <time>2025-06-30T10:49:48.204Z</time>
        <extensions>
          <gpxtpx:TrackPointExtension>
            <gpxtpx:Extensions>
              <reversedirection>yes</reversedirection>
              <highway>path</highway>
              <surface>compacted</surface>
            </gpxtpx:Extensions>
          </gpxtpx:TrackPointExtension>
        </extensions>
      </trkpt>
      <trkpt lat="42.888419" lon="-8.494054">
        <ele>368.6395538360352</ele>
        <time>2025-06-30T10:50:03.240Z</time>
        <extensions>
          <gpxtpx:TrackPointExtension>
            <gpxtpx:Extensions>
              <reversedirection>yes</reversedirection>
              <highway>path</highway>
              <surface>compacted</surface>
            </gpxtpx:Extensions>
          </gpxtpx:TrackPointExtension>
        </extensions>
      </trkpt>
      <trkpt lat="42.888374" lon="-8.494175">
        <ele>367.90260758921613</ele>
        <time>2025-06-30T10:50:16.344Z</time>
        <extensions>
          <gpxtpx:TrackPointExtension>
            <gpxtpx:Extensions>
              <reversedirection>yes</reversedirection>
              <highway>path</highway>
              <surface>compacted</surface>
            </gpxtpx:Extensions>
          </gpxtpx:TrackPointExtension>
        </extensions>
      </trkpt>
      <trkpt lat="42.888317" lon="-8.494432">
        <ele>365.82234127861545</ele>
        <time>2025-06-30T10:50:41.718Z</time>
        <extensions>
          <gpxtpx:TrackPointExtension>
            <gpxtpx:Extensions>
              <reversedirection>yes</reversedirection>
              <highway>path</highway>
              <surface>compacted</surface>
            </gpxtpx:Extensions>
          </gpxtpx:TrackPointExtension>
        </extensions>
      </trkpt>
      <trkpt lat="42.888276" lon="-8.494772">
        <ele>362.7624275723796</ele>
        <time>2025-06-30T10:51:13.725Z</time>
        <extensions>
          <gpxtpx:TrackPointExtension>
            <gpxtpx:Extensions>
              <reversedirection>yes</reversedirection>
              <highway>path</highway>
              <surface>compacted</surface>
            </gpxtpx:Extensions>
          </gpxtpx:TrackPointExtension>
        </extensions>
      </trkpt>
      <trkpt lat="42.888258" lon="-8.494881">
        <ele>361.8166338840042</ele>
        <time>2025-06-30T10:51:24.018Z</time>
        <extensions>
          <gpxtpx:TrackPointExtension>
            <gpxtpx:Extensions>
              <reversedirection>yes</reversedirection>
              <highway>path</highway>
              <surface>compacted</surface>
            </gpxtpx:Extensions>
          </gpxtpx:TrackPointExtension>
        </extensions>
      </trkpt>
      <trkpt lat="42.888212" lon="-8.495018">
        <ele>360.69192907493687</ele>
        <time>2025-06-30T10:51:37.916Z</time>
        <extensions>
          <gpxtpx:TrackPointExtension>
            <gpxtpx:Extensions>
              <reversedirection>yes</reversedirection>
              <highway>path</highway>
              <surface>compacted</surface>
            </gpxtpx:Extensions>
          </gpxtpx:TrackPointExtension>
        </extensions>
      </trkpt>
      <trkpt lat="42.888106" lon="-8.495189">
        <ele>358.74670905089476</ele>
        <time>2025-06-30T10:51:58.193Z</time>
        <extensions>
          <gpxtpx:TrackPointExtension>
            <gpxtpx:Extensions>
              <reversedirection>yes</reversedirection>
              <highway>path</highway>
              <surface>compacted</surface>
            </gpxtpx:Extensions>
          </gpxtpx:TrackPointExtension>
        </extensions>
      </trkpt>
      <trkpt lat="42.888044" lon="-8.495251">
        <ele>357.5558735695447</ele>
        <time>2025-06-30T10:52:07.614Z</time>
        <extensions>
          <gpxtpx:TrackPointExtension>
            <gpxtpx:Extensions>
              <reversedirection>yes</reversedirection>
              <highway>path</highway>
              <surface>compacted</surface>
            </gpxtpx:Extensions>
          </gpxtpx:TrackPointExtension>
        </extensions>
      </trkpt>
      <trkpt lat="42.888041" lon="-8.495255">
        <ele>357.4898578982813</ele>
        <time>2025-06-30T10:52:08.126Z</time>
        <extensions>
          <gpxtpx:TrackPointExtension>
            <gpxtpx:Extensions>
              <reversedirection>yes</reversedirection>
              <highway>path</highway>
              <surface>compacted</surface>
            </gpxtpx:Extensions>
          </gpxtpx:TrackPointExtension>
        </extensions>
      </trkpt>
      <trkpt lat="42.888105" lon="-8.495295">
        <ele>357.9120806203692</ele>
        <time>2025-06-30T10:52:16.753Z</time>
        <extensions>
          <gpxtpx:TrackPointExtension>
            <gpxtpx:Extensions>
              <highway>path</highway>
              <surface>concrete</surface>
            </gpxtpx:Extensions>
          </gpxtpx:TrackPointExtension>
        </extensions>
      </trkpt>
      <trkpt lat="42.887912" lon="-8.495346">
        <ele>355.30907585197787</ele>
        <time>2025-06-30T10:52:40.850Z</time>
        <extensions>
          <gpxtpx:TrackPointExtension>
            <gpxtpx:Extensions>
              <highway>path</highway>
              <surface>concrete</surface>
            </gpxtpx:Extensions>
          </gpxtpx:TrackPointExtension>
        </extensions>
      </trkpt>
      <trkpt lat="42.887803" lon="-8.49536">
        <ele>353.79636989478087</ele>
        <time>2025-06-30T10:52:54.230Z</time>
        <extensions>
          <gpxtpx:TrackPointExtension>
            <gpxtpx:Extensions>
              <highway>path</highway>
              <surface>concrete</surface>
            </gpxtpx:Extensions>
          </gpxtpx:TrackPointExtension>
        </extensions>
      </trkpt>
      <trkpt lat="42.887691" lon="-8.495361">
        <ele>352.3493239094278</ele>
        <time>2025-06-30T10:53:07.962Z</time>
        <extensions>
          <gpxtpx:TrackPointExtension>
            <gpxtpx:Extensions>
              <highway>path</highway>
              <surface>concrete</surface>
            </gpxtpx:Extensions>
          </gpxtpx:TrackPointExtension>
        </extensions>
      </trkpt>
      <trkpt lat="42.887529" lon="-8.495347">
        <ele>350.87425994451763</ele>
        <time>2025-06-30T10:53:29.123Z</time>
        <extensions>
          <gpxtpx:TrackPointExtension>
            <gpxtpx:Extensions>
              <highway>path</highway>
              <surface>concrete</surface>
            </gpxtpx:Extensions>
          </gpxtpx:TrackPointExtension>
        </extensions>
      </trkpt>
      <trkpt lat="42.887504" lon="-8.495353">
        <ele>350.605586888596</ele>
        <time>2025-06-30T10:53:32.459Z</time>
        <extensions>
          <gpxtpx:TrackPointExtension>
            <gpxtpx:Extensions>
              <highway>path</highway>
              <surface>concrete</surface>
            </gpxtpx:Extensions>
          </gpxtpx:TrackPointExtension>
        </extensions>
      </trkpt>
      <trkpt lat="42.887489" lon="-8.495375">
        <ele>350.23000755636167</ele>
        <time>2025-06-30T10:53:35.353Z</time>
        <extensions>
          <gpxtpx:TrackPointExtension>
            <gpxtpx:Extensions>
              <highway>path</highway>
              <surface>concrete</surface>
            </gpxtpx:Extensions>
          </gpxtpx:TrackPointExtension>
        </extensions>
      </trkpt>
      <trkpt lat="42.887476" lon="-8.495424">
        <ele>349.5557568808799</ele>
        <time>2025-06-30T10:53:40.372Z</time>
        <extensions>
          <gpxtpx:TrackPointExtension>
            <gpxtpx:Extensions>
              <highway>path</highway>
              <surface>concrete</surface>
            </gpxtpx:Extensions>
          </gpxtpx:TrackPointExtension>
        </extensions>
      </trkpt>
      <trkpt lat="42.887469" lon="-8.495454">
        <ele>349.2300654842348</ele>
        <time>2025-06-30T10:53:43.408Z</time>
        <extensions>
          <gpxtpx:TrackPointExtension>
            <gpxtpx:Extensions>
              <highway>path</highway>
              <surface>concrete</surface>
            </gpxtpx:Extensions>
          </gpxtpx:TrackPointExtension>
        </extensions>
      </trkpt>
      <trkpt lat="42.887469" lon="-8.495506">
        <ele>348.87096780505624</ele>
        <time>2025-06-30T10:53:48.572Z</time>
        <extensions>
          <gpxtpx:TrackPointExtension>
            <gpxtpx:Extensions>
              <highway>service</highway>
              <surface>asphalt</surface>
            </gpxtpx:Extensions>
          </gpxtpx:TrackPointExtension>
        </extensions>
      </trkpt>
      <trkpt lat="42.887389" lon="-8.495792">
        <ele>348.3947914364141</ele>
        <time>2025-06-30T10:54:18.956Z</time>
        <extensions>
          <gpxtpx:TrackPointExtension>
            <gpxtpx:Extensions>
              <highway>service</highway>
              <surface>asphalt</surface>
            </gpxtpx:Extensions>
          </gpxtpx:TrackPointExtension>
        </extensions>
      </trkpt>
      <trkpt lat="42.886852" lon="-8.497525">
        <ele>338.95149860604056</ele>
        <time>2025-06-30T10:57:33.092Z</time>
        <extensions>
          <gpxtpx:TrackPointExtension>
            <gpxtpx:Extensions>
              <highway>service</highway>
              <surface>asphalt</surface>
            </gpxtpx:Extensions>
          </gpxtpx:TrackPointExtension>
        </extensions>
      </trkpt>
      <trkpt lat="42.886801" lon="-8.497696">
        <ele>337.9781626548173</ele>
        <time>2025-06-30T10:57:52.750Z</time>
        <extensions>
          <gpxtpx:TrackPointExtension>
            <gpxtpx:Extensions>
              <reversedirection>yes</reversedirection>
              <highway>path</highway>
              <surface>paving_stones</surface>
            </gpxtpx:Extensions>
          </gpxtpx:TrackPointExtension>
        </extensions>
      </trkpt>
      <trkpt lat="42.886697" lon="-8.497631">
        <ele>337.6223436832902</ele>
        <time>2025-06-30T10:58:09.378Z</time>
        <extensions>
          <gpxtpx:TrackPointExtension>
            <gpxtpx:Extensions>
              <reversedirection>yes</reversedirection>
              <highway>path</highway>
              <surface>paving_stones</surface>
            </gpxtpx:Extensions>
          </gpxtpx:TrackPointExtension>
        </extensions>
      </trkpt>
      <trkpt lat="42.886694" lon="-8.497631">
        <ele>337.6080325785567</ele>
        <time>2025-06-30T10:58:09.807Z</time>
        <extensions>
          <gpxtpx:TrackPointExtension>
            <gpxtpx:Extensions>
              <highway>path</highway>
              <surface>paving_stones</surface>
            </gpxtpx:Extensions>
          </gpxtpx:TrackPointExtension>
        </extensions>
      </trkpt>
      <trkpt lat="42.886697" lon="-8.497631">
        <ele>337.6223436832902</ele>
        <time>2025-06-30T10:58:10.236Z</time>
        <extensions>
          <gpxtpx:TrackPointExtension>
            <gpxtpx:Extensions>
              <reversedirection>yes</reversedirection>
              <highway>path</highway>
            </gpxtpx:Extensions>
          </gpxtpx:TrackPointExtension>
        </extensions>
      </trkpt>
      <trkpt lat="42.886619" lon="-8.497801">
        <ele>336.50030503529183</ele>
        <time>2025-06-30T10:58:31.600Z</time>
        <extensions>
          <gpxtpx:TrackPointExtension>
            <gpxtpx:Extensions>
              <reversedirection>yes</reversedirection>
              <highway>path</highway>
            </gpxtpx:Extensions>
          </gpxtpx:TrackPointExtension>
        </extensions>
      </trkpt>
      <trkpt lat="42.886542" lon="-8.498055">
        <ele>334.98855236695204</ele>
        <time>2025-06-30T10:59:00.878Z</time>
        <extensions>
          <gpxtpx:TrackPointExtension>
            <gpxtpx:Extensions>
              <reversedirection>yes</reversedirection>
              <highway>path</highway>
            </gpxtpx:Extensions>
          </gpxtpx:TrackPointExtension>
        </extensions>
      </trkpt>
      <trkpt lat="42.886519" lon="-8.498084">
        <ele>334.7342185210987</ele>
        <time>2025-06-30T10:59:05.980Z</time>
        <extensions>
          <gpxtpx:TrackPointExtension>
            <gpxtpx:Extensions>
              <reversedirection>yes</reversedirection>
              <highway>path</highway>
            </gpxtpx:Extensions>
          </gpxtpx:TrackPointExtension>
        </extensions>
      </trkpt>
      <trkpt lat="42.886518" lon="-8.498085">
        <ele>334.7252089993842</ele>
        <time>2025-06-30T10:59:06.220Z</time>
        <extensions>
          <gpxtpx:TrackPointExtension>
            <gpxtpx:Extensions>
              <reversedirection>yes</reversedirection>
              <highway>path</highway>
            </gpxtpx:Extensions>
          </gpxtpx:TrackPointExtension>
        </extensions>
      </trkpt>
      <trkpt lat="42.886513" lon="-8.498092">
        <ele>334.6697057678785</ele>
        <time>2025-06-30T10:59:07.383Z</time>
        <extensions>
          <gpxtpx:TrackPointExtension>
            <gpxtpx:Extensions>
              <reversedirection>yes</reversedirection>
              <highway>service</highway>
              <surface>asphalt</surface>
            </gpxtpx:Extensions>
          </gpxtpx:TrackPointExtension>
        </extensions>
      </trkpt>
      <trkpt lat="42.886512" lon="-8.49815">
        <ele>334.37434298290447</ele>
        <time>2025-06-30T10:59:14.309Z</time>
        <extensions>
          <gpxtpx:TrackPointExtension>
            <gpxtpx:Extensions>
              <reversedirection>yes</reversedirection>
              <highway>service</highway>
              <surface>asphalt</surface>
            </gpxtpx:Extensions>
          </gpxtpx:TrackPointExtension>
        </extensions>
      </trkpt>
      <trkpt lat="42.886407" lon="-8.498552">
        <ele>332.64654119340753</ele>
        <time>2025-06-30T11:00:05.251Z</time>
        <extensions>
          <gpxtpx:TrackPointExtension>
            <gpxtpx:Extensions>
              <reversedirection>yes</reversedirection>
              <highway>service</highway>
              <surface>asphalt</surface>
            </gpxtpx:Extensions>
          </gpxtpx:TrackPointExtension>
        </extensions>
      </trkpt>
      <trkpt lat="42.886088" lon="-8.499568">
        <ele>327.9598554806785</ele>
        <time>2025-06-30T11:02:17.193Z</time>
        <extensions>
          <gpxtpx:TrackPointExtension>
            <gpxtpx:Extensions>
              <reversedirection>yes</reversedirection>
              <highway>service</highway>
              <surface>asphalt</surface>
            </gpxtpx:Extensions>
          </gpxtpx:TrackPointExtension>
        </extensions>
      </trkpt>
      <trkpt lat="42.885998" lon="-8.499905">
        <ele>326.9321593964946</ele>
        <time>2025-06-30T11:03:00.008Z</time>
        <extensions>
          <gpxtpx:TrackPointExtension>
            <gpxtpx:Extensions>
              <reversedirection>yes</reversedirection>
              <highway>service</highway>
              <surface>asphalt</surface>
            </gpxtpx:Extensions>
          </gpxtpx:TrackPointExtension>
        </extensions>
      </trkpt>
      <trkpt lat="42.885949" lon="-8.500053">
        <ele>326.6602419943311</ele>
        <time>2025-06-30T11:03:19.394Z</time>
        <extensions>
          <gpxtpx:TrackPointExtension>
            <gpxtpx:Extensions>
              <reversedirection>yes</reversedirection>
              <highway>service</highway>
              <surface>asphalt</surface>
            </gpxtpx:Extensions>
          </gpxtpx:TrackPointExtension>
        </extensions>
      </trkpt>
      <trkpt lat="42.885907" lon="-8.500159">
        <ele>326.5880221304487</ele>
        <time>2025-06-30T11:03:33.778Z</time>
        <extensions>
          <gpxtpx:TrackPointExtension>
            <gpxtpx:Extensions>
              <highway>service</highway>
              <surface>asphalt</surface>
            </gpxtpx:Extensions>
          </gpxtpx:TrackPointExtension>
        </extensions>
      </trkpt>
      <trkpt lat="42.885888" lon="-8.500286">
        <ele>326.5425205525478</ele>
        <time>2025-06-30T11:03:49.250Z</time>
        <extensions>
          <gpxtpx:TrackPointExtension>
            <gpxtpx:Extensions>
              <highway>service</highway>
              <surface>asphalt</surface>
            </gpxtpx:Extensions>
          </gpxtpx:TrackPointExtension>
        </extensions>
      </trkpt>
      <trkpt lat="42.885879" lon="-8.500404">
        <ele>326.51414099950887</ele>
        <time>2025-06-30T11:04:03.411Z</time>
        <extensions>
          <gpxtpx:TrackPointExtension>
            <gpxtpx:Extensions>
              <highway>service</highway>
              <surface>asphalt</surface>
            </gpxtpx:Extensions>
          </gpxtpx:TrackPointExtension>
        </extensions>
      </trkpt>
      <trkpt lat="42.885876" lon="-8.500536">
        <ele>326.4806829952645</ele>
        <time>2025-06-30T11:04:19.174Z</time>
        <extensions>
          <gpxtpx:TrackPointExtension>
            <gpxtpx:Extensions>
              <highway>service</highway>
              <surface>asphalt</surface>
            </gpxtpx:Extensions>
          </gpxtpx:TrackPointExtension>
        </extensions>
      </trkpt>
      <trkpt lat="42.885889" lon="-8.500716">
        <ele>326.4692347333686</ele>
        <time>2025-06-30T11:04:40.763Z</time>
        <extensions>
          <gpxtpx:TrackPointExtension>
            <gpxtpx:Extensions>
              <highway>service</highway>
              <surface>asphalt</surface>
            </gpxtpx:Extensions>
          </gpxtpx:TrackPointExtension>
        </extensions>
      </trkpt>
      <trkpt lat="42.885882" lon="-8.500821">
        <ele>326.5460923380409</ele>
        <time>2025-06-30T11:04:53.348Z</time>
      </trkpt>
      <trkpt lat="42.885882" lon="-8.500819">
        <ele>326.54537462534967</ele>
        <time>2025-06-30T11:04:53.560Z</time>
        <extensions>
          <gpxtpx:TrackPointExtension>
            <gpxtpx:Extensions>
              <highway>service</highway>
              <surface>asphalt</surface>
            </gpxtpx:Extensions>
          </gpxtpx:TrackPointExtension>
        </extensions>
      </trkpt>
      <trkpt lat="42.885882" lon="-8.500821">
        <ele>326.5460923380409</ele>
        <time>2025-06-30T11:04:53.772Z</time>
        <extensions>
          <gpxtpx:TrackPointExtension>
            <gpxtpx:Extensions>
              <highway>service</highway>
              <surface>asphalt</surface>
            </gpxtpx:Extensions>
          </gpxtpx:TrackPointExtension>
        </extensions>
      </trkpt>
      <trkpt lat="42.885882" lon="-8.500828">
        <ele>326.5486043324782</ele>
        <time>2025-06-30T11:04:54.508Z</time>
        <extensions>
          <gpxtpx:TrackPointExtension>
            <gpxtpx:Extensions>
              <reversedirection>yes</reversedirection>
              <highway>residential</highway>
              <surface>asphalt</surface>
            </gpxtpx:Extensions>
          </gpxtpx:TrackPointExtension>
        </extensions>
      </trkpt>
      <trkpt lat="42.885958" lon="-8.50091">
        <ele>326.1255807938914</ele>
        <time>2025-06-30T11:05:08.432Z</time>
        <extensions>
          <gpxtpx:TrackPointExtension>
            <gpxtpx:Extensions>
              <reversedirection>yes</reversedirection>
              <highway>residential</highway>
              <surface>asphalt</surface>
            </gpxtpx:Extensions>
          </gpxtpx:TrackPointExtension>
        </extensions>
      </trkpt>
      <trkpt lat="42.886178" lon="-8.501144">
        <ele>325.0817288076628</ele>
        <time>2025-06-30T11:05:48.521Z</time>
        <extensions>
          <gpxtpx:TrackPointExtension>
            <gpxtpx:Extensions>
              <reversedirection>yes</reversedirection>
              <highway>residential</highway>
              <surface>asphalt</surface>
            </gpxtpx:Extensions>
          </gpxtpx:TrackPointExtension>
        </extensions>
      </trkpt>
      <trkpt lat="42.886291" lon="-8.50126">
        <ele>324.45958805237944</ele>
        <time>2025-06-30T11:06:08.843Z</time>
        <extensions>
          <gpxtpx:TrackPointExtension>
            <gpxtpx:Extensions>
              <reversedirection>yes</reversedirection>
              <highway>residential</highway>
              <surface>asphalt</surface>
            </gpxtpx:Extensions>
          </gpxtpx:TrackPointExtension>
        </extensions>
      </trkpt>
      <trkpt lat="42.886514" lon="-8.501513">
        <ele>324.25283324188024</ele>
        <time>2025-06-30T11:06:50.523Z</time>
        <extensions>
          <gpxtpx:TrackPointExtension>
            <gpxtpx:Extensions>
              <reversedirection>yes</reversedirection>
              <highway>residential</highway>
              <surface>asphalt</surface>
            </gpxtpx:Extensions>
          </gpxtpx:TrackPointExtension>
        </extensions>
      </trkpt>
      <trkpt lat="42.886572" lon="-8.501602">
        <ele>324.40190729222763</ele>
        <time>2025-06-30T11:07:03.067Z</time>
        <extensions>
          <gpxtpx:TrackPointExtension>
            <gpxtpx:Extensions>
              <reversedirection>yes</reversedirection>
              <highway>residential</highway>
              <surface>asphalt</surface>
            </gpxtpx:Extensions>
          </gpxtpx:TrackPointExtension>
        </extensions>
      </trkpt>
      <trkpt lat="42.886621" lon="-8.501696">
        <ele>324.55528975211877</ele>
        <time>2025-06-30T11:07:15.216Z</time>
        <extensions>
          <gpxtpx:TrackPointExtension>
            <gpxtpx:Extensions>
              <reversedirection>yes</reversedirection>
              <highway>residential</highway>
              <surface>asphalt</surface>
            </gpxtpx:Extensions>
          </gpxtpx:TrackPointExtension>
        </extensions>
      </trkpt>
      <trkpt lat="42.886664" lon="-8.501795">
        <ele>324.62126494278067</ele>
        <time>2025-06-30T11:07:27.336Z</time>
        <extensions>
          <gpxtpx:TrackPointExtension>
            <gpxtpx:Extensions>
              <reversedirection>yes</reversedirection>
              <highway>residential</highway>
              <surface>asphalt</surface>
            </gpxtpx:Extensions>
          </gpxtpx:TrackPointExtension>
        </extensions>
      </trkpt>
      <trkpt lat="42.886737" lon="-8.502039">
        <ele>323.1174073439326</ele>
        <time>2025-06-30T11:07:55.091Z</time>
        <extensions>
          <gpxtpx:TrackPointExtension>
            <gpxtpx:Extensions>
              <reversedirection>yes</reversedirection>
              <highway>residential</highway>
              <surface>asphalt</surface>
            </gpxtpx:Extensions>
          </gpxtpx:TrackPointExtension>
        </extensions>
      </trkpt>
      <trkpt lat="42.886766" lon="-8.502175">
        <ele>321.8530618589971</ele>
        <time>2025-06-30T11:08:10.007Z</time>
        <extensions>
          <gpxtpx:TrackPointExtension>
            <gpxtpx:Extensions>
              <reversedirection>yes</reversedirection>
              <highway>residential</highway>
              <surface>asphalt</surface>
            </gpxtpx:Extensions>
          </gpxtpx:TrackPointExtension>
        </extensions>
      </trkpt>
      <trkpt lat="42.886802" lon="-8.502357">
        <ele>318.96835723888097</ele>
        <time>2025-06-30T11:08:29.859Z</time>
        <extensions>
          <gpxtpx:TrackPointExtension>
            <gpxtpx:Extensions>
              <reversedirection>yes</reversedirection>
              <highway>residential</highway>
              <surface>asphalt</surface>
            </gpxtpx:Extensions>
          </gpxtpx:TrackPointExtension>
        </extensions>
      </trkpt>
      <trkpt lat="42.886845" lon="-8.502505">
        <ele>316.29448853571586</ele>
        <time>2025-06-30T11:08:46.626Z</time>
        <extensions>
          <gpxtpx:TrackPointExtension>
            <gpxtpx:Extensions>
              <reversedirection>yes</reversedirection>
              <highway>residential</highway>
              <surface>asphalt</surface>
            </gpxtpx:Extensions>
          </gpxtpx:TrackPointExtension>
        </extensions>
      </trkpt>
      <trkpt lat="42.886917" lon="-8.502673">
        <ele>312.8448006793402</ele>
        <time>2025-06-30T11:09:07.123Z</time>
        <extensions>
          <gpxtpx:TrackPointExtension>
            <gpxtpx:Extensions>
              <reversedirection>yes</reversedirection>
              <highway>residential</highway>
              <surface>asphalt</surface>
            </gpxtpx:Extensions>
          </gpxtpx:TrackPointExtension>
        </extensions>
      </trkpt>
      <trkpt lat="42.886985" lon="-8.502799">
        <ele>310.44494400997394</ele>
        <time>2025-06-30T11:09:23.603Z</time>
        <extensions>
          <gpxtpx:TrackPointExtension>
            <gpxtpx:Extensions>
              <reversedirection>yes</reversedirection>
              <highway>residential</highway>
              <surface>asphalt</surface>
            </gpxtpx:Extensions>
          </gpxtpx:TrackPointExtension>
        </extensions>
      </trkpt>
      <trkpt lat="42.887086" lon="-8.502929">
        <ele>308.5413069482579</ele>
        <time>2025-06-30T11:09:43.557Z</time>
        <extensions>
          <gpxtpx:TrackPointExtension>
            <gpxtpx:Extensions>
              <reversedirection>yes</reversedirection>
              <highway>residential</highway>
              <surface>asphalt</surface>
            </gpxtpx:Extensions>
          </gpxtpx:TrackPointExtension>
        </extensions>
      </trkpt>
      <trkpt lat="42.887215" lon="-8.503046">
        <ele>307.13737071714615</ele>
        <time>2025-06-30T11:10:05.819Z</time>
        <extensions>
          <gpxtpx:TrackPointExtension>
            <gpxtpx:Extensions>
              <reversedirection>yes</reversedirection>
              <highway>residential</highway>
              <surface>asphalt</surface>
            </gpxtpx:Extensions>
          </gpxtpx:TrackPointExtension>
        </extensions>
      </trkpt>
      <trkpt lat="42.887321" lon="-8.503105">
        <ele>306.28466924562827</ele>
        <time>2025-06-30T11:10:22.272Z</time>
        <extensions>
          <gpxtpx:TrackPointExtension>
            <gpxtpx:Extensions>
              <reversedirection>yes</reversedirection>
              <highway>residential</highway>
              <surface>concrete</surface>
            </gpxtpx:Extensions>
          </gpxtpx:TrackPointExtension>
        </extensions>
      </trkpt>
      <trkpt lat="42.887474" lon="-8.503169">
        <ele>305.0568425065898</ele>
        <time>2025-06-30T11:10:45.272Z</time>
        <extensions>
          <gpxtpx:TrackPointExtension>
            <gpxtpx:Extensions>
              <reversedirection>yes</reversedirection>
              <highway>residential</highway>
              <surface>concrete</surface>
            </gpxtpx:Extensions>
          </gpxtpx:TrackPointExtension>
        </extensions>
      </trkpt>
      <trkpt lat="42.887537" lon="-8.503197">
        <ele>304.3830990001311</ele>
        <time>2025-06-30T11:10:54.796Z</time>
        <extensions>
          <gpxtpx:TrackPointExtension>
            <gpxtpx:Extensions>
              <reversedirection>yes</reversedirection>
              <highway>residential</highway>
              <surface>concrete</surface>
            </gpxtpx:Extensions>
          </gpxtpx:TrackPointExtension>
        </extensions>
      </trkpt>
      <trkpt lat="42.887563" lon="-8.503209">
        <ele>304.10083403130864</ele>
        <time>2025-06-30T11:10:58.742Z</time>
        <extensions>
          <gpxtpx:TrackPointExtension>
            <gpxtpx:Extensions>
              <reversedirection>yes</reversedirection>
              <highway>residential</highway>
              <surface>concrete</surface>
            </gpxtpx:Extensions>
          </gpxtpx:TrackPointExtension>
        </extensions>
      </trkpt>
      <trkpt lat="42.887565" lon="-8.503209">
        <ele>304.0845169948936</ele>
        <time>2025-06-30T11:10:59.042Z</time>
        <extensions>
          <gpxtpx:TrackPointExtension>
            <gpxtpx:Extensions>
              <highway>residential</highway>
              <surface>concrete</surface>
            </gpxtpx:Extensions>
          </gpxtpx:TrackPointExtension>
        </extensions>
      </trkpt>
      <trkpt lat="42.887492" lon="-8.503516">
        <ele>302.79002129821254</ele>
        <time>2025-06-30T11:11:33.032Z</time>
        <extensions>
          <gpxtpx:TrackPointExtension>
            <gpxtpx:Extensions>
              <highway>residential</highway>
              <surface>concrete</surface>
            </gpxtpx:Extensions>
          </gpxtpx:TrackPointExtension>
        </extensions>
      </trkpt>
      <trkpt lat="42.887435" lon="-8.503737">
        <ele>300.99643393084443</ele>
        <time>2025-06-30T11:11:57.705Z</time>
        <extensions>
          <gpxtpx:TrackPointExtension>
            <gpxtpx:Extensions>
              <highway>path</highway>
              <surface>concrete</surface>
            </gpxtpx:Extensions>
          </gpxtpx:TrackPointExtension>
        </extensions>
      </trkpt>
      <trkpt lat="42.887422" lon="-8.503779">
        <ele>300.73073783263476</ele>
        <time>2025-06-30T11:12:02.505Z</time>
      </trkpt>
      <trkpt lat="42.887423" lon="-8.503778">
        <ele>300.7252221846804</ele>
        <time>2025-06-30T11:12:02.678Z</time>
        <extensions>
          <gpxtpx:TrackPointExtension>
            <gpxtpx:Extensions>
              <highway>path</highway>
              <surface>concrete</surface>
            </gpxtpx:Extensions>
          </gpxtpx:TrackPointExtension>
        </extensions>
      </trkpt>
      <trkpt lat="42.887362" lon="-8.503984">
        <ele>299.31548423725474</ele>
        <time>2025-06-30T11:12:25.665Z</time>
        <extensions>
          <gpxtpx:TrackPointExtension>
            <gpxtpx:Extensions>
              <highway>path</highway>
              <surface>concrete</surface>
            </gpxtpx:Extensions>
          </gpxtpx:TrackPointExtension>
        </extensions>
      </trkpt>
      <trkpt lat="42.887328" lon="-8.504217">
        <ele>296.7496886880613</ele>
        <time>2025-06-30T11:12:46.321Z</time>
        <extensions>
          <gpxtpx:TrackPointExtension>
            <gpxtpx:Extensions>
              <highway>footway</highway>
              <surface>concrete</surface>
              <bicycle>permissive</bicycle>
            </gpxtpx:Extensions>
          </gpxtpx:TrackPointExtension>
        </extensions>
      </trkpt>
      <trkpt lat="42.887312" lon="-8.504378">
        <ele>294.55777573080354</ele>
        <time>2025-06-30T11:13:02.220Z</time>
        <extensions>
          <gpxtpx:TrackPointExtension>
            <gpxtpx:Extensions>
              <highway>footway</highway>
              <surface>concrete</surface>
              <bicycle>permissive</bicycle>
            </gpxtpx:Extensions>
          </gpxtpx:TrackPointExtension>
        </extensions>
      </trkpt>
      <trkpt lat="42.887299" lon="-8.504402">
        <ele>294.33897198508566</ele>
        <time>2025-06-30T11:13:05.138Z</time>
        <extensions>
          <gpxtpx:TrackPointExtension>
            <gpxtpx:Extensions>
              <highway>footway</highway>
              <surface>concrete</surface>
              <bicycle>permissive</bicycle>
            </gpxtpx:Extensions>
          </gpxtpx:TrackPointExtension>
        </extensions>
      </trkpt>
      <trkpt lat="42.887083" lon="-8.504587">
        <ele>292.98514592439267</ele>
        <time>2025-06-30T11:13:39.147Z</time>
        <extensions>
          <gpxtpx:TrackPointExtension>
            <gpxtpx:Extensions>
              <highway>footway</highway>
              <surface>concrete</surface>
              <bicycle>permissive</bicycle>
            </gpxtpx:Extensions>
          </gpxtpx:TrackPointExtension>
        </extensions>
      </trkpt>
      <trkpt lat="42.887011" lon="-8.504589">
        <ele>293.68375261053507</ele>
        <time>2025-06-30T11:13:49.226Z</time>
        <extensions>
          <gpxtpx:TrackPointExtension>
            <gpxtpx:Extensions>
              <highway>footway</highway>
              <surface>concrete</surface>
              <bicycle>permissive</bicycle>
            </gpxtpx:Extensions>
          </gpxtpx:TrackPointExtension>
        </extensions>
      </trkpt>
      <trkpt lat="42.886834" lon="-8.504542">
        <ele>296.25983571685987</ele>
        <time>2025-06-30T11:14:14.465Z</time>
        <extensions>
          <gpxtpx:TrackPointExtension>
            <gpxtpx:Extensions>
              <highway>footway</highway>
              <surface>concrete</surface>
              <bicycle>permissive</bicycle>
            </gpxtpx:Extensions>
          </gpxtpx:TrackPointExtension>
        </extensions>
      </trkpt>
      <trkpt lat="42.886815" lon="-8.504559">
        <ele>296.15626485625495</ele>
        <time>2025-06-30T11:14:17.788Z</time>
        <extensions>
          <gpxtpx:TrackPointExtension>
            <gpxtpx:Extensions>
              <highway>footway</highway>
              <surface>concrete</surface>
              <bicycle>permissive</bicycle>
            </gpxtpx:Extensions>
          </gpxtpx:TrackPointExtension>
        </extensions>
      </trkpt>
      <trkpt lat="42.886814" lon="-8.504596">
        <ele>295.54069436527436</ele>
        <time>2025-06-30T11:14:21.757Z</time>
        <extensions>
          <gpxtpx:TrackPointExtension>
            <gpxtpx:Extensions>
              <highway>footway</highway>
              <surface>concrete</surface>
              <bicycle>permissive</bicycle>
            </gpxtpx:Extensions>
          </gpxtpx:TrackPointExtension>
        </extensions>
      </trkpt>
      <trkpt lat="42.886961" lon="-8.504778">
        <ele>290.90629614431003</ele>
        <time>2025-06-30T11:14:50.795Z</time>
        <extensions>
          <gpxtpx:TrackPointExtension>
            <gpxtpx:Extensions>
              <highway>footway</highway>
              <surface>concrete</surface>
              <bicycle>permissive</bicycle>
            </gpxtpx:Extensions>
          </gpxtpx:TrackPointExtension>
        </extensions>
      </trkpt>
      <trkpt lat="42.886964" lon="-8.504802">
        <ele>290.5093970752559</ele>
        <time>2025-06-30T11:14:53.378Z</time>
        <extensions>
          <gpxtpx:TrackPointExtension>
            <gpxtpx:Extensions>
              <highway>footway</highway>
              <surface>concrete</surface>
              <bicycle>permissive</bicycle>
            </gpxtpx:Extensions>
          </gpxtpx:TrackPointExtension>
        </extensions>
      </trkpt>
      <trkpt lat="42.886944" lon="-8.504874">
        <ele>289.64149615303677</ele>
        <time>2025-06-30T11:15:01.553Z</time>
        <extensions>
          <gpxtpx:TrackPointExtension>
            <gpxtpx:Extensions>
              <highway>footway</highway>
              <surface>concrete</surface>
              <bicycle>permissive</bicycle>
            </gpxtpx:Extensions>
          </gpxtpx:TrackPointExtension>
        </extensions>
      </trkpt>
      <trkpt lat="42.88694" lon="-8.504888">
        <ele>289.4866849411518</ele>
        <time>2025-06-30T11:15:03.117Z</time>
        <extensions>
          <gpxtpx:TrackPointExtension>
            <gpxtpx:Extensions>
              <highway>footway</highway>
            </gpxtpx:Extensions>
          </gpxtpx:TrackPointExtension>
        </extensions>
      </trkpt>
      <trkpt lat="42.886896" lon="-8.504971">
        <ele>288.83444483932203</ele>
        <time>2025-06-30T11:15:13.826Z</time>
        <extensions>
          <gpxtpx:TrackPointExtension>
            <gpxtpx:Extensions>
              <highway>footway</highway>
            </gpxtpx:Extensions>
          </gpxtpx:TrackPointExtension>
        </extensions>
      </trkpt>
      <trkpt lat="42.886851" lon="-8.505071">
        <ele>288.1124733295303</ele>
        <time>2025-06-30T11:15:26.094Z</time>
        <extensions>
          <gpxtpx:TrackPointExtension>
            <gpxtpx:Extensions>
              <highway>footway</highway>
            </gpxtpx:Extensions>
          </gpxtpx:TrackPointExtension>
        </extensions>
      </trkpt>
      <trkpt lat="42.886778" lon="-8.505282">
        <ele>286.79834263878024</ele>
        <time>2025-06-30T11:15:49.418Z</time>
        <extensions>
          <gpxtpx:TrackPointExtension>
            <gpxtpx:Extensions>
              <highway>footway</highway>
            </gpxtpx:Extensions>
          </gpxtpx:TrackPointExtension>
        </extensions>
      </trkpt>
      <trkpt lat="42.886764" lon="-8.505361">
        <ele>286.0422252221699</ele>
        <time>2025-06-30T11:15:56.668Z</time>
        <extensions>
          <gpxtpx:TrackPointExtension>
            <gpxtpx:Extensions>
              <highway>footway</highway>
            </gpxtpx:Extensions>
          </gpxtpx:TrackPointExtension>
        </extensions>
      </trkpt>
      <trkpt lat="42.886734" lon="-8.505544">
        <ele>283.85605282606645</ele>
        <time>2025-06-30T11:16:13.789Z</time>
        <extensions>
          <gpxtpx:TrackPointExtension>
            <gpxtpx:Extensions>
              <highway>footway</highway>
              <surface>cobblestone</surface>
              <foot>designated</foot>
              <bicycle>designated</bicycle>
            </gpxtpx:Extensions>
          </gpxtpx:TrackPointExtension>
        </extensions>
      </trkpt>
      <trkpt lat="42.886638" lon="-8.50635">
        <ele>276.792158605279</ele>
        <time>2025-06-30T11:17:26.434Z</time>
        <extensions>
          <gpxtpx:TrackPointExtension>
            <gpxtpx:Extensions>
              <highway>footway</highway>
              <bicycle>permissive</bicycle>
            </gpxtpx:Extensions>
          </gpxtpx:TrackPointExtension>
        </extensions>
      </trkpt>
      <trkpt lat="42.886632" lon="-8.506394">
        <ele>276.45443682847065</ele>
        <time>2025-06-30T11:17:30.566Z</time>
        <extensions>
          <gpxtpx:TrackPointExtension>
            <gpxtpx:Extensions>
              <highway>footway</highway>
              <bicycle>permissive</bicycle>
            </gpxtpx:Extensions>
          </gpxtpx:TrackPointExtension>
        </extensions>
      </trkpt>
      <trkpt lat="42.886589" lon="-8.506775">
        <ele>274.3802503074163</ele>
        <time>2025-06-30T11:18:09.949Z</time>
        <extensions>
          <gpxtpx:TrackPointExtension>
            <gpxtpx:Extensions>
              <highway>footway</highway>
              <bicycle>permissive</bicycle>
            </gpxtpx:Extensions>
          </gpxtpx:TrackPointExtension>
        </extensions>
      </trkpt>
      <trkpt lat="42.886554" lon="-8.507312">
        <ele>272.4409952584193</ele>
        <time>2025-06-30T11:19:08.775Z</time>
        <extensions>
          <gpxtpx:TrackPointExtension>
            <gpxtpx:Extensions>
              <highway>footway</highway>
              <bicycle>permissive</bicycle>
            </gpxtpx:Extensions>
          </gpxtpx:TrackPointExtension>
        </extensions>
      </trkpt>
      <trkpt lat="42.886535" lon="-8.50771">
        <ele>270.31508214008164</ele>
        <time>2025-06-30T11:19:52.909Z</time>
        <extensions>
          <gpxtpx:TrackPointExtension>
            <gpxtpx:Extensions>
              <highway>footway</highway>
              <bicycle>permissive</bicycle>
            </gpxtpx:Extensions>
          </gpxtpx:TrackPointExtension>
        </extensions>
      </trkpt>
      <trkpt lat="42.886535" lon="-8.507726">
        <ele>270.31508214008164</ele>
        <time>2025-06-30T11:19:55.151Z</time>
        <extensions>
          <gpxtpx:TrackPointExtension>
            <gpxtpx:Extensions>
              <highway>footway</highway>
              <surface>concrete</surface>
            </gpxtpx:Extensions>
          </gpxtpx:TrackPointExtension>
        </extensions>
      </trkpt>
      <trkpt lat="42.886527" lon="-8.508243">
        <ele>271.89145529139887</ele>
        <time>2025-06-30T11:21:07.726Z</time>
        <extensions>
          <gpxtpx:TrackPointExtension>
            <gpxtpx:Extensions>
              <highway>footway</highway>
              <surface>concrete</surface>
              <bicycle>permissive</bicycle>
            </gpxtpx:Extensions>
          </gpxtpx:TrackPointExtension>
        </extensions>
      </trkpt>
      <trkpt lat="42.886523" lon="-8.508632">
        <ele>273.50649805347996</ele>
        <time>2025-06-30T11:22:15.280Z</time>
        <extensions>
          <gpxtpx:TrackPointExtension>
            <gpxtpx:Extensions>
              <highway>footway</highway>
              <surface>concrete</surface>
              <bicycle>permissive</bicycle>
            </gpxtpx:Extensions>
          </gpxtpx:TrackPointExtension>
        </extensions>
      </trkpt>
      <trkpt lat="42.886519" lon="-8.508786">
        <ele>273.8621218867144</ele>
        <time>2025-06-30T11:22:42.263Z</time>
        <extensions>
          <gpxtpx:TrackPointExtension>
            <gpxtpx:Extensions>
              <highway>footway</highway>
              <surface>concrete</surface>
              <bicycle>permissive</bicycle>
            </gpxtpx:Extensions>
          </gpxtpx:TrackPointExtension>
        </extensions>
      </trkpt>
      <trkpt lat="42.886502" lon="-8.508839">
        <ele>274.066716854741</ele>
        <time>2025-06-30T11:22:52.395Z</time>
        <extensions>
          <gpxtpx:TrackPointExtension>
            <gpxtpx:Extensions>
              <highway>footway</highway>
              <surface>concrete</surface>
              <bicycle>permissive</bicycle>
            </gpxtpx:Extensions>
          </gpxtpx:TrackPointExtension>
        </extensions>
      </trkpt>
      <trkpt lat="42.886499" lon="-8.508926">
        <ele>274.3010741364453</ele>
        <time>2025-06-30T11:23:07.647Z</time>
        <extensions>
          <gpxtpx:TrackPointExtension>
            <gpxtpx:Extensions>
              <highway>footway</highway>
              <surface>concrete</surface>
              <bicycle>permissive</bicycle>
            </gpxtpx:Extensions>
          </gpxtpx:TrackPointExtension>
        </extensions>
      </trkpt>
      <trkpt lat="42.886486" lon="-8.509462">
        <ele>275.49368034610575</ele>
        <time>2025-06-30T11:24:31.147Z</time>
        <extensions>
          <gpxtpx:TrackPointExtension>
            <gpxtpx:Extensions>
              <highway>footway</highway>
              <surface>asphalt</surface>
            </gpxtpx:Extensions>
          </gpxtpx:TrackPointExtension>
        </extensions>
      </trkpt>
      <trkpt lat="42.886545" lon="-8.509464">
        <ele>275.04002123049406</ele>
        <time>2025-06-30T11:24:43.035Z</time>
        <extensions>
          <gpxtpx:TrackPointExtension>
            <gpxtpx:Extensions>
              <highway>footway</highway>
              <surface>asphalt</surface>
            </gpxtpx:Extensions>
          </gpxtpx:TrackPointExtension>
        </extensions>
      </trkpt>
      <trkpt lat="42.886602" lon="-8.509465">
        <ele>274.63598273453664</ele>
        <time>2025-06-30T11:24:54.518Z</time>
        <extensions>
          <gpxtpx:TrackPointExtension>
            <gpxtpx:Extensions>
              <reversedirection>yes</reversedirection>
              <highway>footway</highway>
              <surface>concrete</surface>
            </gpxtpx:Extensions>
          </gpxtpx:TrackPointExtension>
        </extensions>
      </trkpt>
      <trkpt lat="42.886601" lon="-8.509472">
        <ele>274.6442315272174</ele>
        <time>2025-06-30T11:24:55.454Z</time>
        <extensions>
          <gpxtpx:TrackPointExtension>
            <gpxtpx:Extensions>
              <reversedirection>yes</reversedirection>
              <highway>footway</highway>
              <surface>concrete</surface>
            </gpxtpx:Extensions>
          </gpxtpx:TrackPointExtension>
        </extensions>
      </trkpt>
      <trkpt lat="42.886601" lon="-8.509474">
        <ele>274.6445225409509</ele>
        <time>2025-06-30T11:24:55.757Z</time>
        <extensions>
          <gpxtpx:TrackPointExtension>
            <gpxtpx:Extensions>
              <reversedirection>yes</reversedirection>
              <highway>footway</highway>
              <surface>concrete</surface>
            </gpxtpx:Extensions>
          </gpxtpx:TrackPointExtension>
        </extensions>
      </trkpt>
      <trkpt lat="42.886598" lon="-8.509628">
        <ele>274.80433643409174</ele>
        <time>2025-06-30T11:25:15.837Z</time>
        <extensions>
          <gpxtpx:TrackPointExtension>
            <gpxtpx:Extensions>
              <reversedirection>yes</reversedirection>
              <highway>footway</highway>
              <surface>concrete</surface>
            </gpxtpx:Extensions>
          </gpxtpx:TrackPointExtension>
        </extensions>
      </trkpt>
      <trkpt lat="42.886591" lon="-8.509778">
        <ele>275.0170612365473</ele>
        <time>2025-06-30T11:25:35.429Z</time>
        <extensions>
          <gpxtpx:TrackPointExtension>
            <gpxtpx:Extensions>
              <reversedirection>yes</reversedirection>
              <highway>footway</highway>
              <surface>concrete</surface>
            </gpxtpx:Extensions>
          </gpxtpx:TrackPointExtension>
        </extensions>
      </trkpt>
      <trkpt lat="42.886582" lon="-8.510023">
        <ele>274.58086685459557</ele>
        <time>2025-06-30T11:26:07.404Z</time>
        <extensions>
          <gpxtpx:TrackPointExtension>
            <gpxtpx:Extensions>
              <reversedirection>yes</reversedirection>
              <highway>footway</highway>
              <surface>concrete</surface>
            </gpxtpx:Extensions>
          </gpxtpx:TrackPointExtension>
        </extensions>
      </trkpt>
      <trkpt lat="42.886586" lon="-8.510087">
        <ele>274.33549768240243</ele>
        <time>2025-06-30T11:26:15.778Z</time>
        <extensions>
          <gpxtpx:TrackPointExtension>
            <gpxtpx:Extensions>
              <reversedirection>yes</reversedirection>
              <highway>footway</highway>
              <surface>concrete</surface>
            </gpxtpx:Extensions>
          </gpxtpx:TrackPointExtension>
        </extensions>
      </trkpt>
      <trkpt lat="42.88661" lon="-8.510184">
        <ele>273.7876088448808</ele>
        <time>2025-06-30T11:26:29.123Z</time>
        <extensions>
          <gpxtpx:TrackPointExtension>
            <gpxtpx:Extensions>
              <reversedirection>yes</reversedirection>
              <highway>footway</highway>
              <surface>sett</surface>
            </gpxtpx:Extensions>
          </gpxtpx:TrackPointExtension>
        </extensions>
      </trkpt>
      <trkpt lat="42.886627" lon="-8.510224">
        <ele>273.5064329485218</ele>
        <time>2025-06-30T11:26:35.148Z</time>
        <extensions>
          <gpxtpx:TrackPointExtension>
            <gpxtpx:Extensions>
              <reversedirection>yes</reversedirection>
              <highway>footway</highway>
              <surface>sett</surface>
            </gpxtpx:Extensions>
          </gpxtpx:TrackPointExtension>
        </extensions>
      </trkpt>
      <trkpt lat="42.886682" lon="-8.510294">
        <ele>272.9249550121406</ele>
        <time>2025-06-30T11:26:48.526Z</time>
        <extensions>
          <gpxtpx:TrackPointExtension>
            <gpxtpx:Extensions>
              <reversedirection>yes</reversedirection>
              <highway>footway</highway>
              <surface>sett</surface>
            </gpxtpx:Extensions>
          </gpxtpx:TrackPointExtension>
        </extensions>
      </trkpt>
      <trkpt lat="42.886754" lon="-8.510338">
        <ele>272.4735784583461</ele>
        <time>2025-06-30T11:27:02.559Z</time>
        <extensions>
          <gpxtpx:TrackPointExtension>
            <gpxtpx:Extensions>
              <reversedirection>yes</reversedirection>
              <highway>footway</highway>
              <surface>sett</surface>
            </gpxtpx:Extensions>
          </gpxtpx:TrackPointExtension>
        </extensions>
      </trkpt>
      <trkpt lat="42.886853" lon="-8.510361">
        <ele>272.10551794960935</ele>
        <time>2025-06-30T11:27:20.424Z</time>
      </trkpt>
      <trkpt lat="42.886853" lon="-8.510361">
        <ele>272.10551794960935</ele>
        <time>2025-06-30T11:27:20.424Z</time>
        <extensions>
          <gpxtpx:TrackPointExtension>
            <gpxtpx:Extensions>
              <reversedirection>yes</reversedirection>
              <highway>footway</highway>
              <surface>sett</surface>
            </gpxtpx:Extensions>
          </gpxtpx:TrackPointExtension>
        </extensions>
      </trkpt>
      <trkpt lat="42.886857" lon="-8.510361">
        <ele>272.0977858250428</ele>
        <time>2025-06-30T11:27:21.236Z</time>
        <extensions>
          <gpxtpx:TrackPointExtension>
            <gpxtpx:Extensions>
              <highway>footway</highway>
              <surface>asphalt</surface>
            </gpxtpx:Extensions>
          </gpxtpx:TrackPointExtension>
        </extensions>
      </trkpt>
      <trkpt lat="42.886853" lon="-8.510421">
        <ele>271.97635862189435</ele>
        <time>2025-06-30T11:27:29.391Z</time>
        <extensions>
          <gpxtpx:TrackPointExtension>
            <gpxtpx:Extensions>
              <highway>footway</highway>
              <surface>asphalt</surface>
            </gpxtpx:Extensions>
          </gpxtpx:TrackPointExtension>
        </extensions>
      </trkpt>
      <trkpt lat="42.886851" lon="-8.51048">
        <ele>271.9529337080788</ele>
        <time>2025-06-30T11:27:37.789Z</time>
        <extensions>
          <gpxtpx:TrackPointExtension>
            <gpxtpx:Extensions>
              <highway>footway</highway>
            </gpxtpx:Extensions>
          </gpxtpx:TrackPointExtension>
        </extensions>
      </trkpt>
      <trkpt lat="42.88686" lon="-8.51054">
        <ele>272.07174777505907</ele>
        <time>2025-06-30T11:27:46.637Z</time>
        <extensions>
          <gpxtpx:TrackPointExtension>
            <gpxtpx:Extensions>
              <highway>footway</highway>
            </gpxtpx:Extensions>
          </gpxtpx:TrackPointExtension>
        </extensions>
      </trkpt>
      <trkpt lat="42.886863" lon="-8.510807">
        <ele>272.58859824485114</ele>
        <time>2025-06-30T11:28:25.678Z</time>
        <extensions>
          <gpxtpx:TrackPointExtension>
            <gpxtpx:Extensions>
              <highway>footway</highway>
            </gpxtpx:Extensions>
          </gpxtpx:TrackPointExtension>
        </extensions>
      </trkpt>
      <trkpt lat="42.886843" lon="-8.510912">
        <ele>273.29163555754883</ele>
        <time>2025-06-30T11:28:43.667Z</time>
        <extensions>
          <gpxtpx:TrackPointExtension>
            <gpxtpx:Extensions>
              <highway>footway</highway>
            </gpxtpx:Extensions>
          </gpxtpx:TrackPointExtension>
        </extensions>
      </trkpt>
      <trkpt lat="42.886805" lon="-8.510999">
        <ele>273.92583387640866</ele>
        <time>2025-06-30T11:29:01.128Z</time>
        <extensions>
          <gpxtpx:TrackPointExtension>
            <gpxtpx:Extensions>
              <highway>footway</highway>
            </gpxtpx:Extensions>
          </gpxtpx:TrackPointExtension>
        </extensions>
      </trkpt>
      <trkpt lat="42.886801" lon="-8.511029">
        <ele>274.10695704519844</ele>
        <time>2025-06-30T11:29:06.616Z</time>
        <extensions>
          <gpxtpx:TrackPointExtension>
            <gpxtpx:Extensions>
              <highway>footway</highway>
              <surface>asphalt</surface>
            </gpxtpx:Extensions>
          </gpxtpx:TrackPointExtension>
        </extensions>
      </trkpt>
      <trkpt lat="42.886799" lon="-8.511082">
        <ele>274.4188846737622</ele>
        <time>2025-06-30T11:29:16.049Z</time>
        <extensions>
          <gpxtpx:TrackPointExtension>
            <gpxtpx:Extensions>
              <highway>footway</highway>
              <surface>asphalt</surface>
            </gpxtpx:Extensions>
          </gpxtpx:TrackPointExtension>
        </extensions>
      </trkpt>
      <trkpt lat="42.886795" lon="-8.511152">
        <ele>274.84382423311575</ele>
        <time>2025-06-30T11:29:28.636Z</time>
        <extensions>
          <gpxtpx:TrackPointExtension>
            <gpxtpx:Extensions>
              <highway>footway</highway>
              <surface>asphalt</surface>
            </gpxtpx:Extensions>
          </gpxtpx:TrackPointExtension>
        </extensions>
      </trkpt>
      <trkpt lat="42.886792" lon="-8.511212">
        <ele>275.2680250088697</ele>
        <time>2025-06-30T11:29:39.752Z</time>
        <extensions>
          <gpxtpx:TrackPointExtension>
            <gpxtpx:Extensions>
              <reversedirection>yes</reversedirection>
              <highway>steps</highway>
              <surface>paving_stones</surface>
            </gpxtpx:Extensions>
          </gpxtpx:TrackPointExtension>
        </extensions>
      </trkpt>
      <trkpt lat="42.88681" lon="-8.511276">
        <ele>275.68679517712536</ele>
        <time>2025-06-30T11:29:52.427Z</time>
        <extensions>
          <gpxtpx:TrackPointExtension>
            <gpxtpx:Extensions>
              <reversedirection>yes</reversedirection>
              <highway>steps</highway>
              <surface>paving_stones</surface>
            </gpxtpx:Extensions>
          </gpxtpx:TrackPointExtension>
        </extensions>
      </trkpt>
      <trkpt lat="42.886811" lon="-8.511277">
        <ele>275.69219555808326</ele>
        <time>2025-06-30T11:29:52.724Z</time>
        <extensions>
          <gpxtpx:TrackPointExtension>
            <gpxtpx:Extensions>
              <highway>path</highway>
              <surface>grass</surface>
            </gpxtpx:Extensions>
          </gpxtpx:TrackPointExtension>
        </extensions>
      </trkpt>
      <trkpt lat="42.886884" lon="-8.511493">
        <ele>276.62870448981454</ele>
        <time>2025-06-30T11:30:35.707Z</time>
        <extensions>
          <gpxtpx:TrackPointExtension>
            <gpxtpx:Extensions>
              <highway>path</highway>
              <surface>grass</surface>
            </gpxtpx:Extensions>
          </gpxtpx:TrackPointExtension>
        </extensions>
      </trkpt>
      <trkpt lat="42.886912" lon="-8.511598">
        <ele>276.73491911760146</ele>
        <time>2025-06-30T11:30:55.470Z</time>
        <extensions>
          <gpxtpx:TrackPointExtension>
            <gpxtpx:Extensions>
              <highway>path</highway>
              <surface>grass</surface>
            </gpxtpx:Extensions>
          </gpxtpx:TrackPointExtension>
        </extensions>
      </trkpt>
      <trkpt lat="42.886942" lon="-8.511791">
        <ele>277.04641248486064</ele>
        <time>2025-06-30T11:31:29.530Z</time>
        <extensions>
          <gpxtpx:TrackPointExtension>
            <gpxtpx:Extensions>
              <highway>path</highway>
              <surface>grass</surface>
            </gpxtpx:Extensions>
          </gpxtpx:TrackPointExtension>
        </extensions>
      </trkpt>
      <trkpt lat="42.886941" lon="-8.511791">
        <ele>277.05118287210416</ele>
        <time>2025-06-30T11:31:29.530Z</time>
        <extensions>
          <gpxtpx:TrackPointExtension>
            <gpxtpx:Extensions>
              <highway>path</highway>
              <surface>grass</surface>
            </gpxtpx:Extensions>
          </gpxtpx:TrackPointExtension>
        </extensions>
      </trkpt>
      <trkpt lat="42.886942" lon="-8.511791">
        <ele>277.04641248486064</ele>
        <time>2025-06-30T11:31:29.530Z</time>
        <extensions>
          <gpxtpx:TrackPointExtension>
            <gpxtpx:Extensions>
              <reversedirection>yes</reversedirection>
              <highway>path</highway>
              <surface>grass</surface>
            </gpxtpx:Extensions>
          </gpxtpx:TrackPointExtension>
        </extensions>
      </trkpt>
      <trkpt lat="42.886931" lon="-8.511997">
        <ele>277.55336165425865</ele>
        <time>2025-06-30T11:32:03.420Z</time>
        <extensions>
          <gpxtpx:TrackPointExtension>
            <gpxtpx:Extensions>
              <reversedirection>yes</reversedirection>
              <highway>path</highway>
              <surface>grass</surface>
            </gpxtpx:Extensions>
          </gpxtpx:TrackPointExtension>
        </extensions>
      </trkpt>
      <trkpt lat="42.886908" lon="-8.512149">
        <ele>277.7998185646528</ele>
        <time>2025-06-30T11:32:26.957Z</time>
        <extensions>
          <gpxtpx:TrackPointExtension>
            <gpxtpx:Extensions>
              <reversedirection>yes</reversedirection>
              <highway>path</highway>
              <surface>grass</surface>
            </gpxtpx:Extensions>
          </gpxtpx:TrackPointExtension>
        </extensions>
      </trkpt>
      <trkpt lat="42.886879" lon="-8.51228">
        <ele>277.90000000000146</ele>
        <time>2025-06-30T11:32:47.207Z</time>
        <extensions>
          <gpxtpx:TrackPointExtension>
            <gpxtpx:Extensions>
              <reversedirection>yes</reversedirection>
              <highway>path</highway>
              <surface>grass</surface>
            </gpxtpx:Extensions>
          </gpxtpx:TrackPointExtension>
        </extensions>
      </trkpt>
      <trkpt lat="42.886836" lon="-8.512423">
        <ele>277.8083781688951</ele>
        <time>2025-06-30T11:33:09.462Z</time>
        <extensions>
          <gpxtpx:TrackPointExtension>
            <gpxtpx:Extensions>
              <reversedirection>yes</reversedirection>
              <highway>path</highway>
              <surface>grass</surface>
            </gpxtpx:Extensions>
          </gpxtpx:TrackPointExtension>
        </extensions>
      </trkpt>
      <trkpt lat="42.886781" lon="-8.51255">
        <ele>277.38123733336136</ele>
        <time>2025-06-30T11:33:30.073Z</time>
        <extensions>
          <gpxtpx:TrackPointExtension>
            <gpxtpx:Extensions>
              <reversedirection>yes</reversedirection>
              <highway>path</highway>
              <surface>grass</surface>
            </gpxtpx:Extensions>
          </gpxtpx:TrackPointExtension>
        </extensions>
      </trkpt>
      <trkpt lat="42.88672" lon="-8.512671">
        <ele>277.0388744533529</ele>
        <time>2025-06-30T11:33:51.165Z</time>
        <extensions>
          <gpxtpx:TrackPointExtension>
            <gpxtpx:Extensions>
              <reversedirection>yes</reversedirection>
              <highway>path</highway>
              <surface>grass</surface>
            </gpxtpx:Extensions>
          </gpxtpx:TrackPointExtension>
        </extensions>
      </trkpt>
      <trkpt lat="42.886654" lon="-8.512762">
        <ele>276.91621526375405</ele>
        <time>2025-06-30T11:34:09.775Z</time>
        <extensions>
          <gpxtpx:TrackPointExtension>
            <gpxtpx:Extensions>
              <highway>footway</highway>
              <surface>paving_stones</surface>
            </gpxtpx:Extensions>
          </gpxtpx:TrackPointExtension>
        </extensions>
      </trkpt>
      <trkpt lat="42.886671" lon="-8.51279">
        <ele>276.90000000000146</ele>
        <time>2025-06-30T11:34:15.155Z</time>
        <extensions>
          <gpxtpx:TrackPointExtension>
            <gpxtpx:Extensions>
              <highway>footway</highway>
              <surface>paving_stones</surface>
            </gpxtpx:Extensions>
          </gpxtpx:TrackPointExtension>
        </extensions>
      </trkpt>
      <trkpt lat="42.886688" lon="-8.512811">
        <ele>276.90000000000146</ele>
        <time>2025-06-30T11:34:19.783Z</time>
        <extensions>
          <gpxtpx:TrackPointExtension>
            <gpxtpx:Extensions>
              <highway>footway</highway>
              <surface>paving_stones</surface>
            </gpxtpx:Extensions>
          </gpxtpx:TrackPointExtension>
        </extensions>
      </trkpt>
      <trkpt lat="42.886715" lon="-8.512823">
        <ele>276.9000000000014</ele>
        <time>2025-06-30T11:34:25.516Z</time>
        <extensions>
          <gpxtpx:TrackPointExtension>
            <gpxtpx:Extensions>
              <highway>footway</highway>
              <surface>paving_stones</surface>
            </gpxtpx:Extensions>
          </gpxtpx:TrackPointExtension>
        </extensions>
      </trkpt>
      <trkpt lat="42.886733" lon="-8.512817">
        <ele>276.86627352591483</ele>
        <time>2025-06-30T11:34:29.253Z</time>
        <extensions>
          <gpxtpx:TrackPointExtension>
            <gpxtpx:Extensions>
              <highway>footway</highway>
              <surface>paving_stones</surface>
            </gpxtpx:Extensions>
          </gpxtpx:TrackPointExtension>
        </extensions>
      </trkpt>
      <trkpt lat="42.886733" lon="-8.512817">
        <ele>276.86627352591483</ele>
        <time>2025-06-30T11:34:29.253Z</time>
        <extensions>
          <gpxtpx:TrackPointExtension>
            <gpxtpx:Extensions>
              <highway>footway</highway>
              <surface>paving_stones</surface>
            </gpxtpx:Extensions>
          </gpxtpx:TrackPointExtension>
        </extensions>
      </trkpt>
      <trkpt lat="42.886745" lon="-8.512855">
        <ele>276.819165813982</ele>
        <time>2025-06-30T11:34:35.372Z</time>
        <extensions>
          <gpxtpx:TrackPointExtension>
            <gpxtpx:Extensions>
              <highway>footway</highway>
              <surface>asphalt</surface>
            </gpxtpx:Extensions>
          </gpxtpx:TrackPointExtension>
        </extensions>
      </trkpt>
      <trkpt lat="42.886756" lon="-8.512894">
        <ele>276.74170757029293</ele>
        <time>2025-06-30T11:34:41.554Z</time>
        <extensions>
          <gpxtpx:TrackPointExtension>
            <gpxtpx:Extensions>
              <highway>footway</highway>
              <surface>asphalt</surface>
            </gpxtpx:Extensions>
          </gpxtpx:TrackPointExtension>
        </extensions>
      </trkpt>
      <trkpt lat="42.886769" lon="-8.51294">
        <ele>276.6467704494489</ele>
        <time>2025-06-30T11:34:48.895Z</time>
        <extensions>
          <gpxtpx:TrackPointExtension>
            <gpxtpx:Extensions>
              <highway>footway</highway>
              <surface>paving_stones</surface>
            </gpxtpx:Extensions>
          </gpxtpx:TrackPointExtension>
        </extensions>
      </trkpt>
      <trkpt lat="42.886782" lon="-8.51299">
        <ele>276.599240416827</ele>
        <time>2025-06-30T11:34:56.795Z</time>
        <extensions>
          <gpxtpx:TrackPointExtension>
            <gpxtpx:Extensions>
              <highway>footway</highway>
              <surface>paving_stones</surface>
            </gpxtpx:Extensions>
          </gpxtpx:TrackPointExtension>
        </extensions>
      </trkpt>
      <trkpt lat="42.886783" lon="-8.51299">
        <ele>276.59522972862266</ele>
        <time>2025-06-30T11:34:57.040Z</time>
        <extensions>
          <gpxtpx:TrackPointExtension>
            <gpxtpx:Extensions>
              <reversedirection>yes</reversedirection>
              <highway>footway</highway>
              <surface>paving_stones</surface>
            </gpxtpx:Extensions>
          </gpxtpx:TrackPointExtension>
        </extensions>
      </trkpt>
      <trkpt lat="42.886782" lon="-8.51299">
        <ele>276.599240416827</ele>
        <time>2025-06-30T11:34:57.285Z</time>
        <extensions>
          <gpxtpx:TrackPointExtension>
            <gpxtpx:Extensions>
              <highway>footway</highway>
              <surface>paving_stones</surface>
            </gpxtpx:Extensions>
          </gpxtpx:TrackPointExtension>
        </extensions>
      </trkpt>
      <trkpt lat="42.886742" lon="-8.513017">
        <ele>276.726607650333</ele>
        <time>2025-06-30T11:35:06.354Z</time>
        <extensions>
          <gpxtpx:TrackPointExtension>
            <gpxtpx:Extensions>
              <highway>footway</highway>
              <surface>paving_stones</surface>
            </gpxtpx:Extensions>
          </gpxtpx:TrackPointExtension>
        </extensions>
      </trkpt>
      <trkpt lat="42.886726" lon="-8.513087">
        <ele>276.96586331597643</ele>
        <time>2025-06-30T11:35:17.273Z</time>
        <extensions>
          <gpxtpx:TrackPointExtension>
            <gpxtpx:Extensions>
              <highway>footway</highway>
              <surface>paving_stones</surface>
            </gpxtpx:Extensions>
          </gpxtpx:TrackPointExtension>
        </extensions>
      </trkpt>
      <trkpt lat="42.886704" lon="-8.513144">
        <ele>277.2424001796877</ele>
        <time>2025-06-30T11:35:27.498Z</time>
        <extensions>
          <gpxtpx:TrackPointExtension>
            <gpxtpx:Extensions>
              <highway>footway</highway>
              <surface>paving_stones</surface>
            </gpxtpx:Extensions>
          </gpxtpx:TrackPointExtension>
        </extensions>
      </trkpt>
      <trkpt lat="42.88666" lon="-8.513206">
        <ele>277.5990366576244</ele>
        <time>2025-06-30T11:35:41.198Z</time>
        <extensions>
          <gpxtpx:TrackPointExtension>
            <gpxtpx:Extensions>
              <highway>footway</highway>
              <surface>paving_stones</surface>
            </gpxtpx:Extensions>
          </gpxtpx:TrackPointExtension>
        </extensions>
      </trkpt>
      <trkpt lat="42.886625" lon="-8.513234">
        <ele>277.75886409720465</ele>
        <time>2025-06-30T11:35:50.211Z</time>
        <extensions>
          <gpxtpx:TrackPointExtension>
            <gpxtpx:Extensions>
              <highway>footway</highway>
              <surface>paving_stones</surface>
            </gpxtpx:Extensions>
          </gpxtpx:TrackPointExtension>
        </extensions>
      </trkpt>
      <trkpt lat="42.886615" lon="-8.513373">
        <ele>278.2606055185907</ele>
        <time>2025-06-30T11:36:12.942Z</time>
        <extensions>
          <gpxtpx:TrackPointExtension>
            <gpxtpx:Extensions>
              <highway>footway</highway>
              <surface>paving_stones</surface>
            </gpxtpx:Extensions>
          </gpxtpx:TrackPointExtension>
        </extensions>
      </trkpt>
      <trkpt lat="42.886607" lon="-8.513624">
        <ele>279.3215009312151</ele>
        <time>2025-06-30T11:36:54.568Z</time>
        <extensions>
          <gpxtpx:TrackPointExtension>
            <gpxtpx:Extensions>
              <highway>footway</highway>
              <surface>paving_stones</surface>
            </gpxtpx:Extensions>
          </gpxtpx:TrackPointExtension>
        </extensions>
      </trkpt>
      <trkpt lat="42.886606" lon="-8.513633">
        <ele>279.3635237551503</ele>
        <time>2025-06-30T11:36:56.204Z</time>
        <extensions>
          <gpxtpx:TrackPointExtension>
            <gpxtpx:Extensions>
              <highway>footway</highway>
              <surface>paving_stones</surface>
            </gpxtpx:Extensions>
          </gpxtpx:TrackPointExtension>
        </extensions>
      </trkpt>
      <trkpt lat="42.886588" lon="-8.514074">
        <ele>281.36194680845887</ele>
        <time>2025-06-30T11:38:14.960Z</time>
        <extensions>
          <gpxtpx:TrackPointExtension>
            <gpxtpx:Extensions>
              <highway>footway</highway>
              <surface>paving_stones</surface>
            </gpxtpx:Extensions>
          </gpxtpx:TrackPointExtension>
        </extensions>
      </trkpt>
      <trkpt lat="42.886585" lon="-8.514074">
        <ele>281.3626707701379</ele>
        <time>2025-06-30T11:38:15.675Z</time>
        <extensions>
          <gpxtpx:TrackPointExtension>
            <gpxtpx:Extensions>
              <highway>footway</highway>
              <surface>paving_stones</surface>
            </gpxtpx:Extensions>
          </gpxtpx:TrackPointExtension>
        </extensions>
      </trkpt>
      <trkpt lat="42.886535" lon="-8.514072">
        <ele>281.3632616681317</ele>
        <time>2025-06-30T11:38:27.783Z</time>
        <extensions>
          <gpxtpx:TrackPointExtension>
            <gpxtpx:Extensions>
              <highway>footway</highway>
              <surface>paving_stones</surface>
            </gpxtpx:Extensions>
          </gpxtpx:TrackPointExtension>
        </extensions>
      </trkpt>
      <trkpt lat="42.886508" lon="-8.514071">
        <ele>281.3584049777837</ele>
        <time>2025-06-30T11:38:34.325Z</time>
        <extensions>
          <gpxtpx:TrackPointExtension>
            <gpxtpx:Extensions>
              <reversedirection>yes</reversedirection>
              <highway>footway</highway>
              <surface>paving_stones</surface>
            </gpxtpx:Extensions>
          </gpxtpx:TrackPointExtension>
        </extensions>
      </trkpt>
      <trkpt lat="42.886507" lon="-8.514076">
        <ele>281.3875320888601</ele>
        <time>2025-06-30T11:38:35.166Z</time>
        <extensions>
          <gpxtpx:TrackPointExtension>
            <gpxtpx:Extensions>
              <reversedirection>yes</reversedirection>
              <highway>footway</highway>
              <surface>paving_stones</surface>
            </gpxtpx:Extensions>
          </gpxtpx:TrackPointExtension>
        </extensions>
      </trkpt>
      <trkpt lat="42.886507" lon="-8.514078">
        <ele>281.39918293333716</ele>
        <time>2025-06-30T11:38:35.491Z</time>
        <extensions>
          <gpxtpx:TrackPointExtension>
            <gpxtpx:Extensions>
              <reversedirection>yes</reversedirection>
              <highway>footway</highway>
              <surface>paving_stones</surface>
            </gpxtpx:Extensions>
          </gpxtpx:TrackPointExtension>
        </extensions>
      </trkpt>
      <trkpt lat="42.886503" lon="-8.514168">
        <ele>281.9094798769224</ele>
        <time>2025-06-30T11:38:50.044Z</time>
        <extensions>
          <gpxtpx:TrackPointExtension>
            <gpxtpx:Extensions>
              <reversedirection>yes</reversedirection>
              <highway>footway</highway>
              <surface>paving_stones</surface>
            </gpxtpx:Extensions>
          </gpxtpx:TrackPointExtension>
        </extensions>
      </trkpt>
      <trkpt lat="42.886489" lon="-8.514541">
        <ele>283.2497500865264</ele>
        <time>2025-06-30T11:39:50.327Z</time>
        <extensions>
          <gpxtpx:TrackPointExtension>
            <gpxtpx:Extensions>
              <reversedirection>yes</reversedirection>
              <highway>footway</highway>
              <surface>paving_stones</surface>
            </gpxtpx:Extensions>
          </gpxtpx:TrackPointExtension>
        </extensions>
      </trkpt>
      <trkpt lat="42.886481" lon="-8.51513">
        <ele>282.8111451725952</ele>
        <time>2025-06-30T11:41:25.412Z</time>
        <extensions>
          <gpxtpx:TrackPointExtension>
            <gpxtpx:Extensions>
              <highway>footway</highway>
              <surface>paving_stones</surface>
            </gpxtpx:Extensions>
          </gpxtpx:TrackPointExtension>
        </extensions>
      </trkpt>
      <trkpt lat="42.886576" lon="-8.515134">
        <ele>282.5043623304467</ele>
        <time>2025-06-30T11:41:46.349Z</time>
      </trkpt>
      <trkpt lat="42.886576" lon="-8.515134">
        <ele>282.5043623304467</ele>
        <time>2025-06-30T11:41:46.349Z</time>
        <extensions>
          <gpxtpx:TrackPointExtension>
            <gpxtpx:Extensions>
              <highway>footway</highway>
              <surface>paving_stones</surface>
            </gpxtpx:Extensions>
          </gpxtpx:TrackPointExtension>
        </extensions>
      </trkpt>
      <trkpt lat="42.886584" lon="-8.515134">
        <ele>282.47892041415975</ele>
        <time>2025-06-30T11:41:51.204Z</time>
        <extensions>
          <gpxtpx:TrackPointExtension>
            <gpxtpx:Extensions>
              <reversedirection>yes</reversedirection>
              <highway>footway</highway>
              <surface>paving_stones</surface>
            </gpxtpx:Extensions>
          </gpxtpx:TrackPointExtension>
        </extensions>
      </trkpt>
      <trkpt lat="42.886585" lon="-8.515254">
        <ele>282.42590593435</ele>
        <time>2025-06-30T11:42:08.326Z</time>
        <extensions>
          <gpxtpx:TrackPointExtension>
            <gpxtpx:Extensions>
              <reversedirection>yes</reversedirection>
              <highway>footway</highway>
              <surface>asphalt</surface>
            </gpxtpx:Extensions>
          </gpxtpx:TrackPointExtension>
        </extensions>
      </trkpt>
      <trkpt lat="42.886585" lon="-8.515307">
        <ele>282.5810820410505</ele>
        <time>2025-06-30T11:42:16.158Z</time>
        <extensions>
          <gpxtpx:TrackPointExtension>
            <gpxtpx:Extensions>
              <reversedirection>yes</reversedirection>
              <highway>footway</highway>
              <surface>asphalt</surface>
            </gpxtpx:Extensions>
          </gpxtpx:TrackPointExtension>
        </extensions>
      </trkpt>
      <trkpt lat="42.886585" lon="-8.515355">
        <ele>282.7488542010317</ele>
        <time>2025-06-30T11:42:23.251Z</time>
        <extensions>
          <gpxtpx:TrackPointExtension>
            <gpxtpx:Extensions>
              <reversedirection>yes</reversedirection>
              <highway>footway</highway>
              <surface>paving_stones</surface>
            </gpxtpx:Extensions>
          </gpxtpx:TrackPointExtension>
        </extensions>
      </trkpt>
      <trkpt lat="42.886581" lon="-8.515359">
        <ele>282.7755561731298</ele>
        <time>2025-06-30T11:42:24.255Z</time>
        <extensions>
          <gpxtpx:TrackPointExtension>
            <gpxtpx:Extensions>
              <reversedirection>yes</reversedirection>
              <highway>footway</highway>
              <surface>paving_stones</surface>
            </gpxtpx:Extensions>
          </gpxtpx:TrackPointExtension>
        </extensions>
      </trkpt>
      <trkpt lat="42.886562" lon="-8.515382">
        <ele>282.91637154279823</ele>
        <time>2025-06-30T11:42:29.381Z</time>
        <extensions>
          <gpxtpx:TrackPointExtension>
            <gpxtpx:Extensions>
              <reversedirection>yes</reversedirection>
              <highway>footway</highway>
              <surface>paving_stones</surface>
            </gpxtpx:Extensions>
          </gpxtpx:TrackPointExtension>
        </extensions>
      </trkpt>
      <trkpt lat="42.886552" lon="-8.516338">
        <ele>288.4896361130065</ele>
        <time>2025-06-30T11:44:50.710Z</time>
        <extensions>
          <gpxtpx:TrackPointExtension>
            <gpxtpx:Extensions>
              <reversedirection>yes</reversedirection>
              <highway>footway</highway>
              <surface>paving_stones</surface>
            </gpxtpx:Extensions>
          </gpxtpx:TrackPointExtension>
        </extensions>
      </trkpt>
      <trkpt lat="42.886542" lon="-8.516532">
        <ele>289.12056382484786</ele>
        <time>2025-06-30T11:45:25.144Z</time>
        <extensions>
          <gpxtpx:TrackPointExtension>
            <gpxtpx:Extensions>
              <reversedirection>yes</reversedirection>
              <highway>footway</highway>
              <surface>paving_stones</surface>
            </gpxtpx:Extensions>
          </gpxtpx:TrackPointExtension>
        </extensions>
      </trkpt>
      <trkpt lat="42.88657" lon="-8.516748">
        <ele>288.8429974722917</ele>
        <time>2025-06-30T11:45:57.742Z</time>
        <extensions>
          <gpxtpx:TrackPointExtension>
            <gpxtpx:Extensions>
              <reversedirection>yes</reversedirection>
              <highway>footway</highway>
              <surface>paving_stones</surface>
            </gpxtpx:Extensions>
          </gpxtpx:TrackPointExtension>
        </extensions>
      </trkpt>
      <trkpt lat="42.886582" lon="-8.516841">
        <ele>288.73544665351596</ele>
        <time>2025-06-30T11:46:12.203Z</time>
        <extensions>
          <gpxtpx:TrackPointExtension>
            <gpxtpx:Extensions>
              <reversedirection>yes</reversedirection>
              <highway>footway</highway>
              <surface>paving_stones</surface>
            </gpxtpx:Extensions>
          </gpxtpx:TrackPointExtension>
        </extensions>
      </trkpt>
      <trkpt lat="42.886598" lon="-8.516912">
        <ele>288.7122934618377</ele>
        <time>2025-06-30T11:46:23.578Z</time>
        <extensions>
          <gpxtpx:TrackPointExtension>
            <gpxtpx:Extensions>
              <reversedirection>yes</reversedirection>
              <highway>footway</highway>
              <surface>paving_stones</surface>
            </gpxtpx:Extensions>
          </gpxtpx:TrackPointExtension>
        </extensions>
      </trkpt>
      <trkpt lat="42.886628" lon="-8.516952">
        <ele>288.6750196378469</ele>
        <time>2025-06-30T11:46:32.343Z</time>
        <extensions>
          <gpxtpx:TrackPointExtension>
            <gpxtpx:Extensions>
              <reversedirection>yes</reversedirection>
              <highway>footway</highway>
              <surface>asphalt</surface>
            </gpxtpx:Extensions>
          </gpxtpx:TrackPointExtension>
        </extensions>
      </trkpt>
      <trkpt lat="42.886629" lon="-8.51697">
        <ele>288.6813588017172</ele>
        <time>2025-06-30T11:46:35.015Z</time>
        <extensions>
          <gpxtpx:TrackPointExtension>
            <gpxtpx:Extensions>
              <reversedirection>yes</reversedirection>
              <highway>footway</highway>
              <surface>asphalt</surface>
            </gpxtpx:Extensions>
          </gpxtpx:TrackPointExtension>
        </extensions>
      </trkpt>
      <trkpt lat="42.886632" lon="-8.517002">
        <ele>288.6928338982327</ele>
        <time>2025-06-30T11:46:39.789Z</time>
        <extensions>
          <gpxtpx:TrackPointExtension>
            <gpxtpx:Extensions>
              <reversedirection>yes</reversedirection>
              <highway>footway</highway>
              <surface>asphalt</surface>
            </gpxtpx:Extensions>
          </gpxtpx:TrackPointExtension>
        </extensions>
      </trkpt>
      <trkpt lat="42.886636" lon="-8.517025">
        <ele>288.70006151320194</ele>
        <time>2025-06-30T11:46:43.294Z</time>
        <extensions>
          <gpxtpx:TrackPointExtension>
            <gpxtpx:Extensions>
              <reversedirection>yes</reversedirection>
              <highway>footway</highway>
              <surface>asphalt</surface>
            </gpxtpx:Extensions>
          </gpxtpx:TrackPointExtension>
        </extensions>
      </trkpt>
      <trkpt lat="42.88664" lon="-8.517072">
        <ele>288.7254963336753</ele>
        <time>2025-06-30T11:46:50.570Z</time>
        <extensions>
          <gpxtpx:TrackPointExtension>
            <gpxtpx:Extensions>
              <reversedirection>yes</reversedirection>
              <highway>footway</highway>
              <surface>paving_stones</surface>
            </gpxtpx:Extensions>
          </gpxtpx:TrackPointExtension>
        </extensions>
      </trkpt>
      <trkpt lat="42.886638" lon="-8.517076">
        <ele>288.7286765762613</ele>
        <time>2025-06-30T11:46:51.286Z</time>
        <extensions>
          <gpxtpx:TrackPointExtension>
            <gpxtpx:Extensions>
              <reversedirection>yes</reversedirection>
              <highway>footway</highway>
              <surface>paving_stones</surface>
            </gpxtpx:Extensions>
          </gpxtpx:TrackPointExtension>
        </extensions>
      </trkpt>
      <trkpt lat="42.886617" lon="-8.51711">
        <ele>288.76206911718566</ele>
        <time>2025-06-30T11:46:58.125Z</time>
        <extensions>
          <gpxtpx:TrackPointExtension>
            <gpxtpx:Extensions>
              <reversedirection>yes</reversedirection>
              <highway>footway</highway>
              <surface>paving_stones</surface>
            </gpxtpx:Extensions>
          </gpxtpx:TrackPointExtension>
        </extensions>
      </trkpt>
      <trkpt lat="42.886602" lon="-8.517154">
        <ele>288.79682993847047</ele>
        <time>2025-06-30T11:47:05.591Z</time>
        <extensions>
          <gpxtpx:TrackPointExtension>
            <gpxtpx:Extensions>
              <reversedirection>yes</reversedirection>
              <highway>footway</highway>
              <surface>paving_stones</surface>
            </gpxtpx:Extensions>
          </gpxtpx:TrackPointExtension>
        </extensions>
      </trkpt>
      <trkpt lat="42.886587" lon="-8.517234">
        <ele>289.10030200730586</ele>
        <time>2025-06-30T11:47:18.670Z</time>
        <extensions>
          <gpxtpx:TrackPointExtension>
            <gpxtpx:Extensions>
              <reversedirection>yes</reversedirection>
              <highway>footway</highway>
              <surface>paving_stones</surface>
            </gpxtpx:Extensions>
          </gpxtpx:TrackPointExtension>
        </extensions>
      </trkpt>
      <trkpt lat="42.886582" lon="-8.517301">
        <ele>289.34243458011287</ele>
        <time>2025-06-30T11:47:29.336Z</time>
        <extensions>
          <gpxtpx:TrackPointExtension>
            <gpxtpx:Extensions>
              <reversedirection>yes</reversedirection>
              <highway>footway</highway>
              <surface>paving_stones</surface>
            </gpxtpx:Extensions>
          </gpxtpx:TrackPointExtension>
        </extensions>
      </trkpt>
      <trkpt lat="42.886585" lon="-8.517626">
        <ele>290.1734462791582</ele>
        <time>2025-06-30T11:48:20.819Z</time>
        <extensions>
          <gpxtpx:TrackPointExtension>
            <gpxtpx:Extensions>
              <reversedirection>yes</reversedirection>
              <highway>footway</highway>
              <surface>paving_stones</surface>
            </gpxtpx:Extensions>
          </gpxtpx:TrackPointExtension>
        </extensions>
      </trkpt>
      <trkpt lat="42.886683" lon="-8.518785">
        <ele>291.4872730551454</ele>
        <time>2025-06-30T11:51:34.796Z</time>
        <extensions>
          <gpxtpx:TrackPointExtension>
            <gpxtpx:Extensions>
              <reversedirection>yes</reversedirection>
              <highway>footway</highway>
              <surface>paving_stones</surface>
            </gpxtpx:Extensions>
          </gpxtpx:TrackPointExtension>
        </extensions>
      </trkpt>
      <trkpt lat="42.886692" lon="-8.518883">
        <ele>291.471239961219</ele>
        <time>2025-06-30T11:51:50.077Z</time>
        <extensions>
          <gpxtpx:TrackPointExtension>
            <gpxtpx:Extensions>
              <reversedirection>yes</reversedirection>
              <highway>footway</highway>
              <surface>paving_stones</surface>
            </gpxtpx:Extensions>
          </gpxtpx:TrackPointExtension>
        </extensions>
      </trkpt>
      <trkpt lat="42.886736" lon="-8.519413">
        <ele>290.763752844064</ele>
        <time>2025-06-30T11:53:07.326Z</time>
        <extensions>
          <gpxtpx:TrackPointExtension>
            <gpxtpx:Extensions>
              <reversedirection>yes</reversedirection>
              <highway>footway</highway>
              <surface>paving_stones</surface>
            </gpxtpx:Extensions>
          </gpxtpx:TrackPointExtension>
        </extensions>
      </trkpt>
      <trkpt lat="42.886737" lon="-8.519415">
        <ele>290.7625479428807</ele>
        <time>2025-06-30T11:53:07.670Z</time>
        <extensions>
          <gpxtpx:TrackPointExtension>
            <gpxtpx:Extensions>
              <reversedirection>yes</reversedirection>
              <highway>footway</highway>
              <surface>asphalt</surface>
            </gpxtpx:Extensions>
          </gpxtpx:TrackPointExtension>
        </extensions>
      </trkpt>
      <trkpt lat="42.886678" lon="-8.519423">
        <ele>291.10749976215993</ele>
        <time>2025-06-30T11:53:19.615Z</time>
        <extensions>
          <gpxtpx:TrackPointExtension>
            <gpxtpx:Extensions>
              <reversedirection>yes</reversedirection>
              <highway>footway</highway>
              <surface>asphalt</surface>
            </gpxtpx:Extensions>
          </gpxtpx:TrackPointExtension>
        </extensions>
      </trkpt>
      <trkpt lat="42.886636" lon="-8.519429">
        <ele>291.41348754253795</ele>
        <time>2025-06-30T11:53:28.122Z</time>
        <extensions>
          <gpxtpx:TrackPointExtension>
            <gpxtpx:Extensions>
              <highway>footway</highway>
              <surface>paving_stones</surface>
            </gpxtpx:Extensions>
          </gpxtpx:TrackPointExtension>
        </extensions>
      </trkpt>
      <trkpt lat="42.886636" lon="-8.519434">
        <ele>291.41931296475326</ele>
        <time>2025-06-30T11:53:28.851Z</time>
        <extensions>
          <gpxtpx:TrackPointExtension>
            <gpxtpx:Extensions>
              <highway>footway</highway>
              <surface>paving_stones</surface>
            </gpxtpx:Extensions>
          </gpxtpx:TrackPointExtension>
        </extensions>
      </trkpt>
      <trkpt lat="42.886654" lon="-8.519641">
        <ele>291.61090524923094</ele>
        <time>2025-06-30T11:53:59.624Z</time>
        <extensions>
          <gpxtpx:TrackPointExtension>
            <gpxtpx:Extensions>
              <highway>footway</highway>
              <surface>paving_stones</surface>
            </gpxtpx:Extensions>
          </gpxtpx:TrackPointExtension>
        </extensions>
      </trkpt>
      <trkpt lat="42.886675" lon="-8.519825">
        <ele>291.7142238822613</ele>
        <time>2025-06-30T11:54:29.620Z</time>
      </trkpt>
    </trkseg>
  </trk>
</gpx>
